variable_name,variable_type
EMPLOYERS_ALL_STARTDATE_ORIGINAL.01~M_XRND,categorical_nominal
EMPLOYERS_ALL_STARTDATE_ORIGINAL.01~Y_XRND,year
EMPLOYERS_ALL_STARTDATE_ORIGINAL.02~M_XRND,categorical_nominal
EMPLOYERS_ALL_STARTDATE_ORIGINAL.02~Y_XRND,year
EMPLOYERS_ALL_STARTDATE_ORIGINAL.03~M_XRND,categorical_nominal
EMPLOYERS_ALL_STARTDATE_ORIGINAL.03~Y_XRND,year
EMPLOYERS_ALL_STARTDATE_ORIGINAL.04~M_XRND,categorical_nominal
EMPLOYERS_ALL_STARTDATE_ORIGINAL.04~Y_XRND,year
EMPLOYERS_ALL_STARTDATE_ORIGINAL.05~M_XRND,categorical_nominal
EMPLOYERS_ALL_STARTDATE_ORIGINAL.05~Y_XRND,year
EMPLOYERS_ALL_STARTDATE_ORIGINAL.06~M_XRND,categorical_nominal
EMPLOYERS_ALL_STARTDATE_ORIGINAL.06~Y_XRND,year
EMPLOYERS_ALL_STARTDATE_ORIGINAL.07~M_XRND,categorical_nominal
EMPLOYERS_ALL_STARTDATE_ORIGINAL.07~Y_XRND,year
EMPLOYERS_ALL_STARTDATE_ORIGINAL.08~M_XRND,categorical_nominal
EMPLOYERS_ALL_STARTDATE_ORIGINAL.08~Y_XRND,year
EMPLOYERS_ALL_STOPDATE_MOST_RECENT.01~M_XRND,categorical_nominal
EMPLOYERS_ALL_STOPDATE_MOST_RECENT.01~Y_XRND,year
EMPLOYERS_ALL_STOPDATE_MOST_RECENT.02~M_XRND,categorical_nominal
EMPLOYERS_ALL_STOPDATE_MOST_RECENT.02~Y_XRND,year
EMPLOYERS_ALL_STOPDATE_MOST_RECENT.03~M_XRND,categorical_nominal
EMPLOYERS_ALL_STOPDATE_MOST_RECENT.03~Y_XRND,year
EMPLOYERS_ALL_STOPDATE_MOST_RECENT.04~M_XRND,categorical_nominal
EMPLOYERS_ALL_STOPDATE_MOST_RECENT.04~Y_XRND,year
EMPLOYERS_ALL_STOPDATE_MOST_RECENT.05~M_XRND,categorical_nominal
EMPLOYERS_ALL_STOPDATE_MOST_RECENT.05~Y_XRND,year
EMPLOYERS_ALL_STOPDATE_MOST_RECENT.06~M_XRND,categorical_nominal
EMPLOYERS_ALL_STOPDATE_MOST_RECENT.06~Y_XRND,year
EMPLOYERS_ALL_STOPDATE_MOST_RECENT.07~M_XRND,categorical_nominal
EMPLOYERS_ALL_STOPDATE_MOST_RECENT.07~Y_XRND,year
EMPLOYERS_ALL_STOPDATE_MOST_RECENT.08~M_XRND,categorical_nominal
EMPLOYERS_ALL_STOPDATE_MOST_RECENT.08~Y_XRND,year
EMPLOYERS_ALL_WHYLEFT_MOST_RECENT.01_XRND,continuous
EMPLOYERS_ALL_WHYLEFT_MOST_RECENT.02_XRND,continuous
EMPLOYERS_ALL_WHYLEFT_MOST_RECENT.03_XRND,continuous
EMPLOYERS_ALL_WHYLEFT_MOST_RECENT.04_XRND,continuous
EMPLOYERS_ALL_WHYLEFT_MOST_RECENT.05_XRND,continuous
EMPLOYERS_ALL_WHYLEFT_MOST_RECENT.06_XRND,continuous
EMPLOYERS_ALL_UID.01_XRND,continuous
EMPLOYERS_ALL_UID.02_XRND,continuous
EMPLOYERS_ALL_UID.03_XRND,continuous
EMPLOYERS_ALL_UID.04_XRND,continuous
EMPLOYERS_ALL_UID.05_XRND,continuous
EMPLOYERS_ALL_UID.06_XRND,continuous
EMPLOYERS_ALL_UID.07_XRND,continuous
EMPLOYERS_ALL_UID.08_XRND,continuous
EMPLOYERS_ALL_WHYLEFT_MOST_RECENT_COL.01_XRND,categorical_nominal
EMPLOYERS_ALL_WHYLEFT_MOST_RECENT_COL.02_XRND,categorical_nominal
EMPLOYERS_ALL_WHYLEFT_MOST_RECENT_COL.03_XRND,categorical_nominal
EMPLOYERS_ALL_WHYLEFT_MOST_RECENT_COL.04_XRND,categorical_nominal
EMPLOYERS_ALL_WHYLEFT_MOST_RECENT_COL.05_XRND,categorical_nominal
EMPLOYERS_ALL_WHYLEFT_MOST_RECENT_COL.06_XRND,categorical_nominal
JUL93-RECIP-FILL_REVISED_XRND,year
AUG93-RECIP-FILL_REVISED_XRND,year
SEP93-RECIP-FILL_REVISED_XRND,year
JUL94-RECIP-FILL_REVISED_XRND,year
AUG94-RECIP-FILL_REVISED_XRND,year
SEP94-RECIP-FILL_REVISED_XRND,year
OCT94-RECIP-FILL_REVISED_XRND,year
NOV94-RECIP-FILL_REVISED_XRND,year
JUN96-RECIP-FILL_REVISED_XRND,year
JUL96-RECIP-FILL_REVISED_XRND,year
AUG96-RECIP-FILL_REVISED_XRND,year
SEP96-RECIP-FILL_REVISED_XRND,year
OCT96-RECIP-FILL_REVISED_XRND,year
MAY98-RECIP-FILL_REVISED_XRND,year
JUN98-RECIP-FILL_REVISED_XRND,year
JUL98-RECIP-FILL_REVISED_XRND,year
AUG98-RECIP-FILL_REVISED_XRND,year
SEP98-RECIP-FILL_REVISED_XRND,year
OCT98-RECIP-FILL_REVISED_XRND,year
NOV98-RECIP-FILL_REVISED_XRND,year
DEC98-RECIP-FILL_REVISED_XRND,year
JAN99-RECIP-FILL_REVISED_XRND,year
FEB99-RECIP-FILL_REVISED_XRND,year
MAR99-RECIP-FILL_REVISED_XRND,year
APR99-RECIP-FILL_REVISED_XRND,year
MAY99-RECIP-FILL_REVISED_XRND,year
JUN99-RECIP-FILL_REVISED_XRND,year
JUL99-RECIP-FILL_REVISED_XRND,year
AUG99-RECIP-FILL_REVISED_XRND,year
SEP99-RECIP-FILL_REVISED_XRND,year
OCT99-RECIP-FILL_REVISED_XRND,year
NOV99-RECIP-FILL_REVISED_XRND,year
DEC99-RECIP-FILL_REVISED_XRND,year
JAN00-RECIP-FILL_REVISED_XRND,year
FEB00-RECIP-FILL_REVISED_XRND,year
MAR00-RECIP-FILL_REVISED_XRND,year
APR00-RECIP-FILL_REVISED_XRND,year
MAY00-RECIP-FILL_REVISED_XRND,year
JUN00-RECIP-FILL_REVISED_XRND,year
JUL00-RECIP-FILL_REVISED_XRND,year
AUG00-RECIP-FILL_REVISED_XRND,year
SEP00-RECIP-FILL_REVISED_XRND,year
OCT00-RECIP-FILL_REVISED_XRND,year
NOV00-RECIP-FILL_REVISED_XRND,year
DEC00-RECIP-FILL_REVISED_XRND,year
JAN01-RECIP-FILL_REVISED_XRND,year
FEB01-RECIP-FILL_REVISED_XRND,year
MAR01-RECIP-FILL_REVISED_XRND,year
APR01-RECIP-FILL_REVISED_XRND,year
MAY01-RECIP-FILL_REVISED_XRND,year
JUN01-RECIP-FILL_REVISED_XRND,year
JUL01-RECIP-FILL_REVISED_XRND,year
AUG01-RECIP-FILL_REVISED_XRND,year
SEP01-RECIP-FILL_REVISED_XRND,year
OCT01-RECIP-FILL_REVISED_XRND,year
NOV01-RECIP-FILL_REVISED_XRND,year
DEC01-RECIP-FILL_REVISED_XRND,year
JAN02-RECIP-FILL_REVISED_XRND,year
FEB02-RECIP-FILL_REVISED_XRND,year
MAR02-RECIP-FILL_REVISED_XRND,year
APR02-RECIP-FILL_REVISED_XRND,year
MAY02-RECIP-FILL_REVISED_XRND,year
JUN02-RECIP-FILL_REVISED_XRND,year
JUL02-RECIP-FILL_REVISED_XRND,year
AUG02-RECIP-FILL_REVISED_XRND,year
SEP02-RECIP-FILL_REVISED_XRND,year
OCT02-RECIP-FILL_REVISED_XRND,year
NOV02-RECIP-FILL_REVISED_XRND,year
DEC02-RECIP-FILL_REVISED_XRND,year
JAN03-RECIP-FILL_XRND,year
FEB03-RECIP-FILL_XRND,year
MAR03-RECIP-FILL_XRND,year
APR03-RECIP-FILL_XRND,year
MAY03-RECIP-FILL_XRND,year
JUN03-RECIP-FILL_XRND,year
JUL03-RECIP-FILL_XRND,year
AUG03-RECIP-FILL_XRND,year
SEP03-RECIP-FILL_XRND,year
OCT03-RECIP-FILL_XRND,year
NOV03-RECIP-FILL_XRND,year
DEC03-RECIP-FILL_XRND,year
JAN04-RECIP-FILL_XRND,year
FEB04-RECIP-FILL_XRND,year
MAR04-RECIP-FILL_XRND,year
APR04-RECIP-FILL_XRND,year
MAY04-RECIP-FILL_XRND,year
JUN04-RECIP-FILL_XRND,year
JUL04-RECIP-FILL_XRND,year
AUG04-RECIP-FILL_XRND,year
SEP04-RECIP-FILL_XRND,year
OCT04-RECIP-FILL_XRND,year
NOV04-RECIP-FILL_XRND,year
DEC04-RECIP-FILL_XRND,year
JAN05-RECIP-FILL_XRND,year
FEB05-RECIP-FILL_XRND,year
MAR05-RECIP-FILL_XRND,year
APR05-RECIP-FILL_XRND,year
MAY05-RECIP-FILL_XRND,year
JUN05-RECIP-FILL_XRND,year
JUL05-RECIP-FILL_XRND,year
AUG05-RECIP-FILL_XRND,year
SEP05-RECIP-FILL_XRND,year
OCT05-RECIP-FILL_XRND,year
NOV05-RECIP-FILL_XRND,year
DEC05-RECIP-FILL_XRND,year
JAN06-RECIP-FILL_XRND,year
FEB06-RECIP-FILL_XRND,year
MAR06-RECIP-FILL_XRND,year
APR06-RECIP-FILL_XRND,year
MAY06-RECIP-FILL_XRND,year
JUN06-RECIP-FILL_XRND,year
JUL06-RECIP-FILL_XRND,year
AUG06-RECIP-FILL_XRND,year
SEP06-RECIP-FILL_XRND,year
OCT06-RECIP-FILL_XRND,year
NOV06-RECIP-FILL_XRND,year
DEC06-RECIP-FILL_XRND,year
JAN07-RECIP-FILL_XRND,year
FEB08-RECIP-FILL_XRND,year
MAR08-RECIP-FILL_XRND,year
APR08-RECIP-FILL_XRND,year
MAY08-RECIP-FILL_XRND,year
JUN08-RECIP-FILL_XRND,year
JUL08-RECIP-FILL_XRND,year
AUG08-RECIP-FILL_XRND,year
SEP08-RECIP-FILL_XRND,year
OCT08-RECIP-FILL_XRND,year
NOV08-RECIP-FILL_XRND,year
DEC08-RECIP-FILL_XRND,year
JAN09-RECIP-FILL_XRND,year
FEB09-RECIP-FILL_XRND,year
MAR09-RECIP-FILL_XRND,year
JAN10-RECIP-FILL_XRND,year
FEB10-RECIP-FILL_XRND,year
MAR10-RECIP-FILL_XRND,year
APR10-RECIP-FILL_XRND,year
MAY10-RECIP-FILL_XRND,year
JUN10-RECIP-FILL_XRND,year
JUL10-RECIP-FILL_XRND,year
AUG10-RECIP-FILL_XRND,year
SEP10-RECIP-FILL_XRND,year
OCT10-RECIP-FILL_XRND,year
NOV10-RECIP-FILL_XRND,year
DEC10-RECIP-FILL_XRND,year
JAN11-RECIP-FILL_XRND,year
FEB11-RECIP-FILL_XRND,year
MAR11-RECIP-FILL_XRND,year
APR11-RECIP-FILL_XRND,year
MAY11-RECIP-FILL_XRND,year
JUN11-RECIP-FILL_XRND,year
JUL11-RECIP-FILL_XRND,year
AUG11-RECIP-FILL_XRND,year
SEP11-RECIP-FILL_XRND,year
OCT11-RECIP-FILL_XRND,year
NOV11-RECIP-FILL_XRND,year
DEC11-RECIP-FILL_XRND,year
JAN12-RECIP-FILL_XRND,year
FEB12-RECIP-FILL_XRND,year
MAR12-RECIP-FILL_XRND,year
APR12-RECIP-FILL_XRND,year
MAY12-RECIP-FILL_XRND,year
JUN12-RECIP-FILL_XRND,year
JUL12-RECIP-FILL_XRND,year
AUG12-RECIP-FILL_XRND,year
SEP12-RECIP-FILL_XRND,year
OCT12-RECIP-FILL_XRND,year
NOV12-RECIP-FILL_XRND,year
DEC12-RECIP-FILL_XRND,year
JAN13-RECIP-FILL_XRND,year
FEB13-RECIP-FILL_XRND,year
MAR13-RECIP-FILL_XRND,year
APR13-RECIP-FILL_XRND,year
MAY13-RECIP-FILL_XRND,year
JUN13-RECIP-FILL_XRND,year
JUL13-RECIP-FILL_XRND,year
AUG13-RECIP-FILL_XRND,year
SEP13-RECIP-FILL_XRND,year
OCT13-RECIP-FILL_XRND,year
NOV13-RECIP-FILL_XRND,year
DEC13-RECIP-FILL_XRND,year
JAN14-RECIP-FILL_XRND,year
FEB14-RECIP-FILL_XRND,year
MAR14-RECIP-FILL_XRND,year
APR14-RECIP-FILL_XRND,year
MAY14-RECIP-FILL_XRND,year
JUN14-RECIP-FILL_XRND,year
JUL14-RECIP-FILL_XRND,year
AUG14-RECIP-FILL_XRND,year
SEP14-RECIP-FILL_XRND,year
OCT14-RECIP-FILL_XRND,year
NOV14-RECIP-FILL_XRND,year
DEC14-RECIP-FILL_XRND,year
H40-SOURCEYR_XRND,categorical_nominal
H40-CESD~000001_XRND,categorical_ordinal
H40-CESD~000003_XRND,categorical_ordinal
H40-CESD~000004_XRND,categorical_ordinal
H40-CESD~000005_XRND,categorical_ordinal
H40-CESD~000006_XRND,categorical_ordinal
H40-CESD~000008_XRND,categorical_ordinal
H40-CESD~000009_XRND,categorical_ordinal
H40-CESD_SCORE_7_ITEM_XRND,continuous
CESD_IRT_SCORE_7_ITEM_XRND,continuous
CESD_IRT_STANDARD_ERROR_7_ITEM_XRND,continuous
H40-HMNT-1A~M_XRND,categorical_nominal
H40-HMNT-1A~Y_XRND,continuous
H40-HMNT-2_XRND,binary
H40-HMNT-2A~M_XRND,categorical_nominal
H40-HMNT-2A~Y_XRND,continuous
H40-BPAR-1_XRND,binary
H40-BPAR-4_XRND,binary
H40-BPAR-6_XRND,binary
H40-BPAR-9_XRND,binary
H40-SF12_PCS_SCORE_XRND,continuous
H40-SF12_MCS_SCORE_XRND,continuous
H40-SF12-2_XRND,categorical_ordinal
H40-SF12-3_XRND,categorical_ordinal
H40-SF12-3B_XRND,categorical_ordinal
H40-SF12-4_XRND,binary
H40-SF12-4B_XRND,binary
H40-SF12-5_XRND,binary
H40-SF12-5B_XRND,binary
H40-SF12-6_XRND,categorical_ordinal
H40-SF12-7_XRND,categorical_ordinal
H40-SF12-7B_XRND,categorical_ordinal
H40-SF12-7C_XRND,categorical_ordinal
H40-SF12-8_XRND,categorical_ordinal
H40-CHRC-1_XRND,binary
H40-CHRC-2_XRND,binary
H40-CHRC-8_XRND,binary
H40-CHRC-9_XRND,binary
H40-CHRC-9B_XRND,binary
H40-CHRC-10A_XRND,binary
H40-CHRC-10B_XRND,binary
H40-CHRC-10C_XRND,binary
H40-CHRC-10E_XRND,binary
H40-CHRC-10F_XRND,binary
H40-CHRC-10G_XRND,binary
H40-CHRC-10H_XRND,binary
H40-CHRC-10I_XRND,binary
H40-CHRC-10J_XRND,binary
H40-CHRC-10K_XRND,binary
H40-CHRC-10L_XRND,binary
H40-CHRC-10P_XRND,binary
H40-CHRC-10R_XRND,binary
H40-CHRC-10S_XRND,binary
H40-CHRC-10BB_XRND,binary
H40-CHRC-10GG_XRND,binary
H40-CHRC-10GH_XRND,binary
H40-CHRC-11_XRND,binary
H40-CHRC-12_XRND,binary
H40-CHRC-14_XRND,binary
H40-CHRC-15_XRND,binary
H40-CHRC-16_XRND,categorical_ordinal
H40-CHRC-18_XRND,categorical_ordinal
H50-SOURCEYR_XRND,categorical_nominal
H50-CESD_SCORE_7_ITEM_XRND,continuous
H50CESD~000001_XRND,categorical_ordinal
H50CESD~000002_XRND,categorical_ordinal
H50CESD~000003_XRND,categorical_ordinal
H50CESD~000004_XRND,categorical_ordinal
H50CESD~000005_XRND,categorical_ordinal
H50CESD~000006_XRND,categorical_ordinal
H50CESD~000007_XRND,categorical_ordinal
H50CESD~000008_XRND,categorical_ordinal
H50CESD~000009_XRND,categorical_ordinal
H50BPARCHK1_XRND,binary
H50BPARCHK2_XRND,binary
H50BPAR-6_XRND,binary
H50BPAR-9_XRND,binary
H50-SF12_PCS_SCORE_XRND,continuous
H50-SF12_MCS_SCORE_XRND,continuous
H50SF12-2_XRND,categorical_ordinal
H50SF12-3_XRND,categorical_ordinal
H50SF12-3B_XRND,categorical_ordinal
H50SF12-4_XRND,binary
H50SF12-4B_XRND,binary
H50SF12-5_XRND,binary
H50SF12-5B_XRND,binary
H50SF12-6_XRND,categorical_ordinal
H50SF12-7_XRND,categorical_ordinal
H50SF12-7B_XRND,categorical_ordinal
H50SF12-7C_XRND,categorical_ordinal
H50SF12-8_XRND,categorical_ordinal
H50CHRC_CHK1_XRND,binary
H50CHRC-1_XRND,binary
H50CHRC-2_XRND,binary
H50CHRC_CHK3_XRND,binary
H50CHRC-5_XRND,binary
H50CHRC-7B_XRND,binary
H50CHRC_CHK6_XRND,binary
H50CHRC_CHK7_XRND,binary
H50CHRC-9_XRND,binary
H50CHRC-9B_XRND,binary
H50FL-1_XRND,binary
H50FL-2~000001_XRND,categorical_ordinal
H50FL-2~000002_XRND,categorical_ordinal
H50FL-2~000003_XRND,categorical_ordinal
H50FL-2~000004_XRND,categorical_ordinal
H50FL-2~000005_XRND,categorical_ordinal
H50FL-2~000006_XRND,categorical_ordinal
H50FL-2~000007_XRND,categorical_ordinal
H50FL-2~000008_XRND,categorical_ordinal
H50FL-2~000009_XRND,categorical_ordinal
H50FL-2~000010_XRND,categorical_ordinal
H50FL-2~000011_XRND,categorical_ordinal
H50FL-2~000012_XRND,categorical_ordinal
H50SLP-1_XRND,continuous
H50SLP-1B_XRND,continuous
H50SLP-2_XRND,continuous
H50SLP-2B_XRND,continuous
H50SLP-3_XRND,continuous
H50SLP-3B_XRND,continuous
H50SLP-4_XRND,continuous
H50SLP-5~000001_XRND,categorical_ordinal
H50SLP-5~000002_XRND,categorical_ordinal
H50SLP-5~000003_XRND,categorical_ordinal
H50SLP-5~000004_XRND,categorical_ordinal
H50OPEN-1_XRND,binary
CASEID_1979,categorical_nominal
HHID_1979,continuous
Q1-3_A~M_1979,continuous
Q1-3_A~Y_1979,continuous
FAM-1B_1979,continuous
FAM-2A_1979,binary
FAM-POB_1979,binary
FAM-3_1979,binary
FAM-4_1979,binary
FAM-RES_1979,binary
FAM-6_1979,categorical_nominal
FAM-7_1979,continuous
FAM-9_1979,binary
FAM-11_1979,binary
FAM-13A_1979,binary
FAM-13B_1979,binary
FAM-13C_1979,binary
FAM-14_1979,binary
FAM-15_1979,categorical_ordinal
HGC-MOTHER_1979,continuous
FAM-17_1979,binary
FAM-19_1979,categorical_ordinal
FAM-20_1979,binary
FAM-21_1979,categorical_ordinal
FAM-22_1979,binary
HGC-FATHER_1979,continuous
FAM-24_1979,binary
FAM-26_1979,categorical_ordinal
FAM-27_1979,binary
FAM-28A_1979,continuous
FAM-28B_1979,continuous
FAM-28C_1979,continuous
FAM-30_1_1979,continuous
R_REL-1_COL_1979,categorical_nominal
R_REL-1_1979,categorical_nominal
R_REL-2_COL_1979,categorical_nominal
R_REL-2_1979,categorical_nominal
R_REL-3_1979,categorical_ordinal
MAR-1_1979,categorical_ordinal
FER-1A_1979,continuous
FER-1B_1979,continuous
Q9-72_1979,binary
FER-3_1979,continuous
FER-4_Y_1979,continuous
Q3-1B_1979,binary
Q3-3_1979,continuous
Q3-4_1979,continuous
SCHSUR-1_1979,binary
SCHOOL-10_1979,binary
SCHOOL-11_M_1979,continuous
SCHOOL-11_Y_1979,continuous
SCHOOL-12_1979,binary
SCHOOL-15_1979,binary
SCHOOL-16_000001_1979,categorical_ordinal
SCHOOL-16_000002_1979,categorical_ordinal
SCHOOL-16_000003_1979,categorical_ordinal
SCHOOL-16_000004_1979,categorical_ordinal
SCHOOL-17_1979,categorical_nominal
SCHOOL-21_1979,categorical_ordinal
SCHOOL-30_1979,categorical_ordinal
SCHOOL-31_1979,categorical_ordinal
SCHOOL-32_1979,categorical_ordinal
PAY-2_1979,binary
PAY-2A_000001_1979,binary
PAY-2B_000001_1979,binary
PAY-2B_000002_1979,binary
PAY-2C_000001_1979,binary
PAY-2C_000002_1979,binary
PAY-2D_000001_1979,binary
PAY-2E_000001_1979,binary
PAY-2E_000002_1979,binary
PAY-2F_000001_1979,binary
PAY-2G_000001_1979,binary
WOW-1A_1979,categorical_nominal
WOW-1B_1979,categorical_nominal
WOW-1C_1979,categorical_nominal
WOW-1D_1979,categorical_nominal
WOW-1E_1979,categorical_nominal
WOW-1F_1979,categorical_nominal
WOW-1G_1979,categorical_nominal
WOW-1H_1979,categorical_nominal
WOW-1I_1979,categorical_nominal
WOW-2_1979,binary
WOW-2A_1979,binary
WOW-2B_1979,binary
WOW-2C_1979,binary
WOW-2D_1979,binary
WOW-2E_1979,binary
WOW-2F_1979,binary
WOW-3_1979,binary
WOW-4_1979,binary
MIL-1_1979,binary
MIL-72_1979,categorical_ordinal
MIL-73_1979,categorical_nominal
Q6-1_1979,categorical_ordinal
ONJOBS-1_1979,binary
CPSMIL_1979,binary
ONJOBS-10_1979,binary
ONJOBS-11_1979,binary
ONJOBS-14_1979,binary
ONJOBS-17_1979,binary
ONJOBS-21_1979,binary
ONJOBS-24_1979,binary
ONJOBS-25_1979,binary
ONJOBS-26_1979,binary
LAST-2A_1979,binary
WORK-1_1979,binary
WORK-5_1979,binary
GOVT-1_1979,binary
Q8-AGE-1_1979,binary
Q8-18_1979,binary
TRN-7_1979,binary
TRN-8_1979,binary
TRN-9_1979,binary
NAW-1A_1979,binary
NAW-1B_1979,binary
Q11-2_1979,binary
OTHER-1_1979,binary
RES-2_1979,categorical_nominal
RES-2A_1979,binary
ROTTER_SCORE_1979,continuous
WOMENS-ROLES_000001_1979,categorical_ordinal
WOMENS-ROLES_000002_1979,categorical_ordinal
WOMENS-ROLES_000003_1979,categorical_ordinal
WOMENS-ROLES_000004_1979,categorical_ordinal
WOMENS-ROLES_000005_1979,categorical_ordinal
WOMENS-ROLES_000006_1979,categorical_ordinal
WOMENS-ROLES_000007_1979,categorical_ordinal
WOMENS-ROLES_000008_1979,categorical_ordinal
INCOME-1C_1_1979,binary
INCOME-1C_2_1979,binary
INCOME-1C_3_1979,binary
INCOME-1C_4_1979,binary
INCOME-1C_5_1979,binary
INCOME-27A_1979,binary
EXP-1_1979,categorical_nominal
EXP-OCC_1979,categorical_nominal
EXP-3_1979,categorical_ordinal
EXP-4A_1979,binary
EXP-4B_1979,binary
EXP-4D_1979,binary
EXP-5_1979,binary
EXP-6_1979,binary
EXP-7_1979,binary
EXP-8_1979,categorical_ordinal
EXP-9_1979,binary
EXP-10_1979,binary
EXP-10A_1979,continuous
TIME-MIN_1979,continuous
CURDATE~M_1979,continuous
Q15-1_1979,categorical_ordinal
Q15-4_1979,categorical_ordinal
Q15-5_1979,categorical_ordinal
Q15-6_1979,binary
INTCHARS_INT_ID_1979,continuous
INTCHARS_RACE_1979,categorical_nominal
INTCHARS_SEX_1979,binary
INTCHARS_AGE_1979,continuous
INTCHARS_EDUCATION_1979,categorical_ordinal
SAMPLE_ID_1979,categorical_nominal
HHI-2_1979,categorical_nominal
HHI-7_78SCRN,continuous
HHINEW1_1979,binary
HHI_FINAL_LINENUM.01_1979,continuous
HHI_FINAL_RELCODE_HEAD.01_1979,continuous
HHI_FINAL_GENCODE.01_1979,binary
HHI_FINAL_AGE.01_1979,continuous
HHI_FINAL_GRADECODE.01_1979,continuous
HHI_FINAL_WORK.01_1979,binary
HHINEW2_1979,binary
HHI_FINAL_LINENUM.02_1979,continuous
HHI_FINAL_RELCODE_HEAD.02_1979,continuous
HHI_FINAL_GENCODE.02_1979,binary
HHI_FINAL_RELCODE.02_1979,continuous
HHI_FINAL_AGE.02_1979,continuous
HHI_FINAL_GRADECODE.02_1979,continuous
HHI_FINAL_WORK.02_1979,binary
HHINEW3_1979,binary
HHI_FINAL_LINENUM.03_1979,continuous
HHI_FINAL_RELCODE_HEAD.03_1979,continuous
HHI_FINAL_GENCODE.03_1979,binary
HHI_FINAL_RELCODE.03_1979,continuous
HHI_FINAL_AGE.03_1979,continuous
HHI_FINAL_GRADECODE.03_1979,continuous
HHI_FINAL_WORK.03_1979,binary
HHINEW4_1979,binary
HHINEW5_1979,binary
HHINEW6_1979,binary
HHINEW7_1979,binary
HHI-24_1979,categorical_nominal
HHI-28_1979,continuous
HHI-29_1979,continuous
HHI-33_1979,categorical_nominal
Q15-12_1979,continuous
HHI-36A_1979,binary
HHI-36B_1979,binary
HHI-36C_1979,binary
HHI-36D_1979,binary
HHI-36E_1979,binary
HHI-36F_1979,binary
HHI-36G_1979,binary
HHI-36H_1979,binary
HHI-36I_1979,binary
HHI-36J_1979,binary
HHI-36K_1979,binary
HHS-1_78SCRN,categorical_nominal
HHS-5_78SCRN,binary
HHS-6_78SCRN,categorical_nominal
HHS-7_M_78SCRN,continuous
HHS-9_78SCRN,categorical_nominal
HHS-10_78SCRN,binary
HHS-TNFI_TRUNC_78SCRN,continuous
RURAL_78SCRN,binary
HHS-15_78SCRN,categorical_nominal
HHI_SCREENER_GENCODE.01_78SCRN,binary
HHI_SCREENER_AGE.01_78SCRN,continuous
HHI_SCREENER_MARITAL_STATUS.01_78SCRN,categorical_ordinal
HHI_SCREENER_RACE.01_78SCRN,categorical_nominal
HHI_SCREENER_ETHNICITY.01_78SCRN,categorical_nominal
HHI_SCREENER_SPANISH_INHH.01_78SCRN,binary
HHI_SCREENER_SPANISH_SURNAME.01_78SCRN,binary
HHI_SCREENER_RELCODE_HEAD.02_78SCRN,continuous
HHI_SCREENER_GENCODE.02_78SCRN,binary
HHI_SCREENER_AGE.02_78SCRN,continuous
HHI_SCREENER_MARITAL_STATUS.02_78SCRN,categorical_ordinal
HHI_SCREENER_RACE.02_78SCRN,categorical_nominal
HHI_SCREENER_ETHNICITY.02_78SCRN,categorical_nominal
HHI_SCREENER_SPANISH_INHH.02_78SCRN,binary
HHI_SCREENER_SPANISH_SURNAME.02_78SCRN,binary
HHI_SCREENER_RELCODE_HEAD.03_78SCRN,continuous
HHI_SCREENER_GENCODE.03_78SCRN,binary
HHI_SCREENER_AGE.03_78SCRN,continuous
HHI_SCREENER_BIRTHDATE.03~M_78SCRN,continuous
HHI_SCREENER_BIRTHDATE.03~Y_78SCRN,year
HHI_SCREENER_RACE.03_78SCRN,categorical_nominal
HHI_SCREENER_ETHNICITY.03_78SCRN,categorical_nominal
HHI_SCREENER_SPANISH_INHH.03_78SCRN,binary
HHI_SCREENER_SPANISH_SURNAME.03_78SCRN,binary
SAMPLE_RACE_78SCRN,categorical_nominal
SAMPLE_SEX_1979,binary
ESR_KEY_1979,categorical_nominal
ESR_COL_1979,categorical_nominal
URBAN-RURAL_1979,binary
SMSARES_1979,categorical_nominal
WKSWK-SLI_1979,continuous
WKSUNACCT-SLI_1979,continuous
WKSSINCELI_1979,continuous
WKSWK-PCY_1979,continuous
WKSUNACCT-PCY_1979,continuous
JOBSNUM_1979,continuous
SAMPWEIGHT_1979,continuous
C_SAMPWEIGHT_1979,continuous
REGION_1979,categorical_nominal
AGEATINT_1979,continuous
ENROLLMTREV79_1979,categorical_ordinal
HGCREV79_1979,continuous
MARSTAT-COL_1979,categorical_ordinal
MARSTAT-KEY_1979,categorical_ordinal
FAMSIZE_1979,continuous
TNFI_TRUNC_1979,continuous
POVSTATUS_1979,binary
POVSTATUS_OLDSTND_1979,binary
FLPOVSTAT_1979,categorical_nominal
NUMCH79_1979,continuous
NUMSPPTR79_XRND,binary
FAM-1B_1980,continuous
FAM-2_1980,binary
FAM-2A_1980,binary
FAM-17_1980,binary
FAM-19_1980,categorical_ordinal
FAM-24_1980,binary
FAM-26_1980,categorical_ordinal
Q2-3A_1980,binary
MAR-1A_1980,binary
Q9-69_1980,binary
SCHOOL-1_1980,binary
Q3-1_1980,binary
SCHDIS-1_1980,binary
SCHDIS-3_1980,binary
MIL-65_1980,binary
MIL-66_1980,binary
MIL-72_1980,categorical_ordinal
MIL-73_1980,categorical_nominal
Q6-1_1980,categorical_ordinal
ONJOBS-1_1980,binary
CPSMIL_1980,binary
ONJOBS-6_1980,binary
ONJOBS-15_1980,binary
ONJOBS-17_1980,binary
ALLDLI_1980,binary
QES-B_1980,continuous
ONJOBS-42_1980,binary
ONJOBS-43_1980,binary
GOVT-1_1980,binary
Q8-18_0_1980,binary
DEGREE-2_1980,binary
Q11-2_1980,binary
ROSENBERG_ESTEEM~000001_1980,categorical_ordinal
ROSENBERG_ESTEEM~000002_1980,categorical_ordinal
ROSENBERG_ESTEEM~000003_1980,categorical_ordinal
ROSENBERG_ESTEEM~000004_1980,categorical_ordinal
ROSENBERG_ESTEEM~000005_1980,categorical_ordinal
ROSENBERG_ESTEEM~000006_1980,categorical_ordinal
ROSENBERG_ESTEEM~000007_1980,categorical_ordinal
ROSENBERG_ESTEEM~000008_1980,categorical_ordinal
ROSENBERG_ESTEEM~000009_1980,categorical_ordinal
ROSENBERG_ESTEEM~000010_1980,categorical_ordinal
ROSENBERG_ESTEEM_SCORE_1980,continuous
ROSENBERG_IRT_SCORE_1980,continuous
ROSENBERG_ZSCORECW_1980,continuous
ROSENBERG_ZSCORECW_PERCENTILE_1980,continuous
DELIN-AGE_1980,categorical_ordinal
DELIN-4_1980,categorical_ordinal
DELIN-5_1980,categorical_ordinal
DELIN-6_1980,categorical_ordinal
DELIN-7_1980,categorical_ordinal
DELIN-8_1980,categorical_ordinal
DELIN-10_1980,categorical_ordinal
DELIN-11_1980,categorical_ordinal
DELIN-12_1980,categorical_ordinal
DELIN-13_1980,categorical_ordinal
DELIN-14_1980,categorical_ordinal
DELIN-16_1980,categorical_ordinal
DELIN-17_1980,categorical_ordinal
DELIN-18_1980,categorical_ordinal
DELIN-19_1980,categorical_ordinal
DELIN-21_1980,categorical_ordinal
POLICE-1_1980,binary
POLICE-2_1980,binary
POLICE-5_1980,binary
INCOME-1C_2_1980,binary
INCOME-27A_1980,binary
EXP-1_1980,categorical_nominal
Q13INT-TIME_1980,continuous
CURDATE~M_1980,continuous
Q15-1_1980,categorical_ordinal
Q15-4_1980,categorical_ordinal
Q15-5_1980,categorical_ordinal
Q15-6_1980,binary
HHI-29_1980,continuous
HHI-33_1980,continuous
Q15-12_1980,continuous
INTCHARS_INT_ID_1980,continuous
INTCHARS_YRSINTR_1980,continuous
INTCHARS_RACE_1980,categorical_nominal
INTCHARS_SEX_1980,binary
INTCHARS_AGE_1980,continuous
INTCHARS_EDUCATION_1980,categorical_ordinal
LINTDATE_M_1980,continuous
MARSTAT_1980,categorical_ordinal
NUMKID80_1980,continuous
HGC_LI_1980,continuous
DIPLOMAGED_1980,binary
HHR_LI_1980,categorical_nominal
ADDRESS_1980,binary
URBAN-RURAL_1980,binary
SMSARES_1980,categorical_nominal
HHI_FINAL_GENCODE.01_1980,binary
HHI_FINAL_RELCODE.01_1980,continuous
HHI_FINAL_AGE.01_1980,continuous
HHI_FINAL_GRADECODE.01_1980,continuous
HHI_FINAL_WORK.01_1980,binary
HHI_FINAL_GENCODE.02_1980,binary
HHI_FINAL_RELCODE.02_1980,continuous
HHI_FINAL_AGE.02_1980,continuous
HHI_FINAL_GRADECODE.02_1980,continuous
HHI_FINAL_WORK.02_1980,binary
HHI_FINAL_GENCODE.03_1980,binary
HHI_FINAL_RELCODE.03_1980,continuous
HHI_FINAL_AGE.03_1980,continuous
HHI-24_1980,categorical_nominal
HH5-10_1980,binary
SAMPWEIGHT_1980,continuous
C_SAMPWEIGHT_1980,continuous
FAMSIZE_1980,continuous
MARSTAT-COL_1980,categorical_ordinal
MARSTAT-KEY_1980,categorical_ordinal
REGION_1980,categorical_nominal
TNFI_TRUNC_1980,continuous
POVSTATUS_1980,binary
POVSTATUS_OLDSTND_1980,binary
ESR_KEY_1980,categorical_nominal
ESR_COL_1980,categorical_nominal
HGCREV80_1980,continuous
ENROLLMTREV80_1980,categorical_ordinal
AGEATINT_1980,continuous
DOI_EMPLOYED_1980,binary
WKSSINCELI_1980,continuous
WKSWK-SLI_1980,continuous
HRSWK-SLI_1980,continuous
WKSUEMP-SLI_1980,continuous
WKSOLF-SLI_1980,continuous
JOBSNUM_1980,continuous
NUMCH80_1980,continuous
NUMSPPTR80_XRND,categorical_ordinal
Q1-3_A~M_1981,continuous
Q1-3_A~Y_1981,continuous
FAM-1B_1981,continuous
FAM-SINCELI_1981,continuous
FAM-WKSWK_1981,continuous
FAM-ACCTWKS_1981,binary
Q2-3A_1981,binary
MAR-1A_1981,binary
Q9-69_1981,binary
Q3-1_1981,binary
SCHOOL-30_1981,categorical_ordinal
SCHOOL-31_1981,categorical_ordinal
DEGREE-2_1981,binary
MIL-65_1981,binary
MIL-66_1981,binary
MIL-72_1981,categorical_ordinal
MIL-73_1981,categorical_nominal
Q6-1_1981,categorical_ordinal
CPSMIL_1981,binary
ONJOBS-6_1981,binary
ONJOBS-17_1981,binary
ALLDLI_1981,binary
QES-B_1981,continuous
ONJOBS-43_1981,binary
Q7-7_1981,binary
GOVT-1_1981,binary
Q8-18_0_1981,binary
Q11-2_1981,binary
HEALTH-HEIGHT_1981,continuous
Q11-9_1981,continuous
INCOME-1C_2_1981,binary
Q13-10_1981,binary
Q13-2_1981,binary
Q13-5_1981,continuous
INCOME-4A_1981,binary
INCOME-5_1981,binary
Q13F-43A_1981,binary
Q13-60_1981,binary
Q13-61_1981,binary
Q13-74_1981,binary
INCOME-14_1981,categorical_nominal
INCOME-18_1981,binary
INCOME-19_1981,binary
INCOME-21_1981,binary
INCOME-22_1981,binary
INCOME-27A_1981,binary
TIMEUSEWK-1_1981,binary
TIMEUSESCH-1_1981,binary
SRCH-1_1981,binary
TIMEUSESLP-1_000001_1981,continuous
TIMEUSESLP-1_000002_1981,continuous
TIMEUSESLP-1_000003_1981,continuous
TIMEUSESLP-1_000004_1981,continuous
TIMEUSESLP-1_000005_1981,continuous
TIMEUSESLP-1_000006_1981,continuous
TIMEUSESLP-1_000007_1981,continuous
TIMEUSESLP-1B_1981,continuous
TIMEUSETV-2_HRS_1981,continuous
TIMEUSECHORES-1_1981,binary
TIMEUSECHORES-2A_1981,categorical_ordinal
TIMEUSECHORES-2B_1981,categorical_ordinal
TIMEUSECHORES-2C_1981,categorical_ordinal
TIMEUSECHORES-2D_1981,categorical_ordinal
TIMEUSECHORES-2E_1981,categorical_ordinal
TIMEUSECHORES-2F_1981,categorical_ordinal
TIMEUSECHORES-2G_1981,categorical_ordinal
TIMEUSECHORES-2H_1981,categorical_ordinal
TIMEUSECHORES-2I_1981,categorical_ordinal
TIMEUSECHORES-3A_1981,categorical_nominal
TIMEUSECHORES-4_HRS_1981,continuous
TIMEUSECHORES-4_MIN_1981,continuous
TIMEUSECHILDCARE-5_1981,binary
TIMEUSEREADING-10_HRS_1981,continuous
TIMEUSEREADING-10_MIN_1981,continuous
EXP-1_1981,categorical_nominal
TIME-MIN_1981,continuous
CURDATE~M_1981,continuous
Q15-1_1981,categorical_ordinal
Q15-4_1981,categorical_ordinal
Q15-5_1981,categorical_ordinal
Q15-6_1981,binary
HHI-29_1981,continuous
HHI-33_1981,continuous
Q15-12_1981,continuous
INTCHARS_INT_ID_1981,continuous
INTCHARS_YRSINTR_1981,continuous
INTCHARS_RACE_1981,categorical_nominal
INTCHARS_SEX_1981,binary
INTCHARS_AGE_1981,continuous
INTCHARS_EDUCATION_1981,categorical_ordinal
LINTDATE_M_1981,continuous
RDOB_M_1981,continuous
RDOB_Y_1981,continuous
MARSTAT_1981,categorical_ordinal
NUMCH_1981,continuous
DIPLOMAGED_1981,binary
ES-1_1_1981,categorical_nominal
EMPLOYER_STARTDATE.01~M_1981,categorical_nominal
EMPLOYER_STARTDATE.01~Y_1981,year
QES-23.01_1981,binary
TENURE1_1981,continuous
QES-28.01_1981,binary
QES-52.01_1981,binary
HHR_LI_1981,categorical_nominal
ADDRESS_1981,binary
REGION_1981,categorical_nominal
PHONE_1981,binary
HHI_FINAL_GENCODE.01_1981,binary
HHI_FINAL_RELCODE.01_1981,continuous
HHI_FINAL_AGE.01_1981,continuous
HHI_FINAL_GRADECODE.01_1981,continuous
HHI_FINAL_WORK.01_1981,binary
HHI_FINAL_GENCODE.02_1981,binary
HHI_FINAL_RELCODE.02_1981,continuous
HHI_FINAL_AGE.02_1981,continuous
HHI_FINAL_GRADECODE.02_1981,continuous
HHI_FINAL_WORK.02_1981,binary
HHI_FINAL_GENCODE.03_1981,binary
HHI_FINAL_RELCODE.03_1981,continuous
HHI_FINAL_AGE.03_1981,continuous
HH5-10_1981,binary
SAMPWEIGHT_1981,continuous
C_SAMPWEIGHT_1981,continuous
SAMPWEIGHT_ASVAB_1981,continuous
ASVAB-2_1981,binary
ASVAB-3_1981,continuous
ASVAB-4_1981,continuous
ASVAB-5_1981,continuous
ASVAB-6_1981,continuous
ASVAB-7_1981,continuous
ASVAB-8_1981,continuous
ASVAB-9_1981,continuous
ASVAB-10_1981,continuous
ASVAB-11_1981,continuous
ASVAB-12_1981,continuous
ASVAB-14_1981,continuous
ASVAB-16_1981,continuous
ASVAB-18_1981,continuous
ASVAB-20_1981,continuous
ASVAB-22_1981,continuous
ASVAB-24_1981,continuous
ASVAB-26_1981,continuous
ASVAB-28_1981,continuous
ASVAB-30_1981,continuous
ASVAB-32_1981,continuous
ASVAB-33_1981,continuous
ASVAB-34_1981,continuous
ASVAB-35_1981,continuous
ASVAB-36_1981,continuous
ASVAB-37_1981,continuous
ASVAB-38_1981,continuous
ASVAB-39_1981,continuous
ASVAB-40_1981,continuous
ASVAB-41_1981,continuous
ASVAB-42_1981,continuous
ASVAB-43_1981,continuous
AFQT-1_1981,continuous
AFQT-2_1981,continuous
AFQT-3_1981,continuous
TNFI_TRUNC_1981,continuous
POVSTATUS_1981,binary
POVSTATUS_OLDSTND_1981,binary
MARSTAT-COL_1981,categorical_ordinal
MARSTAT-KEY_1981,categorical_ordinal
ESR_KEY_1981,categorical_nominal
ESR_COL_1981,categorical_nominal
HGCREV81_1981,continuous
ENROLLMTREV81_1981,categorical_ordinal
AGEATINT_1981,continuous
SCRPT-8_1981,categorical_nominal
SCRPT-9_1981,categorical_nominal
SCRPT-10_1981,categorical_ordinal
SCRPT-12_1_1981,continuous
SCRPT-13_1_1981,categorical_nominal
SCRPT-14_1_1981,categorical_ordinal
SCRPT-12_2_1981,continuous
SCRPT-13_2_1981,categorical_nominal
SCRPT-14_2_1981,categorical_ordinal
SCRPT-12_3_1981,continuous
SCRPT-13_3_1981,categorical_nominal
SCRPT-14_3_1981,categorical_ordinal
SCRPT-12_4_1981,continuous
SCRPT-13_4_1981,categorical_nominal
SCRPT-14_4_1981,categorical_ordinal
SCRPT-12_5_1981,continuous
SCRPT-13_5_1981,categorical_nominal
SCRPT-14_5_1981,categorical_ordinal
SCRPT-11_6_1981,categorical_ordinal
SCRPT-12_6_1981,continuous
SCRPT-13_6_1981,categorical_nominal
SCRPT-14_6_1981,categorical_ordinal
SCRPT-11_7_1981,categorical_ordinal
SCRPT-12_7_1981,continuous
SCRPT-13_7_1981,categorical_nominal
SCRPT-14_7_1981,categorical_ordinal
SCRPT-11_8_1981,categorical_ordinal
SCRPT-13_8_1981,categorical_nominal
SCRPT-14_8_1981,categorical_ordinal
DOI_EMPLOYED_1981,binary
WKSWK-SLI_1981,continuous
WKSUEMP-SLI_1981,continuous
WKSOLF-SLI_1981,continuous
WKSSINCELI_1981,continuous
HRSWK-SLI_1981,continuous
WKSWK-PCY_1981,continuous
WKSUEMP-PCY_1981,continuous
WKSOLF-PCY_1981,continuous
HRSWK-PCY_1981,continuous
JOBSNUM_1981,continuous
URBAN-RURAL_1981,binary
SMSARES_1981,categorical_nominal
NUMCH81_1981,continuous
FAMSIZE_1981,continuous
NUMSPPTR81_XRND,categorical_ordinal
ASVAB-AR-MK-IRT-ZSCORE_XRND,continuous
ASVAB-AR-MK-IRT-ZSCORE_PERCENTILE_XRND,continuous
ASVAB-WK-PC-IRT-ZSCORE_XRND,continuous
ASVAB-WK-PC-IRT-ZSCORE_PERCENTILE_XRND,continuous
ASVAB-ARITHREASON-IRT-ZSCORE_XRND,continuous
ASVAB-ARITHREASON-IRT-ZSCORE_PERCENTILE_XRND,continuous
ASVAB-ARITHMETIC-REASONING-1_XRND,binary
ASVAB-ARITHMETIC-REASONING-2_XRND,binary
ASVAB-ARITHMETIC-REASONING-3_XRND,binary
ASVAB-ARITHMETIC-REASONING-4_XRND,binary
ASVAB-ARITHMETIC-REASONING-5_XRND,binary
ASVAB-ARITHMETIC-REASONING-6_XRND,binary
ASVAB-ARITHMETIC-REASONING-7_XRND,binary
ASVAB-ARITHMETIC-REASONING-8_XRND,binary
ASVAB-ARITHMETIC-REASONING-9_XRND,binary
ASVAB-ARITHMETIC-REASONING-10_XRND,binary
ASVAB-ARITHMETIC-REASONING-11_XRND,binary
ASVAB-ARITHMETIC-REASONING-12_XRND,binary
ASVAB-ARITHMETIC-REASONING-13_XRND,binary
ASVAB-ARITHMETIC-REASONING-14_XRND,binary
ASVAB-ARITHMETIC-REASONING-15_XRND,binary
ASVAB-ARITHMETIC-REASONING-16_XRND,binary
ASVAB-ARITHMETIC-REASONING-17_XRND,binary
ASVAB-ARITHMETIC-REASONING-18_XRND,binary
ASVAB-ARITHMETIC-REASONING-19_XRND,binary
ASVAB-ARITHMETIC-REASONING-20_XRND,binary
ASVAB-ARITHMETIC-REASONING-21_XRND,binary
ASVAB-ARITHMETIC-REASONING-22_XRND,binary
ASVAB-ARITHMETIC-REASONING-23_XRND,binary
ASVAB-ARITHMETIC-REASONING-24_XRND,binary
ASVAB-ARITHMETIC-REASONING-25_XRND,binary
ASVAB-ARITHMETIC-REASONING-26_XRND,binary
ASVAB-ARITHMETIC-REASONING-27_XRND,binary
ASVAB-ARITHMETIC-REASONING-28_XRND,binary
ASVAB-ARITHMETIC-REASONING-29_XRND,binary
ASVAB-ARITHMETIC-REASONING-30_XRND,binary
ASVAB-WORDKNOW-IRT-ZSCORE_XRND,continuous
ASVAB-WORDKNOW-IRT-ZSCORE_PERCENTILE_XRND,continuous
ASVAB-WORD-KNOWLEDGE-1_XRND,binary
ASVAB-WORD-KNOWLEDGE-2_XRND,binary
ASVAB-WORD-KNOWLEDGE-3_XRND,binary
ASVAB-WORD-KNOWLEDGE-4_XRND,binary
ASVAB-WORD-KNOWLEDGE-5_XRND,binary
ASVAB-WORD-KNOWLEDGE-6_XRND,binary
ASVAB-WORD-KNOWLEDGE-7_XRND,binary
ASVAB-WORD-KNOWLEDGE-8_XRND,binary
ASVAB-WORD-KNOWLEDGE-9_XRND,binary
ASVAB-WORD-KNOWLEDGE-10_XRND,binary
ASVAB-WORD-KNOWLEDGE-11_XRND,binary
ASVAB-WORD-KNOWLEDGE-12_XRND,binary
ASVAB-WORD-KNOWLEDGE-13_XRND,binary
ASVAB-WORD-KNOWLEDGE-14_XRND,binary
ASVAB-WORD-KNOWLEDGE-15_XRND,binary
ASVAB-WORD-KNOWLEDGE-16_XRND,binary
ASVAB-WORD-KNOWLEDGE-17_XRND,binary
ASVAB-WORD-KNOWLEDGE-18_XRND,binary
ASVAB-WORD-KNOWLEDGE-19_XRND,binary
ASVAB-WORD-KNOWLEDGE-20_XRND,binary
ASVAB-WORD-KNOWLEDGE-21_XRND,binary
ASVAB-WORD-KNOWLEDGE-22_XRND,binary
ASVAB-WORD-KNOWLEDGE-23_XRND,binary
ASVAB-WORD-KNOWLEDGE-24_XRND,binary
ASVAB-WORD-KNOWLEDGE-25_XRND,binary
ASVAB-WORD-KNOWLEDGE-26_XRND,binary
ASVAB-WORD-KNOWLEDGE-27_XRND,binary
ASVAB-WORD-KNOWLEDGE-28_XRND,binary
ASVAB-WORD-KNOWLEDGE-29_XRND,binary
ASVAB-WORD-KNOWLEDGE-30_XRND,binary
ASVAB-WORD-KNOWLEDGE-31_XRND,binary
ASVAB-WORD-KNOWLEDGE-32_XRND,binary
ASVAB-WORD-KNOWLEDGE-33_XRND,binary
ASVAB-WORD-KNOWLEDGE-34_XRND,binary
ASVAB-WORD-KNOWLEDGE-35_XRND,binary
ASVAB-PARACOMP-IRT-ZSCORE_XRND,continuous
ASVAB-PARACOMP-IRT-ZSCORE_PERCENTILE_XRND,continuous
ASVAB-PARAGRAPH-COMPREHENSION-1_XRND,binary
ASVAB-PARAGRAPH-COMPREHENSION-2_XRND,binary
ASVAB-PARAGRAPH-COMPREHENSION-3_XRND,binary
ASVAB-PARAGRAPH-COMPREHENSION-4_XRND,binary
ASVAB-PARAGRAPH-COMPREHENSION-5_XRND,binary
ASVAB-PARAGRAPH-COMPREHENSION-6_XRND,binary
ASVAB-PARAGRAPH-COMPREHENSION-7_XRND,binary
ASVAB-PARAGRAPH-COMPREHENSION-8_XRND,binary
ASVAB-PARAGRAPH-COMPREHENSION-9_XRND,binary
ASVAB-PARAGRAPH-COMPREHENSION-10_XRND,binary
ASVAB-PARAGRAPH-COMPREHENSION-11_XRND,binary
ASVAB-PARAGRAPH-COMPREHENSION-12_XRND,binary
ASVAB-PARAGRAPH-COMPREHENSION-13_XRND,binary
ASVAB-PARAGRAPH-COMPREHENSION-14_XRND,binary
JOB_UID_EMPROSTER1_1981,continuous
ASVAB-PARAGRAPH-COMPREHENSION-15_XRND,binary
ASVAB-MATHKNOW-IRT-ZSCORE_XRND,continuous
ASVAB-MATHKNOW-IRT-ZSCORE_PERCENTILE_XRND,continuous
ASVAB-MATHEMATICS-KNOWLEDGE-1_XRND,binary
ASVAB-MATHEMATICS-KNOWLEDGE-2_XRND,binary
ASVAB-MATHEMATICS-KNOWLEDGE-3_XRND,binary
ASVAB-MATHEMATICS-KNOWLEDGE-4_XRND,binary
ASVAB-MATHEMATICS-KNOWLEDGE-5_XRND,binary
ASVAB-MATHEMATICS-KNOWLEDGE-6_XRND,binary
ASVAB-MATHEMATICS-KNOWLEDGE-7_XRND,binary
ASVAB-MATHEMATICS-KNOWLEDGE-8_XRND,binary
ASVAB-MATHEMATICS-KNOWLEDGE-9_XRND,binary
ASVAB-MATHEMATICS-KNOWLEDGE-10_XRND,binary
ASVAB-MATHEMATICS-KNOWLEDGE-11_XRND,binary
ASVAB-MATHEMATICS-KNOWLEDGE-12_XRND,binary
ASVAB-MATHEMATICS-KNOWLEDGE-13_XRND,binary
ASVAB-MATHEMATICS-KNOWLEDGE-14_XRND,binary
ASVAB-MATHEMATICS-KNOWLEDGE-15_XRND,binary
ASVAB-MATHEMATICS-KNOWLEDGE-16_XRND,binary
ASVAB-MATHEMATICS-KNOWLEDGE-17_XRND,binary
ASVAB-MATHEMATICS-KNOWLEDGE-18_XRND,binary
ASVAB-MATHEMATICS-KNOWLEDGE-19_XRND,binary
ASVAB-MATHEMATICS-KNOWLEDGE-20_XRND,binary
ASVAB-MATHEMATICS-KNOWLEDGE-21_XRND,binary
ASVAB-MATHEMATICS-KNOWLEDGE-22_XRND,binary
ASVAB-MATHEMATICS-KNOWLEDGE-23_XRND,binary
ASVAB-MATHEMATICS-KNOWLEDGE-24_XRND,binary
ASVAB-MATHEMATICS-KNOWLEDGE-25_XRND,binary
FAM-1B_1982,continuous
FAM-SINCELI_1982,continuous
FAM-WKSWK_1982,continuous
FAM-ACCTWKS_1982,binary
FAM-2_1982,binary
R_REL-2_1982,categorical_nominal
R_REL-3_1982,categorical_ordinal
Q2-3A_1982,binary
MAR-1A_1982,categorical_ordinal
Q3-1_1982,binary
Q3-7_1982,binary
SCHOOL-22_1982,binary
SCHOOL-30_1982,categorical_ordinal
SCHOOL-31_1982,categorical_ordinal
SCHOOL-31A_1982,binary
SCHOOL-34_1982,categorical_ordinal
SCHOOL-DIPGED_1982,binary
DEGREE-2_1982,binary
MIL-65_1982,binary
MIL-66_1982,binary
MIL-72_1982,categorical_ordinal
MIL-73_1982,categorical_nominal
Q6-1_1982,categorical_ordinal
CPSIND70_1982,categorical_nominal
CPSOCC70_1982,categorical_nominal
CPS-QES-56L_1982,binary
CPS-QES-56C_1982,categorical_nominal
CPS-QES-52A_1982,continuous
CPS-QES-84A_1982,binary
CPS-QES-86A.01_1982,categorical_nominal
CPS-QES-89_1982,categorical_ordinal
ONJOBS-1A_1982,binary
SRCH-7_1982,binary
SRCH-8_1982,binary
SRCH-28_1982,binary
SRCH-29_000013_1982,binary
SRCH-37_1982,binary
SRCH-38_1982,binary
CPSMIL_1982,binary
OTHERWK_1982,binary
ONJBS-6_1982,binary
ONJOBS-17_1982,binary
ALLDLI_1982,binary
QES-B_1982,continuous
ONJOBS-43_1982,binary
Q7-7_1982,binary
GOVT-1_1982,binary
Q8-18_1982,binary
FER-1A_1982,continuous
FER-1B_1982,continuous
FFER-28_1982,binary
Q11-2_1982,binary
HEALTH-HEIGHT_1982,continuous
Q11-9_1982,continuous
ALCH-1_1982,binary
ALCH-2_1982,continuous
Q12-3_1982,binary
Q12-8_1982,categorical_nominal
INCOME-1C_2_1982,binary
Q13-2_1982,binary
Q13-5_1982,continuous
Q13-5_TRUNC_REVISED_1982,continuous
INCOME-4A_1982,binary
Q13-10_1982,binary
INCOME-2A_1982,binary
INCOME-5_1982,binary
Q13A-43A_1982,binary
Q13F-43A_1982,binary
Q13-60_1982,binary
Q13-61_1982,binary
Q13-74_1982,binary
INCOME-14_1982,categorical_nominal
INCOME-18_1982,binary
INCOME-19_1982,binary
INCOME-21_1982,binary
INCOME-22_1982,binary
Q13-117_1982,binary
INCOME-27A_1982,binary
WOMENS-ROLES_000001_1982,categorical_ordinal
WOMENS-ROLES_000002_1982,categorical_ordinal
WOMENS-ROLES_000003_1982,categorical_ordinal
WOMENS-ROLES_000004_1982,categorical_ordinal
WOMENS-ROLES_000005_1982,categorical_ordinal
WOMENS-ROLES_000006_1982,categorical_ordinal
WOMENS-ROLES_000007_1982,categorical_ordinal
WOMENS-ROLES_000008_1982,categorical_ordinal
Q11-86B_1982,binary
EXP-1_1982,categorical_nominal
EXP-3_1982,categorical_ordinal
EXP-11A_1982,binary
EXP-11B_1982,binary
EXP-11D_1982,binary
EXP-11E_1982,binary
TIME-MIN_1982,continuous
CURDATE~M_1982,continuous
Q15-1_1982,categorical_ordinal
Q15-2_1982,binary
Q15-4_1982,categorical_ordinal
Q15-5_1982,categorical_ordinal
Q15-6_1982,binary
HHI-29_1982,continuous
HHI-33_1982,continuous
HHI-34_1982,binary
Q15-12_1982,continuous
INTCHARS_INT_ID_1982,continuous
INTCHARS_YRSINTR_1982,continuous
INTCHARS_RACE_1982,categorical_nominal
INTCHARS_SEX_1982,binary
INTCHARS_AGE_1982,continuous
INTCHARS_EDUCATION_1982,categorical_ordinal
RDOB_M_1982,continuous
RDOB_Y_1982,continuous
LINTDATE_M_1982,continuous
DATELI_M_1982,continuous
MARCODE_1982,categorical_ordinal
DIPLOMAGED_1982,binary
EDUCATION_1982,categorical_ordinal
HLTHCODE_1982,binary
HHR_LI_1982,categorical_nominal
ADDRESS_1982,binary
PHONE_1982,binary
HHI_FINAL_GENCODE.01_1982,binary
HHI_FINAL_RELCODE.01_1982,continuous
HHI_FINAL_AGE.01_1982,continuous
HHI_FINAL_GRADECODE.01_1982,continuous
HHI_FINAL_WORK.01_1982,binary
HHI_FINAL_GENCODE.02_1982,binary
HHI_FINAL_RELCODE.02_1982,continuous
HHI_FINAL_AGE.02_1982,continuous
HHI_FINAL_GRADECODE.02_1982,continuous
HHI_FINAL_WORK.02_1982,binary
CPSIND80_1982,categorical_nominal
CPSOCC80_1982,categorical_nominal
HHI-24_1982,categorical_nominal
HH5-10_1982,binary
ES-1_1_1982,categorical_nominal
EMPLOYER_STARTDATE.01~M_1982,categorical_nominal
EMPLOYER_STARTDATE.01~Y_1982,year
QES-23.01_1982,binary
TENURE1_1982,continuous
QES-28.01_1982,binary
QES-52A.01_1982,continuous
QES-51.01_1982,continuous
SAMPWEIGHT_1982,continuous
C_SAMPWEIGHT_1982,continuous
FAMSIZE_1982,continuous
DOI_EMPLOYED_1982,binary
HRSWK-PCY_1982,continuous
WKSWK-PCY_1982,continuous
WKSUEMP-PCY_1982,continuous
WKSOLF-PCY_1982,continuous
HRSWK-SLI_1982,continuous
WKSWK-SLI_1982,continuous
WKSUEMP-SLI_1982,continuous
WKSOLF-SLI_1982,continuous
WKSSINCELI_1982,continuous
JOBSNUM_1982,continuous
URBAN-RURAL_1982,binary
SMSARES_1982,categorical_nominal
REGION_1982,categorical_nominal
HGCREV82_1982,continuous
ENROLLMTREV82_1982,categorical_ordinal
AGEATINT_1982,continuous
MARSTAT-COL_1982,categorical_ordinal
MARSTAT-KEY_1982,categorical_ordinal
ESR_KEY_1982,categorical_nominal
ESR_COL_1982,categorical_nominal
TNFI_TRUNC_1982,continuous
POVSTATUS_1982,binary
POVSTATUS_OLDSTND_1982,binary
NUMKID82_1982,continuous
NUMCH82_1982,continuous
NUMSPPTR82_XRND,categorical_ordinal
JOB_UID_EMPROSTER1_1982,continuous
FAM-1B_1983,continuous
FAM-SINCELI_1983,continuous
FAM-WKSWK_1983,continuous
FAM-ACCTWKS_1983,binary
FAM-2A_1983,binary
Q2-3A_1983,binary
MAR-1A_1983,binary
Q3-1_1983,binary
Q3-7_1983,binary
SCHOOL-22_1983,binary
SCHOOL-DIPGED_1983,binary
DEGREE-2_1983,binary
MIL-FAM_1983,continuous
MIL-66_1983,binary
MIL-72_1983,categorical_ordinal
MIL-73_1983,categorical_nominal
Q6-1_1983,categorical_ordinal
CPSIND70_1983,categorical_nominal
CPSOCC70_1983,categorical_nominal
CPS-QES-56L_1983,binary
CPSIND80_1983,categorical_nominal
CPSOCC80_1983,categorical_nominal
CPS-QES-56C_1983,categorical_nominal
CPS-QES-52A_1983,continuous
CPS-6C_1983,binary
CPSMIL_1983,binary
OTHERWK_1983,binary
ONJOBS-6_1983,binary
ALLDLI_1983,binary
QES-B_1983,continuous
ONJOBS-43_1983,binary
Q7-7_1983,binary
Q8-18_1983,binary
FER-SEX_1_1983,binary
Q11-2_1983,binary
ALCH-1_1983,binary
ALCH-2_1983,continuous
ALCH-2A_1983,continuous
Q12-3_1983,binary
Q12-8_1983,categorical_nominal
Q13-2_1983,binary
Q13-5_1983,continuous
Q13-5_TRUNC_REVISED_1983,continuous
INCOME-4A_1983,binary
Q13-10_1983,binary
INCOME-2A_1983,binary
INCOME-5_1983,binary
Q13A-43A_1983,binary
Q13F-43A_1983,binary
Q13-60_1983,binary
Q13-61_1983,binary
Q13-74_1983,binary
INCOME-14_1983,categorical_nominal
INCOME-18_1983,binary
INCOME-19_1983,binary
Q13-117_1983,binary
INCOME-27A_1983,binary
Q11-86B_1983,binary
EXP-1_1983,categorical_nominal
TIME-MIN_1983,continuous
CURDATE~M_1983,continuous
Q15-1_1983,categorical_ordinal
Q15-2_1983,binary
Q15-4_1983,categorical_ordinal
Q15-5_1983,categorical_ordinal
Q15-6_1983,binary
HHI-29_1983,continuous
HHI-33_1983,continuous
Q15-12_1983,continuous
INTCHARS_INT_ID_1983,continuous
INTCHARS_YRSINTR_1983,continuous
INTCHARS_RACE_1983,categorical_nominal
INTCHARS_SEX_1983,binary
INTCHARS_AGE_1983,continuous
INTCHARS_EDUCATION_1983,categorical_ordinal
RDOB_M_1983,continuous
RDOB_Y_1983,continuous
LINTDATE_M_1983,continuous
MARSTAT_1983,categorical_ordinal
DIPLOMAGED_1983,binary
HHR_LI_1983,categorical_nominal
ADDRESS_1983,binary
PHONE_1983,binary
HHI_FINAL_GENCODE.01_1983,binary
HHI_FINAL_RELCODE.01_1983,continuous
HHI_FINAL_AGE.01_1983,continuous
HHI_FINAL_GRADECODE.01_1983,continuous
HHI_FINAL_WORK.01_1983,binary
HHI_FINAL_GENCODE.02_1983,binary
HHI_FINAL_RELCODE.02_1983,continuous
HHI_FINAL_AGE.02_1983,continuous
HHI_FINAL_GRADECODE.02_1983,continuous
HHI_FINAL_WORK.02_1983,binary
HHI-24_1983,categorical_nominal
HH5-10_1983,binary
ES-1_1_1983,categorical_nominal
EMPLOYER_STARTDATE.01~M_1983,categorical_nominal
EMPLOYER_STARTDATE.01~Y_1983,year
QES-23.01_1983,binary
TENURE1_1983,continuous
QES-28.01_1983,binary
QES-51.01_1983,continuous
SAMPWEIGHT_1983,continuous
C_SAMPWEIGHT_1983,continuous
FAMSIZE_1983,continuous
TNFI_TRUNC_1983,continuous
POVSTATUS_1983,binary
POVSTATUS_OLDSTND_1983,binary
ESR_KEY_1983,categorical_nominal
ESR_COL_1983,categorical_nominal
REGION_1983,categorical_nominal
MARSTAT-COL_1983,categorical_ordinal
MARSTAT-KEY_1983,categorical_ordinal
HGCREV83_1983,continuous
ENROLLMTREV83_1983,categorical_ordinal
AGEATINT_1983,continuous
DOI_EMPLOYED_1983,binary
HRSWK-PCY_1983,continuous
WKSWK-PCY_1983,continuous
WKSUEMP-PCY_1983,continuous
WKSOLF-PCY_1983,continuous
HRSWK-SLI_1983,continuous
WKSWK-SLI_1983,continuous
WKSUEMP-SLI_1983,continuous
WKSOLF-SLI_1983,continuous
WKSSINCELI_1983,continuous
JOBSNUM_1983,continuous
SMSARES_1983,categorical_nominal
URBAN-RURAL_1983,binary
NUMKID83_1983,continuous
NUMCH83_1983,continuous
NUMSPPTR83_XRND,categorical_ordinal
JOB_UID_EMPROSTER1_1983,continuous
FAM-SINCELI_1984,continuous
FAM-WKSWK_1984,continuous
FAM-ACCTWKS_1984,binary
Q2-3A_1984,binary
MAR-NO_1984,binary
Q3-1_1984,binary
Q3-7_1984,binary
SCHOOL-22_1984,binary
DEGREE-2_1984,binary
Q4-3_1984,binary
MIL-66_1984,binary
MIL-72_1984,categorical_ordinal
MIL-73_1984,categorical_nominal
Q6-1_1984,categorical_ordinal
CPSIND70_1984,categorical_nominal
CPSOCC70_1984,categorical_nominal
CPSIND80_1984,categorical_nominal
CPSOCC80_1984,categorical_nominal
CPS-QES-56C_1984,categorical_nominal
CPSHRP_1984,continuous
CPS-QES-52A_1984,continuous
CPS-6C_1984,binary
CPS-QES-86A.01_1984,categorical_nominal
CPS-QES-89_1984,categorical_ordinal
CPS-QES-PROMO38_1984,binary
CPS-76_1984,binary
CPSMIL_1984,binary
OTHERWK_1984,binary
ONJOBS-6_1984,binary
ALLDLI_1984,binary
QES-B_1984,continuous
ONJOBS-43_1984,binary
Q7-7_1984,binary
Q8-18_1984,binary
Q9-67_1984,binary
Q11-86_1984,binary
Q11-2_1984,binary
ALCH-1_1984,binary
Q12-3_1984,binary
Q12-8_1984,categorical_nominal
DRUG-1_1984,continuous
DRUG-2_1984,categorical_ordinal
DS-8_1984,categorical_ordinal
DRUG-10_1984,binary
DRUG-13_1984,binary
DRUG-16_1984,binary
DRUG-19_1984,binary
DRUG-22_1984,binary
DRUG-35_1984,binary
DRUG-52_1984,binary
DRUG-56_1984,binary
Q13-2_1984,binary
Q13-5_1984,continuous
Q13-5_TRUNC_REVISED_1984,continuous
INCOME-4A_1984,binary
Q13-10_1984,binary
INCOME-2A_1984,binary
INCOME-5_1984,binary
Q13A-43A_1984,binary
Q13F-43A_1984,binary
Q13-60_1984,binary
Q13-61_1984,binary
Q13-74_1984,binary
INCOME-14_1984,categorical_nominal
INCOME-18_1984,binary
INCOME-19_1984,binary
Q13-117_1984,binary
INCOME-27A_1984,binary
EXP-1_1984,categorical_nominal
Q13INT-TIME_1984,continuous
TIME-MIN_1984,continuous
CURDATE~M_1984,continuous
Q15-1_1984,categorical_ordinal
Q15-2_1984,binary
Q15-4_1984,categorical_ordinal
Q15-5_1984,categorical_ordinal
Q15-6_1984,binary
HHI-29_1984,continuous
HHI-33_1984,continuous
Q15-12_1984,continuous
INTCHARS_INT_ID_1984,continuous
INTCHARS_YRSINTR_1984,continuous
INTCHARS_RACE_1984,categorical_nominal
INTCHARS_SEX_1984,binary
INTCHARS_AGE_1984,continuous
INTCHARS_EDUCATION_1984,categorical_ordinal
LINTDATE_M_1984,continuous
MARCODE_1984,categorical_ordinal
DIPLOMAGED_1984,binary
MILCODE_1984,categorical_ordinal
ITEMLI_16_1984,binary
SKIP_1984,categorical_nominal
HHR_LI_1984,categorical_nominal
HHI_FINAL_GENCODE.01_1984,binary
HHI_FINAL_RELCODE.01_1984,continuous
HHI_FINAL_AGE.01_1984,continuous
HHI_FINAL_GRADECODE.01_1984,continuous
HHI_FINAL_WORK.01_1984,binary
HHI_FINAL_GENCODE.02_1984,binary
HHI_FINAL_RELCODE.02_1984,continuous
HHI_FINAL_AGE.02_1984,continuous
HHI_FINAL_GRADECODE.02_1984,continuous
HHI_FINAL_WORK.02_1984,binary
HHI-24_1984,categorical_nominal
HH5-10_1984,binary
ES-1_1_1984,categorical_nominal
EMPLOYER_STARTDATE.01~M_1984,categorical_nominal
EMPLOYER_STARTDATE.01~Y_1984,year
QES-23.01_1984,binary
TENURE1_1984,continuous
QES-28.01_1984,binary
QES-51.01_1984,continuous
PAYRATE-ALL-EMP.01_1984,continuous
HRP1_1984,continuous
QES-71A.01_1984,categorical_nominal
SAMPWEIGHT_1984,continuous
C_SAMPWEIGHT_1984,continuous
FAMSIZE_1984,continuous
TNFI_TRUNC_1984,continuous
POVSTATUS_1984,binary
POVSTATUS_OLDSTND_1984,binary
ESR_KEY_1984,categorical_nominal
ESR_COL_1984,categorical_nominal
REGION_1984,categorical_nominal
MARSTAT-COL_1984,categorical_ordinal
MARSTAT-KEY_1984,categorical_ordinal
HGCREV84_1984,continuous
ENROLLMTREV84_1984,categorical_ordinal
AGEATINT_1984,continuous
DOI_EMPLOYED_1984,binary
HRSWK-PCY_1984,continuous
WKSWK-PCY_1984,continuous
WKSUEMP-PCY_1984,continuous
WKSOLF-PCY_1984,continuous
HRSWK-SLI_1984,continuous
WKSWK-SLI_1984,continuous
WKSUEMP-SLI_1984,continuous
WKSOLF-SLI_1984,continuous
WKSSINCELI_1984,continuous
JOBSNUM_1984,continuous
URBAN-RURAL_1984,binary
SMSARES_1984,categorical_nominal
NUMKID84_1984,continuous
NUMCH84_1984,continuous
NUMSPPTR84_XRND,categorical_ordinal
JOB_UID_EMPROSTER1_1984,continuous
Q2-3A_1985,binary
MAR-NO_1985,binary
Q3-1_1985,binary
Q3-7_1985,binary
SCHOOL-22_1985,binary
SCHOOL-47_1985,binary
Q4-3_1985,binary
MIL-72_1985,categorical_ordinal
MIL-73_1985,categorical_nominal
Q6-1_1985,categorical_ordinal
CPSIND70_1985,categorical_nominal
CPSOCC70_1985,categorical_nominal
CPSIND80_1985,categorical_nominal
CPSOCC80_1985,categorical_nominal
CPS-QES-56C_1985,categorical_nominal
CPSHRP_1985,continuous
CPS-QES-52A_1985,continuous
CPS-6C_1985,binary
CPS-QES-86A.01_1985,categorical_nominal
CPS-QES-89_1985,categorical_ordinal
CPSMIL_1985,binary
OTHERWK_1985,binary
ONJOBS-6_1985,binary
ALLDLI_1985,binary
QES-B_1985,continuous
ONJOBS-43_1985,binary
Q7-7_1985,binary
Q8-18_1985,binary
FER-CRF_1985,binary
Q9-67_1985,binary
Q11-86_1985,binary
Q11-2_1985,binary
HEALTH-HEIGHT_1985,continuous
Q11-9_1985,continuous
HEALTH-HAIR_1985,categorical_nominal
HEALTH-EYES_1985,categorical_nominal
HEALTH-SOC_1_1985,categorical_nominal
HEALTH-SOC_2_1985,categorical_nominal
ALCH-1_1985,binary
Q12-3_1985,binary
Q12-8_1985,categorical_nominal
Q13-2_1985,binary
Q13-5_1985,continuous
Q13-5_TRUNC_REVISED_1985,continuous
INCOME-4A_1985,binary
Q13-10_1985,binary
INCOME-2A_1985,binary
INCOME-5_1985,binary
Q13A-43A_1985,binary
Q13F-43A_1985,binary
Q13-60_1985,binary
Q13-61_1985,binary
Q13-74_1985,binary
INCOME-14_1985,categorical_nominal
INCOME-18_1985,binary
INCOME-19_1985,binary
Q13-116_1985,binary
TNFW_TRUNC_1985,continuous
Q13-117_1985,binary
Q13-121_1985,binary
Q13-128_1985,binary
Q13-133_1985,binary
Q13-137_1985,binary
Q13-139_1985,binary
TIME-MIN_1985,continuous
CURDATE~M_1985,continuous
Q15-1_1985,categorical_ordinal
Q15-2_1985,binary
Q15-4_1985,categorical_ordinal
Q15-5_1985,categorical_ordinal
Q15-6_1985,binary
HHI-29_1985,continuous
HHI-33_1985,continuous
HHI-34_1985,binary
Q15-12_1985,continuous
INTCHARS_INT_ID_1985,continuous
INTCHARS_YRSINTR_1985,continuous
INTCHARS_RACE_1985,categorical_nominal
INTCHARS_SEX_1985,binary
INTCHARS_AGE_1985,continuous
INTCHARS_EDUCATION_1985,categorical_ordinal
HHI-24_1985,categorical_nominal
HH1-1_1985,categorical_nominal
HH5-10_1985,binary
ES-1_1_1985,categorical_nominal
EMPLOYER_STARTDATE.01~M_1985,categorical_nominal
EMPLOYER_STARTDATE.01~Y_1985,year
QES-23.01_1985,binary
TENURE1_1985,continuous
QES-28.01_1985,binary
QES-51.01_1985,continuous
PAYRATE-ALL-EMP.01_1985,continuous
HRP1_1985,continuous
QES-71A.01_1985,categorical_nominal
QES-88C.01_1985,binary
LINTDATE_M_1985,continuous
MARCODE_1985,categorical_ordinal
DIPLOMAGED_1985,binary
MILCODE_1985,categorical_ordinal
SKIP_1985,categorical_nominal
HHI_FINAL_GENCODE.01_1985,binary
HHI_FINAL_RELCODE.01_1985,continuous
HHI_FINAL_AGE.01_1985,continuous
HHI_FINAL_GRADECODE.01_1985,continuous
HHI_FINAL_WORK.01_1985,binary
HHI_FINAL_GENCODE.02_1985,binary
HHI_FINAL_RELCODE.02_1985,continuous
HHI_FINAL_AGE.02_1985,continuous
HHI_FINAL_GRADECODE.02_1985,continuous
HHI_FINAL_WORK.02_1985,binary
SAMPWEIGHT_1985,continuous
C_SAMPWEIGHT_1985,continuous
FAMSIZE_1985,continuous
TNFI_TRUNC_1985,continuous
POVSTATUS_1985,binary
POVSTATUS_OLDSTND_1985,binary
ESR_KEY_1985,categorical_nominal
ESR_COL_1985,categorical_nominal
REGION_1985,categorical_nominal
MARSTAT-COL_1985,categorical_ordinal
MARSTAT-KEY_1985,categorical_ordinal
HGCREV85_1985,continuous
ENROLLMTREV85_1985,categorical_ordinal
AGEATINT_1985,continuous
DOI_EMPLOYED_1985,binary
HRSWK-PCY_1985,continuous
WKSWK-PCY_1985,continuous
WKSUEMP-PCY_1985,continuous
WKSOLF-PCY_1985,continuous
HRSWK-SLI_1985,continuous
WKSWK-SLI_1985,continuous
WKSUEMP-SLI_1985,continuous
WKSOLF-SLI_1985,continuous
WKSSINCELI_1985,continuous
JOBSNUM_1985,continuous
URBAN-RURAL_1985,binary
SMSARES_1985,categorical_nominal
NUMKID85_1985,continuous
NUMCH85_1985,continuous
NUMSPPTR85_XRND,categorical_ordinal
JOB_UID_EMPROSTER1_1985,continuous
Q2-3A_1986,binary
MAR-NO_1986,binary
Q3-1_1986,binary
Q3-7_1986,binary
SCHOOL-22_1986,binary
Q4-3_1986,binary
Q6-1_1986,categorical_ordinal
CPSIND70_1986,categorical_nominal
CPSOCC70_1986,categorical_nominal
CPSIND80_1986,categorical_nominal
CPSOCC80_1986,categorical_nominal
CPS-QES-56C_1986,categorical_nominal
CPSHRP_1986,continuous
CPS-QES-52A_1986,continuous
CPS-6C_1986,binary
CPS-QES-FIRMSZ1_1986,binary
CPS-QES-FIRMSZ2_1986,continuous
CPS-QES-86C.01_1986,continuous
CPS-QES-86D.01_1986,continuous
CPS-QES-89_1986,categorical_ordinal
CPSMIL_1986,binary
OTHERWK_1986,binary
ONJOBS-6_1986,binary
ALLDLI_1986,binary
QES-B_1986,continuous
ONJOBS-43_1986,binary
Q7-7_1986,binary
Q8-18_1986,binary
Q9-67_1986,binary
Q11-2_1986,binary
Q11-9_1986,continuous
Q13-2_1986,binary
Q13-5_1986,continuous
Q13-5_TRUNC_REVISED_1986,continuous
INCOME-4A_1986,binary
Q13-10_1986,binary
INCOME-2A_1986,binary
INCOME-5_1986,binary
Q13A-43A_1986,binary
Q13F-43A_1986,binary
Q13-60_1986,binary
Q13-61_1986,binary
Q13-74_1986,binary
INCOME-14_1986,categorical_nominal
INCOME-18_1986,binary
INCOME-19_1986,binary
Q13-116_1986,binary
TNFW_TRUNC_1986,continuous
Q13-117_1986,binary
Q13-121_1986,binary
Q13-128_1986,binary
Q13-133_1986,binary
Q13-137_1986,binary
Q13-139_1986,binary
TIME-MIN_1986,continuous
CURDATE~M_1986,continuous
Q15-1_1986,categorical_ordinal
Q15-2_1986,binary
Q15-4_1986,categorical_ordinal
Q15-5_1986,categorical_ordinal
Q15-6_1986,binary
HHI-29_1986,continuous
HHI-33_1986,continuous
HHI-34_1986,binary
Q15-12_1986,continuous
INTCHARS_INT_ID_1986,continuous
INTCHARS_YRSINTR_1986,continuous
INTCHARS_RACE_1986,categorical_nominal
INTCHARS_SEX_1986,binary
INTCHARS_AGE_1986,continuous
INTCHARS_EDUCATION_1986,categorical_ordinal
HHI-24_1986,categorical_nominal
HH1-1_1986,categorical_nominal
HH5-10_1986,binary
ES-1_1_1986,categorical_nominal
EMPLOYER_STARTDATE.01~M_1986,categorical_nominal
EMPLOYER_STARTDATE.01~Y_1986,year
QES-23.01_1986,binary
TENURE1_1986,continuous
QES-28.01_1986,binary
QES-51.01_1986,continuous
PAYRATE-ALL-EMP.01_1986,continuous
HRP1_1986,continuous
QES-71A.01_1986,categorical_nominal
QES-81.01_1986,binary
QES-88C.01_1986,binary
LINTDATE_M_1986,continuous
MARCODE_1986,categorical_ordinal
DIPLOMAGED_1986,binary
MILCODE_1986,categorical_ordinal
HHI_FINAL_GENCODE.01_1986,binary
HHI_FINAL_RELCODE.01_1986,continuous
HHI_FINAL_AGE.01_1986,continuous
HHI_FINAL_GRADECODE.01_1986,continuous
HHI_FINAL_WORK.01_1986,binary
HHI_FINAL_GENCODE.02_1986,binary
HHI_FINAL_RELCODE.02_1986,continuous
HHI_FINAL_AGE.02_1986,continuous
HHI_FINAL_GRADECODE.02_1986,continuous
SAMPWEIGHT_1986,continuous
C_SAMPWEIGHT_1986,continuous
FAMSIZE_1986,continuous
TNFI_TRUNC_1986,continuous
POVSTATUS_1986,binary
POVSTATUS_OLDSTND_1986,binary
ESR_KEY_1986,categorical_nominal
ESR_COL_1986,categorical_nominal
REGION_1986,categorical_nominal
MARSTAT-COL_1986,categorical_ordinal
MARSTAT-KEY_1986,categorical_ordinal
HGCREV86_1986,continuous
ENROLLMTREV86_1986,categorical_ordinal
AGEATINT_1986,continuous
DOI_EMPLOYED_1986,binary
HRSWK-PCY_1986,continuous
WKSWK-PCY_1986,continuous
WKSUEMP-PCY_1986,continuous
WKSOLF-PCY_1986,continuous
HRSWK-SLI_1986,continuous
WKSWK-SLI_1986,continuous
WKSUEMP-SLI_1986,continuous
WKSOLF-SLI_1986,continuous
WKSSINCELI_1986,continuous
JOBSNUM_1986,continuous
URBAN-RURAL_1986,binary
SMSARES_1986,categorical_nominal
NUMKID86_1986,continuous
NUMCH86_1986,continuous
NUMSPPTR86_XRND,categorical_ordinal
JOB_UID_EMPROSTER1_1986,continuous
Q2-3A_1987,binary
Q2-4_1987,categorical_nominal
Q3-1_1987,binary
Q3-7_1987,binary
Q4-3_1987,binary
Q6-1_1987,categorical_ordinal
CPSIND70_1987,categorical_nominal
CPSOCC70_1987,categorical_nominal
CPSIND80_1987,categorical_nominal
CPSOCC80_1987,categorical_nominal
CPS-QES-56C_1987,categorical_nominal
CPSHRP_1987,continuous
CPS-QES-52A_1987,continuous
CPS-6C_1987,binary
CPS-QES-FIRMSZ1_1987,binary
CPS-QES-FIRMSZ2_1987,continuous
CPS-QES-86C.01_1987,continuous
CPS-QES-86D.01_1987,continuous
CPS-QES-89_1987,categorical_ordinal
CPSMIL_1987,binary
OTHERWK_1987,binary
ALLDLI_1987,binary
QES-B_1987,continuous
Q7-4A_1987,continuous
ONJOBS-43_1987,binary
Q7-7_1987,binary
Q9-69B_1987,binary
Q9-72_1987,binary
Q11-86B_1987,binary
Q11-2_1987,binary
ROSENBERG_ESTEEM~000001_1987,categorical_ordinal
ROSENBERG_ESTEEM~000002_1987,categorical_ordinal
ROSENBERG_ESTEEM~000003_1987,categorical_ordinal
ROSENBERG_ESTEEM~000004_1987,categorical_ordinal
ROSENBERG_ESTEEM~000005_1987,categorical_ordinal
ROSENBERG_ESTEEM~000006_1987,categorical_ordinal
ROSENBERG_ESTEEM~000007_1987,categorical_ordinal
ROSENBERG_ESTEEM~000008_1987,categorical_ordinal
ROSENBERG_ESTEEM~000009_1987,categorical_ordinal
ROSENBERG_ESTEEM~000010_1987,categorical_ordinal
ROSENBERG_ESTEEM_SCORE_1987,continuous
ROSENBERG_IRT_SCORE_1987,continuous
ROSENBERG_ZSCORECW_1987,continuous
ROSENBERG_ZSCORECW_PERCENTILE_1987,continuous
Q13-2_1987,binary
Q13-5_1987,continuous
Q13-5_TRUNC_REVISED_1987,continuous
INCOME-4A_1987,binary
Q13-10_1987,binary
INCOME-2A_1987,binary
INCOME-5_1987,binary
Q13A-43A_1987,binary
Q13F-43A_1987,binary
Q13-60_1987,binary
Q13-61_1987,binary
Q13-71_1987,binary
Q13-79_1987,binary
Q11-83_1987,binary
INCOME-18_1987,binary
INCOME-19_1987,binary
Q13-116_1987,binary
TNFW_TRUNC_1987,continuous
Q13-117_1987,binary
Q13-121_1987,binary
Q13-128_1987,binary
Q13-133_1987,binary
Q13-137_1987,binary
Q13-139_1987,binary
WOMENS-ROLES_000001_1987,categorical_ordinal
WOMENS-ROLES_000002_1987,categorical_ordinal
WOMENS-ROLES_000003_1987,categorical_ordinal
WOMENS-ROLES_000004_1987,categorical_ordinal
WOMENS-ROLES_000005_1987,categorical_ordinal
WOMENS-ROLES_000006_1987,categorical_ordinal
WOMENS-ROLES_000007_1987,categorical_ordinal
WOMENS-ROLES_000008_1987,categorical_ordinal
TIME-MIN_1987,continuous
CURDATE~M_1987,continuous
Q15-4_1987,categorical_ordinal
Q15-5_1987,categorical_ordinal
Q15-6_1987,binary
HHI-29_1987,continuous
HHI-33_1987,continuous
HHI-34_1987,categorical_nominal
HHI-35_1987,categorical_nominal
Q15-12_1987,continuous
INTCHARS_INT_ID_1987,continuous
INTCHARS_YRSINTR_1987,continuous
HH1-1_1987,categorical_nominal
ES-SEX_1987,binary
ES-1_1_1987,categorical_nominal
EMPLOYER_STARTDATE.01~M_1987,categorical_nominal
EMPLOYER_STARTDATE.01~Y_1987,year
QES-23.01_1987,binary
TENURE1_1987,continuous
QES-28.01_1987,binary
QES-51.01_1987,continuous
PAYRATE-ALL-EMP.01_1987,continuous
HRP1_1987,continuous
QES-71A.01_1987,categorical_nominal
QES-81.01_1987,binary
QES-88C.01_1987,binary
LINTDATE_M_1987,continuous
MARCODE_1987,categorical_ordinal
DIPLOMAGED_1987,binary
MILCODE_1987,categorical_ordinal
HHI_FINAL_GENCODE.01_1987,binary
HHI_FINAL_RELCODE.01_1987,continuous
HHI_FINAL_AGE.01_1987,continuous
HHI_FINAL_GRADECODE.01_1987,continuous
HHI_FINAL_WORK.01_1987,binary
HHI_FINAL_GENCODE.02_1987,binary
HHI_FINAL_RELCODE.02_1987,continuous
HHI_FINAL_AGE.02_1987,continuous
HHI_FINAL_GRADECODE.02_1987,continuous
SAMPWEIGHT_1987,continuous
C_SAMPWEIGHT_1987,continuous
FAMSIZE_1987,continuous
TNFI_TRUNC_1987,continuous
TNFI_CENSUS_TRUNC_1987,continuous
POVSTATUS_1987,binary
POVSTATUS_OLDSTND_1987,binary
ESR_KEY_1987,categorical_nominal
ESR_COL_1987,categorical_nominal
REGION_1987,categorical_nominal
MARSTAT-COL_1987,categorical_ordinal
MARSTAT-KEY_1987,categorical_ordinal
HGCREV87_1987,continuous
ENROLLMTREV87_1987,categorical_ordinal
AGEATINT_1987,continuous
DOI_EMPLOYED_1987,binary
HRSWK-PCY_1987,continuous
WKSWK-PCY_1987,continuous
WKSUEMP-PCY_1987,continuous
WKSOLF-PCY_1987,continuous
HRSWK-SLI_1987,continuous
WKSWK-SLI_1987,continuous
WKSUEMP-SLI_1987,continuous
WKSOLF-SLI_1987,continuous
WKSSINCELI_1987,continuous
JOBSNUM_1987,continuous
URBAN-RURAL_1987,binary
SMSARES_1987,categorical_nominal
NUMKID87_1987,continuous
NUMCH87_1987,continuous
NUMSPPTR87_XRND,categorical_ordinal
JOB_UID_EMPROSTER1_1987,continuous
HH1-1_1988,categorical_nominal
HH5-2_1988,binary
HH5-10_1988,binary
Q2-3A_1988,binary
Q2-4_1988,categorical_nominal
Q3-1_1988,binary
Q3-7_1988,binary
Q3-10B_1988,categorical_ordinal
Q3-10C_M_1988,continuous
Q3-10C_Y_1988,continuous
Q3-11_1988,binary
Q4-16_1988,binary
Q6-1_1988,categorical_ordinal
CPSIND70_1988,categorical_nominal
CPSOCC70_1988,categorical_nominal
CPSIND80_1988,categorical_nominal
CPSOCC80_1988,categorical_nominal
CPS-QES-56C_1988,categorical_nominal
CPSHRP_1988,continuous
CPS-HOURS_WORKED_WEEK_ALL_1988,continuous
CPS-QES-52A_1988,continuous
CPS-QES-52B_1988,continuous
CPS-83_1988,binary
CPS-QES-FIRMSZ1_1988,binary
CPS-QES-FIRMSZ2_1988,continuous
CPS-84_1988,binary
QES-84B.01_1988,binary
CPS-25_000001_1988,categorical_ordinal
CPS-25_000002_1988,categorical_ordinal
CPS-25_000003_1988,categorical_ordinal
CPS-25_000011_1988,categorical_ordinal
CPS-25_000004_1988,categorical_ordinal
CPS-25_000005_1988,categorical_ordinal
CPS-25_000006_1988,categorical_ordinal
CPS-25_000007_1988,categorical_ordinal
CPS-25_000008_1988,categorical_ordinal
CPS-25_000009_1988,categorical_ordinal
CPS-25_000010_1988,categorical_ordinal
CPS-20_1988,continuous
CPS-QES-86C.01_1988,continuous
CPS-QES-86D.01_1988,continuous
CPS-QES-86A.01_1988,binary
CPS-88_1988,continuous
CPS-92_1988,continuous
CPS-94_1988,continuous
CPS-QES-89_1988,categorical_ordinal
CPSMIL_1988,binary
OTHERWK_1988,binary
ALLDLI_1988,binary
QES-B_1988,continuous
Q7-4_1988,continuous
ONJOBS-43_1988,binary
Q7-7_1988,binary
Q8-18_1988,binary
Q9-67_1988,binary
AIDS-2_1988,categorical_ordinal
AIDS-3_1988,categorical_ordinal
AIDS-4_1988,categorical_ordinal
AIDS-6_1988,categorical_ordinal
AIDS-7_1988,categorical_ordinal
AIDS-8_1988,categorical_ordinal
AIDS-9_1988,categorical_ordinal
AIDS-10_1988,categorical_ordinal
AIDS-11_1988,binary
AIDS-12_1988,binary
Q11-2_1988,binary
Q11-9_1988,continuous
Q11-10_1988,binary
Q11-12_1988,binary
Q12-3_1988,binary
ALCH-21_1988,binary
Q12-8_1988,categorical_nominal
DRUG-SELF_1988,binary
DS-8_1988,categorical_ordinal
DS-12_1988,categorical_ordinal
DRUG-61_1988,binary
Q13-5_1988,continuous
Q13-5_TRUNC_REVISED_1988,continuous
INCOME-4A_1988,binary
Q13-10_1988,binary
INCOME-2A_1988,binary
INCOME-5_1988,binary
INCOME-5E_1988,binary
Q13A-43A_1988,binary
Q13F-43A_1988,binary
Q13-71_1988,binary
INCOME-36_1988,binary
Q13-74_1988,binary
Q13-79_1988,binary
Q11-83_1988,binary
INCOME-18_1988,binary
INCOME-19_1988,binary
INCOME-35_1988,binary
Q13-116_1988,binary
Q13-117_1988,binary
Q13-121_1988,binary
Q13-124_1988,binary
Q13-128_1988,binary
Q13-133_1988,binary
Q13-137_1988,binary
Q13-139_1988,binary
CRES-1_1988,binary
TIME-MIN_1988,continuous
TIME-FER_1988,continuous
TIME-CHILD_1988,continuous
TIME-FANDC_1988,continuous
CURDATE~M_1988,continuous
Q15-1_1988,categorical_ordinal
Q15-2_1988,binary
Q15-4_1988,categorical_ordinal
Q15-5_1988,categorical_ordinal
Q15-6_1988,categorical_nominal
HHI-29_1988,continuous
HHI-33_1988,continuous
HHI-34_1988,binary
HHI-35_1988,categorical_nominal
Q15-12_1988,continuous
INTCHARS_INT_ID_1988,continuous
INTCHARS_YRSINTR_1988,continuous
INTCHARS_RACE_1988,categorical_nominal
INTCHARS_SEX_1988,binary
INTCHARS_AGE_1988,continuous
INTCHARS_EDUCATION_1988,categorical_ordinal
LINTDATE_M_1988,continuous
MARCODE_1988,categorical_ordinal
DIPLOMAGED_1988,binary
INT86_M_1988,continuous
TRANSCRIPT_1988,binary
LEFTMIL_1988,categorical_nominal
DATELI_M_1988,continuous
DRUGUSE_1988,binary
HHI_FINAL_GENCODE.01_1988,binary
HHI_FINAL_RELCODE.01_1988,continuous
HHI_FINAL_AGE.01_1988,continuous
HHI_FINAL_GRADECODE.01_1988,continuous
HHI_FINAL_WORK.01_1988,binary
HHI_FINAL_GENCODE.02_1988,binary
HHI_FINAL_RELCODE.02_1988,continuous
HHI_FINAL_AGE.02_1988,continuous
HHI_FINAL_GRADECODE.02_1988,continuous
ES-1E_1_1988,binary
EMPLOYER_STARTDATE.01~M_1988,categorical_nominal
EMPLOYER_STARTDATE.01~Y_1988,year
QES-23.01_1988,binary
TENURE1_1988,continuous
QES-28.01_1988,binary
QES-45.01_1988,binary
QES-51.01_1988,continuous
PAYRATE-ALL-EMP.01_1988,continuous
QES-71A.01_1988,categorical_nominal
HRP1_1988,continuous
HRP1_WHRLY2_1988,continuous
QES-80.01_1988,binary
QES-87A.01_1988,binary
QES-92.01_1988,binary
SAMPWEIGHT_1988,continuous
C_SAMPWEIGHT_1988,continuous
FAMSIZE_1988,continuous
TNFI_TRUNC_1988,continuous
POVSTATUS_1988,binary
POVSTATUS_OLDSTND_1988,binary
ESR_KEY_1988,categorical_nominal
ESR_COL_1988,categorical_nominal
REGION_1988,categorical_nominal
MARSTAT-COL_1988,categorical_ordinal
MARSTAT-KEY_1988,categorical_ordinal
HGCREV88_1988,continuous
ENROLLMTREV88_1988,categorical_ordinal
AGEATINT_1988,continuous
DOI_EMPLOYED_1988,binary
HRSWK-PCY_1988,continuous
WKSWK-PCY_1988,continuous
WKSUEMP-PCY_1988,continuous
WKSOLF-PCY_1988,continuous
HRSWK-SLI_1988,continuous
WKSWK-SLI_1988,continuous
WKSUEMP-SLI_1988,continuous
WKSOLF-SLI_1988,continuous
WKSSINCELI_1988,continuous
JOBSNUM_1988,continuous
URBAN-RURAL_1988,binary
SMSARES_1988,categorical_nominal
NUMKID88_1988,continuous
NUMCH88_1988,continuous
NUMSPPTR88_XRND,categorical_ordinal
JOB_UID_EMPROSTER1_1988,continuous
HH1-1_1989,categorical_nominal
HH5-2_1989,binary
HH5-10_1989,binary
Q2-3A_1989,binary
Q2-4_1989,categorical_nominal
Q3-1_1989,binary
Q3-7_1989,binary
Q3-9_1989,binary
Q3-11_1989,binary
Q6-1_1989,categorical_ordinal
CPSIND70_1989,categorical_nominal
CPSOCC70_1989,categorical_nominal
CPSIND80_1989,categorical_nominal
CPSOCC80_1989,categorical_nominal
CPS-QES-56C_1989,categorical_nominal
CPSHRP_1989,continuous
CPS-HOURS_WORKED_WEEK_ALL_1989,continuous
CPS-QES-52A_1989,continuous
CPS-QES-52B_1989,continuous
CPS-83_1989,binary
CPS-QES-FIRMSZ1_1989,binary
CPS-QES-FIRMSZ2_1989,continuous
CPS-84_1989,binary
CPS-95_1989,categorical_ordinal
CPS-96_1989,binary
CPS-98_1989,continuous
CPS-99_1989,continuous
CPS-QES-86C.01_1989,continuous
CPS-QES-86D.01_1989,continuous
CPS-QES-86A.01_1989,binary
CPS-QES-89_1989,categorical_ordinal
CPSMIL_1989,binary
OTHERWK_1989,binary
ALLDLI_1989,binary
QES-B_1989,continuous
Q7-4_1989,continuous
ONJOBS-43_1989,binary
Q7-7_1989,binary
Q8-18_1989,binary
Q9-22B_1989,binary
Q9-22C_1989,binary
Q11-86B_1989,binary
Q11-2_1989,binary
Q11-9_1989,continuous
Q11-10_1989,binary
Q11-12_1989,binary
HEALTH-28_1989,binary
Q11-82_1989,binary
ALCH-1_1989,binary
Q12-3_1989,binary
Q12-8_1989,categorical_nominal
Q13-5_1989,continuous
Q13-5_TRUNC_REVISED_1989,continuous
Q13-10_1989,binary
INCOME-2A_1989,binary
INCOME-5C_1989,binary
Q13A-43A_1989,binary
Q13F-43A_1989,binary
Q13-71_1989,binary
Q13-74_1989,binary
Q13-79_1989,binary
Q11-93_1989,binary
Q13-76_1989,binary
Q13-77_1989,categorical_ordinal
Q13-78_1989,continuous
Q13-116_1989,binary
Q13-117_1989,binary
Q13-121_1989,binary
Q13-124_1989,binary
INCOME-37_1989,categorical_ordinal
Q13-128_1989,binary
Q13-133_1989,binary
Q13-134_1989,binary
Q13-137_1989,binary
Q13-139_1989,binary
TIME-MIN_1989,continuous
CURDATE~M_1989,continuous
Q15-1_1989,categorical_ordinal
Q15-2_1989,binary
Q15-4_1989,categorical_ordinal
Q15-5_1989,categorical_ordinal
Q15-6_1989,categorical_nominal
HHI-29_1989,continuous
HHI-33_1989,continuous
HHI-34_1989,binary
HHI-35_1989,categorical_nominal
Q15-12_1989,continuous
INTCHARS_INT_ID_1989,continuous
INTCHARS_YRSINTR_1989,continuous
INTCHARS_RACE_1989,categorical_nominal
INTCHARS_SEX_1989,binary
INTCHARS_AGE_1989,continuous
INTCHARS_EDUCATION_1989,categorical_ordinal
LINTDATE_M_1989,continuous
MARCODE_1989,categorical_ordinal
DIPLOMAGED_1989,binary
TRANSCRIPT_1989,binary
HHI_FINAL_GENCODE.01_1989,binary
HHI_FINAL_RELCODE.01_1989,continuous
HHI_FINAL_AGE.01_1989,continuous
HHI_FINAL_GRADECODE.01_1989,continuous
HHI_FINAL_WORK.01_1989,binary
HHI_FINAL_GENCODE.02_1989,binary
HHI_FINAL_RELCODE.02_1989,continuous
HHI_FINAL_AGE.02_1989,continuous
HHI_FINAL_GRADECODE.02_1989,continuous
ES-1E_1_1989,binary
EMPLOYER_STARTDATE.01~M_1989,categorical_nominal
EMPLOYER_STARTDATE.01~Y_1989,year
QES-23.01_1989,binary
TENURE1_1989,continuous
QES-28.01_1989,binary
QES-45.01_1989,binary
QES-51.01_1989,continuous
PAYRATE-ALL-EMP.01_1989,continuous
QES-71A.01_1989,categorical_nominal
HRP1_1989,continuous
HRP1_WHRLY2_1989,continuous
QES-80.01_1989,binary
QES-85.01_1989,binary
QES-88C.01_1989,binary
ES-15_1_1989,binary
ES-16_1_1989,binary
QES-92.01_1989,binary
SAMPWEIGHT_1989,continuous
C_SAMPWEIGHT_1989,continuous
FAMSIZE_1989,continuous
TNFI_TRUNC_1989,continuous
POVSTATUS_1989,binary
POVSTATUS_OLDSTND_1989,binary
ESR_KEY_1989,categorical_nominal
ESR_COL_1989,categorical_nominal
REGION_1989,categorical_nominal
MARSTAT-COL_1989,categorical_ordinal
MARSTAT-KEY_1989,categorical_ordinal
HGCREV89_1989,continuous
ENROLLMTREV89_1989,categorical_ordinal
AGEATINT_1989,continuous
DOI_EMPLOYED_1989,binary
HRSWK-PCY_1989,continuous
WKSWK-PCY_1989,continuous
WKSUEMP-PCY_1989,continuous
WKSOLF-PCY_1989,continuous
HRSWK-SLI_1989,continuous
WKSWK-SLI_1989,continuous
WKSUEMP-SLI_1989,continuous
WKSOLF-SLI_1989,continuous
WKSSINCELI_1989,continuous
URBAN-RURAL_1989,binary
SMSARES_1989,categorical_nominal
JOBSNUM_1989,continuous
NUMKID89_1989,continuous
NUMCH89_1989,continuous
NUMSPPTR89_XRND,categorical_ordinal
JOB_UID_EMPROSTER1_1989,continuous
HH1-1_1990,categorical_nominal
HH5-2_1990,binary
HH5-10_1990,binary
Q2-3A_1990,binary
Q2-4_1990,categorical_nominal
Q3-1_1990,binary
Q3-7_1990,binary
Q3-9_1990,binary
Q3-11_1990,binary
Q6-1_1990,categorical_ordinal
CPSIND70_1990,categorical_nominal
CPSOCC70_1990,categorical_nominal
CPSIND80_1990,categorical_nominal
CPSOCC80_1990,categorical_nominal
CPS-QES-56C_1990,categorical_nominal
CPSHRP_1990,continuous
CPS-HOURS_WORKED_WEEK_ALL_1990,continuous
CPS-QES-52A_1990,continuous
CPS-QES-52B_1990,continuous
CPS-83_1990,binary
CPS-102_1990,binary
CPS-103_1990,binary
CPS-QES-FIRMSZ1_1990,binary
CPS-QES-FIRMSZ2_1990,continuous
CPS-QES-86A.01_1990,categorical_nominal
CPS-QES-89_1990,categorical_ordinal
CPSMIL_1990,binary
OTHERWK_1990,binary
ALLDLI_1990,binary
QES-B_1990,continuous
Q7-4_1990,continuous
ONJOBS-43_1990,binary
Q7-7_1990,binary
Q8-18_1990,binary
FER-18_1990,binary
Q9-67_1990,binary
Q11-2_1990,binary
Q11-9_1990,continuous
Q11-10_1990,binary
Q11-12_1990,binary
Q11-79_1990,binary
Q11-82_1990,binary
Q11-86B_1990,binary
Q13-5_1990,continuous
Q13-5_TRUNC_REVISED_1990,continuous
Q13-10_1990,binary
INCOME-2A_1990,binary
INCOME-5C_1990,binary
Q13A-43A_1990,binary
Q13F-43A_1990,binary
Q13-44A_1990,binary
Q13-49_1990,continuous
Q13-48_1990,binary
Q13-50_1990,binary
Q13-53_1990,continuous
Q13-54_1990,binary
Q13-58_1990,binary
Q13-71_1990,binary
Q13-74_1990,binary
Q13-76_1990,binary
Q13-77_1990,categorical_ordinal
Q13-78_1990,continuous
Q13-79_1990,binary
Q11-93_1990,binary
Q13-116_1990,binary
Q13-117_1990,binary
Q13-121_1990,binary
Q13-124_1990,binary
Q13-128_1990,binary
Q13-133_1990,binary
Q13-134_1990,binary
Q13-137_1990,binary
Q13-139_1990,binary
Q13-141_1990,categorical_ordinal
CITIZEN_1990,binary
TIME-MIN_1990,continuous
TIME-FER_1990,continuous
CURDATE~M_1990,continuous
Q15-1_1990,categorical_ordinal
Q15-2_1990,binary
Q15-4_1990,categorical_ordinal
Q15-5_1990,categorical_ordinal
Q15-6_1990,categorical_nominal
HHI-29_1990,continuous
HHI-33_1990,continuous
HHI-34_1990,categorical_nominal
HHI-35_1990,categorical_nominal
Q15-12_1990,continuous
INTCHARS_INT_ID_1990,continuous
INTCHARS_YRSINTR_1990,continuous
INTCHARS_RACE_1990,categorical_nominal
INTCHARS_AGE_1990,continuous
INTCHARS_EDUCATION_1990,categorical_ordinal
LINTDATE_M_1990,continuous
MARCODE_1990,categorical_ordinal
DIPLOMAGED_1990,binary
TRANSCRIPT_1990,binary
INT88_M_1990,continuous
HHI_FINAL_GENCODE.01_1990,binary
HHI_FINAL_RELCODE.01_1990,continuous
HHI_FINAL_AGE.01_1990,continuous
HHI_FINAL_GRADECODE.01_1990,continuous
HHI_FINAL_WORK.01_1990,binary
HHI_FINAL_GENCODE.02_1990,binary
HHI_FINAL_RELCODE.02_1990,continuous
HHI_FINAL_AGE.02_1990,continuous
HHI_FINAL_GRADECODE.02_1990,continuous
ES-1E_1_1990,binary
EMPLOYER_STARTDATE.01~M_1990,categorical_nominal
EMPLOYER_STARTDATE.01~Y_1990,year
QES-23.01_1990,binary
TENURE1_1990,continuous
QES-28.01_1990,binary
QES-45.01_1990,binary
QES-51.01_1990,continuous
PAYRATE-ALL-EMP.01_1990,continuous
QES-71A.01_1990,categorical_nominal
HRP1_1990,continuous
HRP1_WHRLY2_1990,continuous
QES-80.01_1990,binary
QES-85.01_1990,binary
QES-88C.01_1990,binary
QES-92.01_1990,binary
SAMPWEIGHT_1990,continuous
C_SAMPWEIGHT_1990,continuous
MODEINT_ORIG_1990,categorical_nominal
MODEINT_FINAL_1990,categorical_nominal
FAMSIZE_1990,continuous
TNFI_TRUNC_1990,continuous
POVSTATUS_1990,binary
POVSTATUS_OLDSTND_1990,binary
ESR_KEY_1990,categorical_nominal
ESR_COL_1990,categorical_nominal
REGION_1990,categorical_nominal
MARSTAT-COL_1990,categorical_ordinal
MARSTAT-KEY_1990,categorical_ordinal
HGCREV90_1990,continuous
ENROLLMTREV90_1990,categorical_ordinal
AGEATINT_1990,continuous
DOI_EMPLOYED_1990,binary
HRSWK-PCY_1990,continuous
WKSWK-PCY_1990,continuous
WKSUEMP-PCY_1990,continuous
WKSOLF-PCY_1990,continuous
HRSWK-SLI_1990,continuous
WKSWK-SLI_1990,continuous
WKSUEMP-SLI_1990,continuous
WKSOLF-SLI_1990,continuous
WKSSINCELI_1990,continuous
URBAN-RURAL_1990,binary
SMSARES_1990,categorical_nominal
JOBSNUM_1990,continuous
NUMKID90_1990,continuous
NUMCH90_1990,continuous
NUMSPPTR90_XRND,categorical_ordinal
JOB_UID_EMPROSTER1_1990,continuous
HH1-1_1991,categorical_nominal
HH5-2_1991,binary
HH5-10_1991,binary
Q2-3A_1991,binary
Q2-4AC_1991,categorical_nominal
Q3-1_1991,binary
Q3-7_1991,binary
Q3-9_1991,binary
Q6-1_1991,categorical_ordinal
CPSIND70_1991,categorical_nominal
CPSOCC70_1991,categorical_nominal
CPSIND80_1991,categorical_nominal
CPSOCC80_1991,categorical_nominal
CPS-QES-56C_1991,categorical_nominal
CPSHRP_1991,continuous
CPS-HOURS_WORKED_WEEK_ALL_1991,continuous
CPS-QES-52A_1991,continuous
CPS-QES-52B_1991,continuous
CPS-QES-84B_1991,binary
CPS-QES-FIRMSZ1_1991,binary
CPS-QES-FIRMSZ2_1991,continuous
CPS-QES-86A.01_1991,categorical_nominal
CPS-QES-89_1991,categorical_ordinal
CPSMIL_1991,binary
OTHERWK_1991,binary
ALLDLI_1991,binary
QES-B_1991,continuous
Q7-4_1991,continuous
ONJOBS-43_1991,binary
Q7-7_1991,binary
Q8-18_1991,binary
Q9-22B_1991,binary
Q15-14B_1991,binary
Q11-5A_1991,binary
Q13-5_1991,continuous
Q13-5_TRUNC_REVISED_1991,continuous
INCOME-4A_1991,binary
Q13-10_1991,binary
INCOME-2A_1991,binary
INCOME-5C_1991,binary
Q13A-43A_1991,binary
Q13F-43A_1991,binary
Q13-44A_1991,binary
Q13-49_1991,continuous
Q13-48_1991,binary
Q13-50_1991,binary
Q13-53_1991,continuous
Q13-54_1991,binary
Q13-58_1991,binary
Q13-71_1991,binary
Q13-74_1991,binary
Q13-76_1991,binary
Q13-77_1991,categorical_ordinal
Q13-78_1991,continuous
Q13-79_1991,binary
Q11-93_1991,binary
Q13-116_1991,binary
TIME-MIN_1991,continuous
CURDATE~M_1991,continuous
Q15-1_1991,categorical_ordinal
Q15-2_1991,binary
Q15-4_1991,categorical_ordinal
Q15-5_1991,categorical_ordinal
Q15-6_1991,categorical_nominal
HHI-29_1991,continuous
HHI-33_1991,continuous
HHI-34_1991,binary
HHI-35_1991,categorical_nominal
Q15-12_1991,continuous
INTCHARS_INT_ID_1991,continuous
INTCHARS_YRSINTR_1991,continuous
INTCHARS_RACE_1991,categorical_nominal
INTCHARS_SEX_1991,binary
INTCHARS_AGE_1991,continuous
INTCHARS_EDUCATION_1991,categorical_ordinal
LINTDATE_M_1991,continuous
MARCODE_1991,categorical_ordinal
DIPLOMAGED_1991,binary
HHI_FINAL_GENCODE.01_1991,binary
HHI_FINAL_RELCODE.01_1991,continuous
HHI_FINAL_AGE.01_1991,continuous
HHI_FINAL_GRADECODE.01_1991,continuous
HHI_FINAL_WORK.01_1991,binary
HHI_FINAL_GENCODE.02_1991,binary
HHI_FINAL_RELCODE.02_1991,continuous
HHI_FINAL_AGE.02_1991,continuous
HHI_FINAL_GRADECODE.02_1991,continuous
ES-1E_1_1991,binary
EMPLOYER_STARTDATE.01~M_1991,categorical_nominal
EMPLOYER_STARTDATE.01~Y_1991,year
QES-23.01_1991,binary
TENURE1_1991,continuous
QES-28.01_1991,binary
QES-45.01_1991,binary
QES-51.01_1991,continuous
PAYRATE-ALL-EMP.01_1991,continuous
QES-71A.01_1991,categorical_nominal
HRP1_1991,continuous
HRP1_WHRLY2_1991,continuous
QES-80.01_1991,binary
QES-85.01_1991,binary
QES-88C.01_1991,binary
QES-92.01_1991,binary
SAMPWEIGHT_1991,continuous
C_SAMPWEIGHT_1991,continuous
FAMSIZE_1991,continuous
TNFI_TRUNC_1991,continuous
POVSTATUS_1991,binary
POVSTATUS_OLDSTND_1991,binary
ESR_KEY_1991,categorical_nominal
ESR_COL_1991,categorical_nominal
REGION_1991,categorical_nominal
MARSTAT-COL_1991,categorical_ordinal
MARSTAT-KEY_1991,categorical_ordinal
HGCREV91_1991,continuous
ENROLLMTREV91_1991,categorical_ordinal
AGEATINT_1991,continuous
DOI_EMPLOYED_1991,binary
HRSWK-PCY_1991,continuous
WKSWK-PCY_1991,continuous
WKSUEMP-PCY_1991,continuous
WKSOLF-PCY_1991,continuous
HRSWK-SLI_1991,continuous
WKSWK-SLI_1991,continuous
WKSUEMP-SLI_1991,continuous
WKSOLF-SLI_1991,continuous
WKSSINCELI_1991,continuous
URBAN-RURAL_1991,binary
SMSARES_1991,categorical_nominal
JOBSNUM_1991,continuous
NUMKID91_1991,continuous
NUMCH91_1991,continuous
NUMSPPTR91_XRND,categorical_ordinal
RELSPPTR91_XRND,continuous
JOB_UID_EMPROSTER1_1991,continuous
HH1-1_1992,categorical_nominal
HH5-2_1992,binary
HH5-10_1992,binary
Q2-3A_1992,binary
Q2-4_1992,categorical_nominal
Q3-1_1992,binary
Q3-7_1992,binary
Q3-9_1992,binary
SCHOOL-58_M_1992,continuous
Q3-11_1992,binary
Q6-1_1992,categorical_ordinal
CPSIND70_1992,categorical_nominal
CPSOCC70_1992,categorical_nominal
CPSIND80_1992,categorical_nominal
CPSOCC80_1992,categorical_nominal
CPS-QES-56C_1992,categorical_nominal
CPSHRP_1992,continuous
CPS-HOURS_WORKED_WEEK_ALL_1992,continuous
CPS-QES-52A_1992,continuous
CPS-QES-52B_1992,continuous
CPS-QES-84A_1992,binary
CPS-QES-84B_1992,binary
CPS-QES-FIRMSZ1_1992,binary
CPS-QES-FIRMSZ2_1992,continuous
CPS-QES-86A.01_1992,categorical_nominal
CPS-QES-89_1992,categorical_ordinal
CPSMIL_1992,binary
OTHERWK_1992,binary
ALLDLI_1992,binary
QES-B_1992,continuous
Q7-4_1992,continuous
ONJOBS-43_1992,binary
Q7-7_1992,binary
Q8-18_1992,binary
Q9-22B_1992,binary
FER-3_1992,continuous
Q9-62_1992,binary
Q9-64G_1992,categorical_nominal
Q9-67_1992,binary
Q11-2_1992,binary
Q11-5A_1992,binary
Q11-9_1992,continuous
Q11-10_1992,binary
Q11-12_1992,binary
Q11-79_1992,binary
Q11-80B_000001_1992,binary
Q11-80B_000003_1992,categorical_nominal
Q11-80B_000005_1992,categorical_nominal
Q11-80B_000006_1992,categorical_nominal
Q11-82_1992,binary
Q11-86B_1992,binary
PEARLIN_1_1992,categorical_ordinal
PEARLIN_2_1992,categorical_ordinal
PEARLIN_3_1992,categorical_ordinal
PEARLIN_4_1992,categorical_ordinal
PEARLIN_5_1992,categorical_ordinal
PEARLIN_6_1992,categorical_ordinal
PEARLIN_7_1992,categorical_ordinal
PEARLIN_SCORE_1992,continuous
PEARLIN_IRT_SCORE_1992,continuous
PEARLIN_IRT_STANDARD_ERROR_1992,continuous
PEARLIN_IRT_SCORE_REVISED_1992,continuous
PEARLIN_ZSCORECW_1992,continuous
PEARLIN_ZSCORECW_PERCENTILE_1992,continuous
CESD~000000_1992,categorical_ordinal
CESD~000001_1992,categorical_ordinal
CESD~000002_1992,categorical_ordinal
CESD~000002A_1992,categorical_ordinal
CESD~000003_1992,categorical_ordinal
CESD~000004_1992,categorical_ordinal
CESD~000005_1992,categorical_ordinal
CESD~000005A_1992,categorical_ordinal
CESD~000005B_1992,categorical_ordinal
CESD~000005C_1992,categorical_ordinal
CESD~000006_1992,categorical_ordinal
CESD~000006A_1992,categorical_ordinal
CESD~000006B_1992,categorical_ordinal
CESD~000007_1992,categorical_ordinal
CESD~000007A_1992,categorical_ordinal
CESD~000007B_1992,categorical_ordinal
CESD~000007C_1992,categorical_ordinal
CESD~000008_1992,categorical_ordinal
CESD~000008A_1992,categorical_ordinal
CESD~000009_1992,categorical_ordinal
CESD_SCORE_20_ITEM_1992,continuous
CESD_SCORE_7_ITEM_1992,continuous
CESD_IRT_SCORE_20_ITEM_1992,continuous
CESD_IRT_STANDARD_ERROR_20_ITEM_1992,continuous
CESD_IRT_SCORE_REVISED_1992,continuous
CESD_ZSCORECW_1992,continuous
CESD_ZSCORECW_PERCENTILE_1992,continuous
Q13-5_1992,continuous
Q13-5_TRUNC_REVISED_1992,continuous
INCOME-4A_1992,binary
Q13-10_1992,binary
INCOME-2A_1992,binary
INCOME-5C_1992,binary
Q13A-43A_1992,binary
Q13F-43A_1992,binary
Q13-44A_1992,binary
Q13-49_1992,continuous
Q13-48_1992,binary
Q13-50_1992,binary
Q13-53_1992,continuous
Q13-54_1992,binary
Q13-58_1992,binary
Q13-71_1992,binary
Q13-74_1992,binary
Q13-76_1992,binary
Q13-77_1992,categorical_ordinal
Q13-78_1992,continuous
Q13-79_1992,binary
Q11-93_1992,binary
Q13-116_1992,binary
Q13-117_1992,binary
Q13-121_1992,binary
Q13-124_1992,binary
Q13-128_1992,binary
Q13-133_1992,binary
Q13-134_1992,binary
Q13-137_1992,binary
Q13-139_1992,binary
Q13-141_1992,categorical_ordinal
Q13-146G_1992,categorical_ordinal
DS-2_1992,binary
Q12-5_1992,categorical_ordinal
DS-8_1992,categorical_ordinal
DS-12_1992,categorical_ordinal
DS-16_1992,categorical_ordinal
DS-21_1992,binary
DS-22_1992,binary
DS-24_1992,binary
DS-25_1992,binary
DS-26_1992,binary
DS-27_1992,binary
DS-28_1992,binary
DS-30_1992,binary
CURDATE~M_1992,continuous
Q15-1_1992,categorical_ordinal
Q15-2_1992,binary
Q15-4_1992,categorical_ordinal
Q15-5_1992,categorical_ordinal
Q15-6_1992,categorical_nominal
HHI-29_1992,continuous
HHI-33_1992,continuous
HHI-34_1992,binary
HHI-35_1992,categorical_nominal
Q15-12_1992,continuous
INTCHARS_INT_ID_1992,continuous
INTCHARS_YRSINTR_1992,continuous
INTCHARS_RACE_1992,categorical_nominal
INTCHARS_SEX_1992,binary
INTCHARS_AGE_1992,continuous
INTCHARS_EDUCATION_1992,categorical_ordinal
LINTDATE_M_1992,continuous
MARCODE_1992,categorical_ordinal
DIPLOMAGED_1992,binary
INT90_M_1992,continuous
INT89_M_1992,continuous
INT88_M_1992,continuous
HHI_FINAL_RELCODE.01_1992,continuous
HHI_FINAL_GENCODE.01_1992,binary
HHI_FINAL_AGE.01_1992,continuous
HHI_FINAL_GRADECODE.01_1992,continuous
HHI_FINAL_WORK.01_1992,binary
HHI_FINAL_RELCODE.02_1992,continuous
HHI_FINAL_GENCODE.02_1992,binary
HHI_FINAL_AGE.02_1992,continuous
HHI_FINAL_GRADECODE.02_1992,continuous
ES-1E_1_1992,binary
EMPLOYER_STARTDATE.01~M_1992,categorical_nominal
EMPLOYER_STARTDATE.01~Y_1992,year
QES-23.01_1992,binary
TENURE1_1992,continuous
QES-28.01_1992,binary
QES-45.01_1992,binary
QES-51.01_1992,continuous
PAYRATE-ALL-EMP.01_1992,continuous
QES-71A.01_1992,categorical_nominal
HRP1_1992,continuous
HRP1_WHRLY2_1992,continuous
QES-80.01_1992,binary
QES-85.01_1992,binary
QES-92.01_1992,binary
SAMPWEIGHT_1992,continuous
C_SAMPWEIGHT_1992,continuous
FAMSIZE_1992,continuous
TNFI_TRUNC_1992,continuous
POVSTATUS_1992,binary
POVSTATUS_OLDSTND_1992,binary
ESR_KEY_1992,categorical_nominal
ESR_COL_1992,categorical_nominal
REGION_1992,categorical_nominal
MARSTAT-COL_1992,categorical_ordinal
MARSTAT-KEY_1992,categorical_ordinal
HGCREV92_1992,continuous
ENROLLMTREV92_1992,categorical_ordinal
AGEATINT_1992,continuous
DOI_EMPLOYED_1992,binary
HRSWK-PCY_1992,continuous
WKSWK-PCY_1992,continuous
WKSUEMP-PCY_1992,continuous
WKSOLF-PCY_1992,continuous
HRSWK-SLI_1992,continuous
WKSWK-SLI_1992,continuous
WKSUEMP-SLI_1992,continuous
WKSOLF-SLI_1992,continuous
WKSSINCELI_1992,continuous
URBAN-RURAL_1992,binary
SMSARES_1992,categorical_nominal
JOBSNUM_1992,continuous
NUMKID92_1992,continuous
NUMCH92_1992,continuous
NUMSPPTR92_XRND,categorical_ordinal
RELSPPTR92_XRND,continuous
JOB_UID_EMPROSTER1_1992,continuous
HH-TIME_1993,continuous
CURDATE~M_1993,continuous
HH1-1_1993,categorical_nominal
HH5-2_1993,binary
HH5-11_1993,binary
Q1-TIME_1993,continuous
Q1-2_1993,continuous
Q2-3A_1993,binary
Q2-4AC_1993,binary
SIBROS_OLDER_YOUNGER.01_1993,categorical_nominal
SIBROS_YRS_OLDER_YOUNGER.01_1993,continuous
SIBROS_GENDER.01_1993,binary
SIBROS_HGC.01_1993,continuous
SIBROS_NUMKIDS.01_1993,continuous
SIBROS_ANY_MORE_SIBS.01_1993,binary
SIBROS_OLDER_YOUNGER.02_1993,categorical_nominal
SIBROS_YRS_OLDER_YOUNGER.02_1993,continuous
SIBROS_GENDER.02_1993,binary
SIBROS_HGC.02_1993,continuous
SIBROS_NUMKIDS.02_1993,continuous
SIBROS_ANY_MORE_SIBS.02_1993,binary
Q3-1_1993,binary
Q3-7_1993,binary
Q3-9_1993,binary
Q3-11_1993,binary
CPSMIL_1993,binary
OTHERWK_1993,binary
ANYDLI_1993,binary
DLI-1.01_1993,binary
DLI-1.02_1993,binary
DLI-5-4A.02_1993,binary
DLI-5-4A.03_1993,binary
PDLI-1A.01_1993,binary
PDLI-1A.02_1993,binary
Q6-23E_1993,binary
Q6-23F_1993,binary
Q6-23H_1993,binary
Q6-23I_1993,binary
Q6-23J_1993,binary
Q6-23K_1993,binary
CPS-ONJS-7300_1993,binary
CPS-ONJS-8400_1993,binary
Q6-1_1993,categorical_ordinal
CPS-Q6-48_1993,binary
CPSIND70_1993,categorical_nominal
CPSOCC70_1993,categorical_nominal
CPS-QES-56C_1993,categorical_nominal
CPS-HOURS_WORKED_WEEK_ALL_1993,continuous
CPS-QES-52A_1993,continuous
CPS-QES-52B_1993,continuous
CPS-QES-52E_1993,continuous
CPS-QES-52F_1993,continuous
CPS-QES-52G~000001_1993,categorical_ordinal
CPS-QES-52G~000002_1993,categorical_ordinal
CPS-QES-52G~000003_1993,categorical_ordinal
CPS-QES-52G~000007_1993,categorical_ordinal
CPS-QES-52G~000008_1993,categorical_ordinal
CPS-QES-52H_1993,continuous
CPS-QES-52J_1993,continuous
CPS-QES-52K_1993,binary
CPS-QES-84A_1993,binary
CPS-QES-84B_1993,binary
CPS-QES-FIRMSZ1_1993,binary
CPS-QES-FIRMSZ2_1993,continuous
CPS-QES-FIRMSZ4_1993,binary
CPS-QES-86A.01_1993,categorical_nominal
CPS-QES-89_1993,categorical_ordinal
QES-B_1993,continuous
QES-4B.01_1993,categorical_ordinal
EMPLOYER_STARTDATE.01~M_1993,categorical_nominal
EMPLOYER_STARTDATE.01~Y_1993,year
QES-8.01~M_1993,continuous
QES-8.01~Y_1993,continuous
QES-23.01_1993,binary
QES-28.01_1993,binary
QES-45.01_1993,binary
QES-51.01_1993,continuous
QES-52.01_1993,binary
CPSOCC80_1993,categorical_nominal
CPSIND80_1993,categorical_nominal
QES-59B.01~M_1993,continuous
QES-59B.01~Y_1993,continuous
QES-60A.01_1993,continuous
EMPLOYER_EMPPREVID.01_1993,continuous
PAYRATE-ALL-EMP.01_1993,continuous
QES-71A.01_1993,categorical_nominal
QES-80.01_1993,binary
QES-84.01_1993,binary
QES-85.01_1993,binary
QES-92.01_1993,binary
EMPLOYER_EMPPREVID.02_1993,continuous
Q7-4_1993,continuous
Q7-7_1993,binary
Q8-18_1993,binary
Q8-19_1993,binary
Q8-35_1993,binary
Q8-37_1993,binary
Q8-37A_1993,binary
Q8-37C_1993,binary
Q8-37D_1993,binary
Q8-37E_1993,binary
Q8-37F_1993,binary
Q8-37G_1993,binary
Q8-37H_1993,binary
Q8-38_1993,binary
Q9-22B_1993,binary
Q9-42B_1993,binary
Q11-5A_1993,binary
Q11-9_1993,continuous
Q11-9A_1A_1993,categorical_ordinal
Q11-9A_1B_1993,categorical_ordinal
Q11-10_1993,binary
Q11-12_1993,binary
Q11-79_1993,binary
Q11-80B~000001_1993,binary
Q11-80B~000003_1993,categorical_nominal
Q11-80B~000005_1993,categorical_nominal
Q11-80B~000006_1993,categorical_nominal
Q11-82_1993,binary
Q11-86B_1993,binary
Q13-5_1993,continuous
Q13-5_TRUNC_REVISED_1993,continuous
Q13-8_1993,binary
Q13U-1_1993,binary
Q13U-43A_1993,binary
Q13-10_1993,binary
INCOME-2A_1993,binary
Q13-33_1993,binary
Q13-35_1993,binary
Q13A-1_1993,binary
Q13A-6B_1993,binary
Q13F-1_1993,binary
Q13F-6B_1993,binary
Q13-44A_1993,binary
Q13-48_1993,continuous
Q13-49_1993,binary
Q13-50_1993,binary
Q13-53_1993,continuous
Q13-54_1993,binary
Q13-58_1993,binary
Q13-71_1993,binary
Q13-74_1993,binary
Q13-76_1993,binary
Q13-77_1993,categorical_ordinal
Q13-78_1993,continuous
Q13-79_1993,binary
Q13-93_1993,binary
Q13-116_1993,binary
Q13-117_1993,binary
Q13-121_1993,binary
Q13-124_1993,binary
Q13-128_1993,binary
Q13-133_1993,binary
Q13-134_1993,binary
Q13-136_1993,continuous
Q13-136_REVISED_1993,continuous
Q13-137_1993,binary
Q13-139_1993,binary
Q13-141_1993,categorical_ordinal
RISK-INCOME-1_1993,binary
Q15-1_1993,categorical_ordinal
Q15-2_1993,binary
Q15-4_1993,categorical_ordinal
Q15-5_1993,categorical_ordinal
Q15-6_1993,categorical_nominal
Q15-7_1993,binary
Q15-8_1993,binary
Q15-11_1993,binary
Q15-12_1993,continuous
LINTDATE~M_1993,continuous
UNEMPR_LASTMO_1993,continuous
AFDC-LASTMO_1993,continuous
FOODS-LASTMO_1993,continuous
DIPLOMAGED_1993,binary
MARCODE_1993,categorical_ordinal
NUMKIDS_1993,continuous
OMARCODE_1993,categorical_ordinal
ODIPGED_1993,binary
HHI_FINAL_FU.01_1993,categorical_nominal
HHI_FINAL_GENCODE.01_1993,binary
HHI_FINAL_RELCODE.01_1993,continuous
HHI_FINAL_AGE.01_1993,continuous
HHI_FINAL_GRADECODE.01_1993,continuous
HHI_FINAL_WORK.01_1993,binary
TENURE1_1993,continuous
CPSHRP_1993,continuous
HRP1_1993,continuous
HRP1_WHRLY2_1993,continuous
SAMPWEIGHT_1993,continuous
C_SAMPWEIGHT_1993,continuous
FAMSIZE_1993,continuous
TNFI_TRUNC_1993,continuous
POVSTATUS_1993,binary
POVSTATUS_OLDSTND_1993,binary
ESR_KEY_1993,categorical_nominal
ESR_COL_1993,categorical_nominal
REGION_1993,categorical_nominal
MARSTAT-COL_1993,categorical_ordinal
MARSTAT-KEY_1993,categorical_ordinal
HGCREV93_1993,continuous
ENROLLMTREV93_1993,categorical_ordinal
AGEATINT_1993,continuous
DOI_EMPLOYED_1993,binary
HRSWK-PCY_1993,continuous
WKSWK-PCY_1993,continuous
WKSUEMP-PCY_1993,continuous
WKSOLF-PCY_1993,continuous
HRSWK-SLI_1993,continuous
WKSWK-SLI_1993,continuous
WKSUEMP-SLI_1993,continuous
WKSOLF-SLI_1993,continuous
WKSSINCELI_1993,continuous
URBAN-RURAL_1993,binary
SMSARES_1993,categorical_nominal
JOBSNUM_1993,continuous
EMPLOYER_STOPDATE.01~M_1993,categorical_nominal
NUMKID93_1993,continuous
NUMCH93_1993,continuous
NUMSPPTR93_XRND,categorical_ordinal
RELSPPTR93_XRND,continuous
INTMODE_1993,categorical_nominal
INTCHARS_INT_ID_1993,continuous
INTCHARS_YRSINTR_1993,continuous
INTCHARS_RACE_1993,categorical_nominal
INTCHARS_SEX_1993,binary
INTCHARS_AGE_1993,continuous
INTCHARS_EDUCATION_1993,categorical_ordinal
JOB_UID_EMPROSTER1_1993,continuous
HH-TIME_1994,continuous
CURDATE~M_1994,categorical_nominal
HH1-1_1994,categorical_nominal
HH5-2_1994,binary
HH5-11_1994,binary
Q1-TIME_1994,continuous
Q1-2_1994,continuous
RECALL-CHECK_1994,binary
Q2-3A_1994,binary
Q2-4AC_1994,binary
Q2-48_1994,categorical_ordinal
Q3-1_1994,binary
Q3-7_1994,binary
Q3-9_1994,binary
Q3-11_1994,binary
Q3-30_1994,binary
Q3-32_1994,binary
Q5-1_1994,binary
Q5-2_1994,categorical_ordinal
Q5-89A_1994,categorical_ordinal
Q5-91C_1994,binary
OTHERWK_1994,binary
ANYDLI_1994,binary
Q6-23J_1994,binary
QES-B_1994,continuous
QES-4B.01_1994,categorical_ordinal
EMPLOYER_STARTDATE.01~M_1994,categorical_nominal
EMPLOYER_STARTDATE.01~Y_1994,year
QES-23.01_1994,binary
EMPLOYER_STOPDATE.01~M_1994,categorical_nominal
QES-28.01_1994,binary
QES-45.01_1994,binary
HOURS_WORKED_WEEK_ALL.01_1994,continuous
QES-51.01_1994,continuous
QES-52A.01_1994,continuous
QES-52B.01_1994,continuous
QES-52DA.01_1994,categorical_ordinal
QES-52E.01_1994,continuous
QES-52F.01_1994,continuous
QES-52G.01~000001_1994,binary
QES-52G.01~000002_1994,continuous
QES-52H.01_1994,continuous
QES-52J.01_1994,continuous
QES-52JA.01_1994,binary
QES-54B.01_1994,binary
QES-55A.01_1994,binary
CPSOCC80_1994,categorical_nominal
CPSIND80_1994,categorical_nominal
INDALL-EMP.01_1994,continuous
OCCALL-EMP.01_1994,categorical_nominal
COWALL-EMP.01_1994,categorical_nominal
QES-57B.01_1994,categorical_ordinal
QES-59A.01_1994,binary
QES-71A.01_1994,categorical_nominal
QES-71B.01_1994,binary
QES-71G.01_1994,categorical_ordinal
QES-84A.01_1994,binary
QES-84E.01_1994,binary
QES-84F.01_1994,binary
QES-84G.01_1994,binary
QES-84H.01_1994,binary
QES-84I.01_1994,binary
QES-84J.01_1994,binary
QES-84K.01_1994,binary
QES-84L.01_1994,binary
QES-84M.01_1994,binary
QES-84O.01_1994,continuous
QES-84P.01_1994,binary
QES-FIRMSZ1.01_1994,binary
QES-FIRMSZ2.01_1994,continuous
QES-FIRMSZ4.01_1994,binary
QES-86A.01_1994,categorical_ordinal
QES-89.01_1994,categorical_ordinal
QES-91A.01_1994,binary
QES-91B.01_1994,binary
QES-91G.01_1994,binary
QES-92.01_1994,binary
Q7-4_1994,continuous
Q7-5A_1994,binary
Q8-18_1994,binary
Q8-19_1994,binary
Q8-35_1994,binary
Q8-18A_1994,binary
Q8-36_1994,binary
Q8-37_1994,binary
Q8-37A_1994,binary
Q8-37C_1994,binary
Q8-37D_1994,binary
Q8-37E_1994,binary
Q8-37F_1994,binary
Q8-37G_1994,binary
Q8-37H_1994,binary
Q8-38_1994,binary
Q9-TIME_1994,continuous
Q9-RECALL1_1994,binary
Q9NB-30.01_1994,binary
Q9-22B_1994,binary
Q9-30.01_1994,binary
Q9-61_1994,binary
Q9-62_1994,binary
Q9-62B_1994,binary
Q9-62C_1994,binary
Q9-64G_1994,categorical_nominal
Q9-67_1994,binary
Q11-TIME_1994,continuous
Q11-5A_1994,binary
Q11-9_1994,continuous
Q11-10_1994,binary
Q11-11A_1994,binary
Q11-79_1994,binary
Q11-80B~000001_1994,binary
Q11-80B~000003_1994,binary
Q11-80B~000005_1994,binary
Q11-80B~000006_1994,binary
Q11-81A_1994,binary
Q11-82_1994,binary
Q11-86_1994,binary
CESD~000001_1994,categorical_ordinal
CESD~000003_1994,categorical_ordinal
CESD~000004_1994,categorical_ordinal
CESD~000005_1994,categorical_ordinal
CESD~000006_1994,categorical_ordinal
CESD~000008_1994,categorical_ordinal
CESD~000009_1994,categorical_ordinal
CESD_SCORE_7_ITEM_1994,continuous
CESD_IRT_SCORE_7_ITEM_1994,continuous
CESD_IRT_STANDARD_ERROR_7_ITEM_1994,continuous
Q12-2A_1994,binary
Q12-3_1994,binary
Q12-8_1994,categorical_nominal
Q13-5_1994,continuous
Q13-5_TRUNC_REVISED_1994,continuous
Q13-8_1994,binary
Q13U-A_1994,binary
Q13U-7_1994,binary
Q13U-16_1994,binary
Q13U-43A_1994,binary
Q13-10_1994,binary
Q13-32_1994,binary
Q13-33_1994,binary
Q13-33T_1994,binary
Q13-35_1994,binary
Q13A-A_1994,binary
Q13A-7_1994,binary
Q13A-16_1994,binary
Q13A-43A_1994,binary
Q13F-A_1994,binary
Q13F-7_1994,binary
Q13F-16_1994,binary
Q13F-43A_1994,binary
Q13-44A_1994,binary
Q13-48_1994,categorical_nominal
Q13-49_1994,continuous
Q13-50_1994,binary
Q13-53_1994,categorical_nominal
Q13-54_1994,continuous
Q13W-A_1994,binary
Q13-58_1994,binary
Q13-71_1994,binary
Q13-74_1994,binary
Q13-76_1994,binary
Q13-77_1994,categorical_ordinal
Q13-78_1994,continuous
Q13-79_1994,binary
Q13-116_1994,binary
Q13-117_1994,binary
Q13-121_1994,binary
Q13-123_1994,binary
Q13-123B_1994,binary
Q13-124_1994,binary
Q13-128_1994,binary
Q13-133_1994,binary
Q13-134_1994,binary
Q13-136_1994,continuous
Q13-136_REVISED_1994,continuous
Q13-137_1994,binary
Q13-139_1994,binary
Q13-141_1994,categorical_ordinal
Q13-145B~000001_1994,binary
Q13-145B~000002_1994,continuous
Q13-145B~000003_1994,continuous
Q13-145B~000004_1994,continuous
Q13-145B~000005_1994,continuous
Q13-145B~000006_1994,continuous
Q13-145B~000007_1994,continuous
Q13-145B~000008_1994,continuous
Q13-145B~000009_1994,continuous
DS-INTRO5_1994,continuous
DS-INTRO6_1994,categorical_ordinal
DS-2_1994,binary
DS-8_1994,categorical_ordinal
DS-12_1994,categorical_ordinal
DS-16_1994,categorical_ordinal
DS-21_1994,binary
DS-22_1994,binary
DS-24_1994,binary
DS-25_1994,binary
DS-26_1994,binary
DS-27_1994,binary
DS-28_1994,binary
DS-30_1994,binary
Q13-146G_1994,categorical_ordinal
Q13INT-TIME_1994,continuous
Q15-1_1994,categorical_ordinal
Q15-2_1994,binary
Q15-4_1994,categorical_ordinal
Q15-5_1994,categorical_ordinal
Q15-6_1994,categorical_nominal
Q15-8_1994,binary
Q15-11_1994,binary
Q15-12_1994,continuous
QEND-TIME_1994,continuous
INTCHARS_INT_ID_1994,continuous
INTCHARS_YRSINTR_1994,continuous
INTCHARS_RACE_1994,categorical_nominal
INTCHARS_SEX_1994,binary
INTCHARS_AGE_1994,continuous
INTCHARS_EDUCATION_1994,categorical_ordinal
LINTDATE~M_1994,categorical_nominal
LINTDATE~Y_1994,year
LINTYEAR_1994,year
BINTYEAR_1994,year
DIPLOMAGED_1994,binary
MARCODE_1994,categorical_ordinal
NUMKIDS_1994,continuous
HHI_FINAL_FU.01_1994,categorical_nominal
HHI_FINAL_GENCODE.01_1994,binary
HHI_FINAL_RELCODE.01_1994,continuous
HHI_FINAL_AGE.01_1994,continuous
HHI_FINAL_GRADECODE.01_1994,continuous
OMARCODE_1994,categorical_ordinal
ODIPGED_1994,binary
TENURE1_1994,continuous
CPSHRP_1994,continuous
HRP1_1994,continuous
HRP1_WHRLY2_1994,continuous
SAMPWEIGHT_1994,continuous
C_SAMPWEIGHT_1994,continuous
FAMSIZE_1994,continuous
TNFI_TRUNC_1994,continuous
POVSTATUS_1994,binary
POVSTATUS_OLDSTND_1994,binary
ESR_KEY_1994,categorical_nominal
ESR_COL_1994,categorical_nominal
REGION_1994,categorical_nominal
MARSTAT-COL_1994,categorical_ordinal
MARSTAT-KEY_1994,categorical_ordinal
AGEATINT_1994,continuous
DOI_EMPLOYED_1994,binary
HRSWK-PCY_1994,continuous
WKSWK-PCY_1994,continuous
WKSUEMP-PCY_1994,continuous
WKSOLF-PCY_1994,continuous
HRSWK-SLI_1994,continuous
WKSWK-SLI_1994,continuous
WKSUEMP-SLI_1994,continuous
WKSOLF-SLI_1994,continuous
WKSSINCELI_1994,continuous
URBAN-RURAL_1994,binary
SMSARES_1994,categorical_nominal
JOBSNUM_1994,continuous
NUMKID94_1994,continuous
NUMCH94_1994,continuous
NUMSPPTR94_XRND,categorical_ordinal
RELSPPTR94_XRND,continuous
HGCREV94_1994,continuous
ENROLLMTREV94_1994,categorical_ordinal
INTMODE_1994,categorical_nominal
PAYRATE-ALL-EMP.01_1994,continuous
JOB_UID_EMPROSTER1_1994,continuous
TENURE1_1996,continuous
HRP1_1996,continuous
HRP1_WHRLY2_1996,continuous
SAMPWEIGHT_1996,continuous
C_SAMPWEIGHT_1996,continuous
FAMSIZE_1996,continuous
TNFI_TRUNC_1996,continuous
POVSTATUS_1996,binary
ESR_KEY_1996,categorical_nominal
ESR_COL_1996,categorical_nominal
REGION_1996,categorical_nominal
MARSTAT-COL_1996,categorical_ordinal
MARSTAT-KEY_1996,categorical_ordinal
HGCREV96_1996,continuous
ENROLLMTREV96_1996,categorical_ordinal
AGEATINT_1996,continuous
DOI_EMPLOYED_1996,binary
HRSWK-PCY_1996,continuous
WKSWK-PCY_1996,continuous
WKSUEMP-PCY_1996,continuous
WKSOLF-PCY_1996,continuous
HRSWK-SLI_1996,continuous
WKSWK-SLI_1996,continuous
WKSUEMP-SLI_1996,continuous
WKSOLF-SLI_1996,continuous
WKSSINCELI_1996,continuous
URBAN-RURAL_1996,binary
SMSARES_1996,categorical_nominal
JOBSNUM_1996,continuous
NUMKID96_1996,continuous
NUMCH96_1996,continuous
NUMSPPTR96_XRND,categorical_ordinal
RELSPPTR96_XRND,continuous
HH-TIME_1996,continuous
CURDATE~M_1996,categorical_nominal
HH1-1_1996,categorical_nominal
HH5-2_1996,binary
HH5-11_1996,binary
Q1-TIME_1996,continuous
Q1-2_1996,continuous
Q2-3A_1996,binary
Q2-4AC_1996,categorical_nominal
Q2-48_1996,categorical_ordinal
Q3-1_1996,binary
Q3-7_1996,binary
Q3-9_1996,binary
Q3-11_1996,binary
Q5-1_1996,binary
Q5-2_1996,categorical_ordinal
Q5-25_1996,binary
Q5-27_1996,binary
Q5-28F_1996,binary
Q5-88A_1996,binary
Q5-89A_1996,categorical_ordinal
Q5-91C_1996,binary
CPSMIL_1996,binary
OTHERWK_1996,binary
ANYDLI_1996,binary
Q6-23E_1996,binary
Q6-32D_1996,binary
Q6-33AA_1996,binary
QES-B_1996,continuous
QES-4B.01_1996,categorical_ordinal
QES-23.01_1996,binary
EMPLOYER_STOPDATE.01~M_1996,categorical_nominal
QES-28.01_1996,binary
QES-45.01_1996,binary
HOURS_WORKED_WEEK_ALL.01_1996,continuous
QES-51.01_1996,continuous
QES-52A.01_1996,continuous
QES-52B.01_1996,continuous
QES-55A.01_1996,binary
INDALL-EMP.01_1996,continuous
OCCALL-EMP.01_1996,categorical_nominal
COWALL-EMP.01_1996,categorical_nominal
CPSIND80_1996,categorical_nominal
CPSOCC80_1996,categorical_nominal
QES-57B.01_1996,categorical_ordinal
QES-57F.01_1996,binary
QES-58.01_1996,binary
PAYRATE-ALL-EMP.01_1996,continuous
QES-71A.01_1996,categorical_nominal
QES-71B.01_1996,binary
QES-71G.01_1996,categorical_ordinal
QES-FIRMSZ1.01_1996,binary
QES-FIRMSZ2.01_1996,continuous
QES-FIRMSZ4.01_1996,binary
QES-RESPONS15.01_1996,binary
QES-RESPONS25.01_1996,binary
QES-RESPONS37.01_1996,categorical_ordinal
QES-PROMO38.01_1996,binary
QES-PROMOPOS53.01_1996,binary
QES-PAYMT60A.01~000003_1996,binary
QES-PAYMT67A.01_1996,categorical_ordinal
QES-PAYMT69.01~M_1996,categorical_nominal
QES-PAYMT69.01~Y_1996,year
QES-PAYMT70.01_1996,binary
QES-84A.01_1996,binary
QES-84E.01_1996,binary
QES-84F.01_1996,binary
QES-84G.01_1996,binary
QES-84H.01_1996,binary
QES-84I.01_1996,binary
QES-84J.01_1996,binary
QES-84K.01_1996,binary
QES-84L.01_1996,binary
QES-84M.01_1996,binary
QES-84O.01_1996,continuous
QES-84P.01_1996,binary
QES-86A.01_1996,categorical_ordinal
QES-87.01_1996,binary
QES-88A.01_1996,binary
QES-89.01_1996,categorical_ordinal
QES-90.01_1996,binary
QES-91A.01_1996,binary
QES-91B.01_1996,binary
QES-91G.01_1996,binary
QES-92.01_1996,binary
Q7-4_1996,continuous
Q7-5A_1996,binary
Q7-7_1996,binary
Q8-19_1996,binary
Q8-35_1996,binary
Q8-35C.01_1996,binary
Q8-36B.01~M_1996,categorical_nominal
Q8-36B.01~Y_1996,continuous
Q8-40D.01_1996,binary
Q8-49.01_1996,binary
Q9-TIME_1996,continuous
Q9NB-30.01_1996,binary
Q9-22B_1996,binary
Q9-29I.01_1996,continuous
Q9-30.01_1996,binary
Q9-61_1996,binary
Q9-62B_1996,binary
Q9-62C_1996,binary
Q9-64G_1996,binary
Q9-64H_1996,categorical_ordinal
Q9-67_1996,binary
Q11-TIME_1996,continuous
Q11-2_1996,binary
Q11-5A_1996,binary
Q11-9_1996,continuous
Q11-10_1996,binary
Q11-12B_1996,binary
Q11-79_1996,binary
Q11-80B~000001_1996,binary
Q11-80B~000003_1996,binary
Q11-80B~000006_1996,binary
Q11-81A_1996,binary
Q11-82_1996,binary
Q11-86_1996,binary
Q13-5_1996,continuous
Q13-5_TRUNC_REVISED_1996,continuous
Q13-8_1996,binary
Q13U-7_1996,binary
Q13U-16_1996,binary
Q13U-43A_1996,binary
Q13-10_1996,binary
Q13-33_1996,binary
Q13-33T_1996,binary
Q13-35_1996,binary
Q13A-7_1996,binary
Q13A-16_1996,binary
Q13A-43A_1996,binary
Q13F-7_1996,binary
Q13F-16_1996,binary
Q13F-43A_1996,binary
RECV-FDSTMPS-LASTMO_1996,binary
Q13-58_1996,binary
Q13-71_1996,binary
Q13-74_1996,binary
Q13-76_1996,binary
Q13-77_1996,categorical_ordinal
Q13-78_1996,continuous
Q13-79_1996,binary
Q13-116_1996,binary
Q13-117_1996,binary
Q13-121_1996,binary
Q13-123_1996,binary
Q13-123B_1996,binary
Q13-123D_1996,binary
Q13-124_1996,binary
Q13-128_1996,binary
Q13-133_1996,binary
Q13-134_1996,binary
Q13-136_1996,continuous
Q13-136_REVISED_1996,continuous
Q13-137_1996,binary
Q13-139_1996,binary
Q13-141_1996,categorical_ordinal
Q13INT-TIME_1996,continuous
Q15-1_1996,categorical_ordinal
Q15-2_1996,binary
Q15-4_1996,categorical_ordinal
Q15-5_1996,categorical_ordinal
Q15-6_1996,categorical_nominal
Q15-11_1996,binary
Q15-12_1996,continuous
QEND-TIME_1996,continuous
INTCHARS_INT_ID_1996,continuous
INTCHARS_YRSINTR_1996,continuous
INTCHARS_RACE_1996,categorical_nominal
INTCHARS_SEX_1996,binary
INTCHARS_AGE_1996,continuous
INTCHARS_EDUCATION_1996,categorical_ordinal
LINTDATE~M_1996,categorical_nominal
SPOCCODEDLI_1996,continuous
DIPLOMAGED_1996,binary
MARCODE_1996,categorical_ordinal
NUMKIDS_1996,continuous
HHI_FINAL_FU.01_1996,categorical_nominal
HHI_FINAL_GENCODE.01_1996,binary
HHI_FINAL_RELCODE.01_1996,continuous
HHI_FINAL_AGE.01_1996,continuous
HHI_FINAL_GRADECODE.01_1996,continuous
OMARCODE_1996,categorical_ordinal
ODIPGED_1996,binary
JOB_UID_EMPROSTER1_1996,continuous
HH1-1_1998,categorical_nominal
HH5-2_1998,binary
HH5-11_1998,binary
Q1-2_1998,continuous
Q2-3A_1998,binary
Q2-4AC_1998,categorical_nominal
SPARMAR-1_1998,binary
Q3-1_1998,binary
Q3-7_1998,binary
Q3-9_1998,binary
Q3-11_1998,binary
Q5-1_1998,binary
Q5-2_1998,categorical_ordinal
CPS-5100.01_1998,categorical_nominal
Q5-23.01_1998,binary
Q5-25.01_1998,binary
Q5-27.01_1998,binary
Q5-28F.01_1998,binary
CPS-26200_1998,binary
Q5-91C_1998,binary
Q6-23BA.01_1998,binary
Q6-23E.01_1998,binary
Q6-23I.01_1998,continuous
Q6-23J.01_1998,binary
ONJS-7300_1998,binary
ONJS-7500_1998,binary
QES-B_1998,continuous
QES-4A.01_1998,binary
QES-23.01_1998,binary
QES-28.01_1998,binary
QES-45.01_1998,binary
QES-51.01_1998,continuous
QES-52A.01_1998,continuous
QES-52B.01_1998,continuous
QES-55A.01_1998,binary
QES-57B.01_1998,categorical_ordinal
QES-57F.01_1998,binary
QES-58.01_1998,binary
QES-71A.01_1998,categorical_nominal
QES-71B.01_1998,binary
QES-71G.01_1998,categorical_ordinal
QES-81.01_1998,binary
QES-FIRMSZ1.01_1998,binary
QES-FIRMSZ2.01_1998,continuous
QES-FIRMSZ4.01_1998,binary
QES-FIRMSZ7.01_1998,binary
QES-RESPONS15.01_1998,binary
QES-RESPONS25.01_1998,binary
QES-RESPONS37.01_1998,categorical_ordinal
QES-PROMO38.01_1998,binary
QES-PAYMT60A.01~000003_1998,binary
QES-PAYMT60A.01~000000_1998,binary
QES-PAYMT69.01~Y_1998,year
QES-PAYMT69BB.01_1998,binary
QES-84A.01_1998,binary
QES-84E.01_1998,binary
QES-84F.01_1998,binary
QES-84G.01_1998,binary
QES-84I.01_1998,binary
QES-84J.01_1998,binary
QES-84K.01_1998,binary
QES-84L.01_1998,binary
QES-84M.01_1998,binary
QES-84P.01_1998,binary
QES-86A.01_1998,categorical_ordinal
QES-87.01_1998,binary
QES-88A.01_1998,binary
QES-89.01_1998,categorical_ordinal
QES-90.01_1998,binary
Q7-A_1998,binary
Q8-19_1998,binary
Q8-35_A_1998,binary
Q8-35A2.01_1998,binary
Q8-35C.01_1998,binary
Q8-36B.01~M_1998,categorical_nominal
Q8-36B.01~Y_1998,continuous
QES-59D.01_1998,continuous
Q8-40D.01_1998,binary
Q9NB-20D1_1998,binary
Q9NB-23B_1998,binary
Q9-22B_1998,binary
Q9-29GD_1998,binary
Q9-29RB_1998,binary
Q9-62B_1998,binary
Q9-64G_1998,binary
Q9-64H_1998,categorical_ordinal
Q9-67_1998,binary
Q11-1B_1998,binary
Q11-5A_1998,binary
Q11-9_1998,continuous
Q11-9A_1998,binary
Q11-10_1998,categorical_nominal
Q11-12B_1998,binary
Q11-79_1998,binary
Q11-80B~000001_1998,binary
Q11-80B~000003_1998,binary
Q11-80B~000006_1998,binary
Q11-80F_1998,binary
Q11-81A_1998,binary
Q11-82_1998,binary
Q11-85_1998,binary
Q13-5_1998,continuous
Q13-5_TRUNC_REVISED_1998,continuous
Q13U-INIT1_1998,binary
Q13U-7_1998,binary
Q13U-16_1998,binary
Q13U-43A_1998,binary
Q13-10_1998,binary
Q13-32_1998,binary
Q13-33_1998,binary
Q13-33T_1998,binary
Q13-33TA_1998,binary
Q13-35_1998,categorical_ordinal
Q13-OWELF-3_1998,binary
Q13A-INIT1_1998,binary
Q13F-INIT1_1998,binary
Q13F-7_1998,binary
Q13F-16_1998,binary
Q13F-43A_1998,binary
Q13-44H_1998,binary
WR-0_1998,binary
WR-5_1998,binary
Q13-71_1998,binary
Q13-74_1998,binary
Q13-76_1998,binary
Q13-77_1998,categorical_ordinal
Q13-78_1998,continuous
Q13-79_1998,binary
Q13-117_1998,binary
Q13-121_1998,binary
Q13-123_1998,binary
Q13-123B_1998,binary
Q13-123D_1998,binary
Q13-124_1998,binary
Q13-128_1998,binary
Q13-133_1998,binary
Q13-134_1998,binary
Q13-137_1998,binary
Q13-139_1998,binary
Q13-141_1998,categorical_ordinal
DS-INTRO5_1998,categorical_nominal
DS-INTRO6_1998,categorical_ordinal
DS-2_1998,binary
DS-8_1998,categorical_ordinal
DS-12_1998,categorical_ordinal
DS-16_1998,categorical_ordinal
DS-21_1998,binary
DS-22_1998,binary
DS-24_1998,binary
DS-25_1998,binary
DS-26_1998,binary
DS-27_1998,binary
DS-28_1998,binary
DS-30_1998,binary
Q13-146G_1998,categorical_ordinal
Q13INT-TIME_1998,continuous
Q15-1_1998,categorical_ordinal
Q15-2_1998,binary
Q15-4_1998,categorical_ordinal
Q15-5_1998,categorical_ordinal
Q15-6_1998,categorical_nominal
Q15-7_1998,binary
Q15-8_1998,binary
Q15-11_1998,binary
Q15-12_1998,continuous
INTCHARS_INT_ID_1998,continuous
INTCHARS_YRSINTR_1998,continuous
INTCHARS_RACE_1998,categorical_nominal
INTCHARS_SEX_1998,binary
INTCHARS_AGE_1998,continuous
CURDATE~M_1998,categorical_nominal
LINTDATE~M_1998,categorical_nominal
HHI_FINAL_FU.01_1998,categorical_nominal
HHI_FINAL_GENCODE.01_1998,binary
HHI_FINAL_RELCODE.01_1998,continuous
HHI_FINAL_AGE.01_1998,continuous
HHI_FINAL_GRADECODE.01_1998,continuous
EMPLOYER_ID.01_1998,continuous
EMPLOYER_STOPDATE.01~M_1998,categorical_nominal
EMPLOYER_STARTDATE.01~M_1998,categorical_nominal
EMPLOYER_STARTDATE.01~Y_1998,year
EMPLOYER_DLIFLAG.01_1998,binary
SAMPWEIGHT_1998,continuous
C_SAMPWEIGHT_1998,continuous
CPSMIL_1998,binary
OTHERWK_1998,binary
ANYDLI_1998,binary
INDALL-EMP.01_1998,continuous
OCCALL-EMP.01_1998,categorical_nominal
COWALL-EMP.01_1998,categorical_nominal
CPSIND80_1998,categorical_nominal
CPSOCC80_1998,categorical_nominal
PAYRATE-ALL-EMP.01_1998,continuous
INTMODE_1998,categorical_nominal
OMARCODE_1998,categorical_ordinal
ODIPGED_1998,binary
OSCHOOL_1998,binary
TENURE1_1998,continuous
HRP1_1998,continuous
HRP1_WHRLY2_1998,continuous
FAMSIZE_1998,continuous
TNFI_TRUNC_1998,continuous
POVSTATUS_1998,binary
ESR_KEY_1998,categorical_nominal
ESR_COL_1998,categorical_nominal
REGION_1998,categorical_nominal
MARSTAT-COL_1998,categorical_ordinal
MARSTAT-KEY_1998,categorical_ordinal
HGCREV98_1998,continuous
ENROLLMTREV98_1998,categorical_ordinal
AGEATINT_1998,continuous
DOI_EMPLOYED_1998,binary
DOI_DISABLED_1998,binary
HRSWK-PCY_1998,continuous
WKSWK-PCY_1998,continuous
WKSUEMP-PCY_1998,continuous
WKSOLF-PCY_1998,continuous
HRSWK-SLI_1998,continuous
WKSWK-SLI_1998,continuous
WKSUEMP-SLI_1998,continuous
WKSOLF-SLI_1998,continuous
WKSSINCELI_1998,continuous
URBAN-RURAL_1998,binary
SMSARES_1998,categorical_nominal
JOBSNUM_1998,continuous
NUMKID98_1998,continuous
NUMCH98_1998,continuous
NUMSPPTR98_XRND,categorical_ordinal
RELSPPTR98_XRND,continuous
JOB_UID_EMPROSTER1_1998,continuous
HOURS_WORKED_WEEK_ALL.01_1998,continuous
HH1-1_2000,categorical_nominal
HH5-2_2000,binary
HH5-11_2000,binary
Q1-2_2000,continuous
MIGR-1_2000,binary
R_REL-1_2000,categorical_nominal
R_REL-2_2000,categorical_nominal
R_REL-3_2000,categorical_ordinal
Q2-3A_2000,binary
Q2-4AC_2000,categorical_nominal
SPARMAR-1_2000,binary
SPARMAR-1_D_2000,binary
Q3-1_2000,binary
Q3-7_2000,binary
Q3-11_2000,binary
CPSMIL_2000,binary
OTHERWK_2000,binary
ANYDLI_2000,binary
Q6-23BA.01_2000,binary
Q6-23E.01_2000,binary
Q6-23J.01_2000,binary
ONJS-7300_2000,binary
ONJS-7500_2000,binary
QES-B_2000,continuous
QES-4A.01_2000,binary
QES-23.01_2000,binary
QES-28.01_2000,binary
QES-45.01_2000,binary
QES-51.01_2000,continuous
QES-52A.01_2000,continuous
QES-52B.01_2000,continuous
QES-55A.01_2000,binary
INDALL-EMP.01_2000,continuous
OCCALL-EMP.01_2000,categorical_nominal
COWALL-EMP.01_2000,categorical_nominal
CPSIND80.01_2000,categorical_nominal
CPSOCC80.01_2000,categorical_nominal
PAYRATE-ALL-EMP.01_2000,continuous
QES-71A.01_2000,categorical_nominal
QES-71B.01_2000,binary
QES-71G.01_2000,categorical_ordinal
QES-80.01_2000,binary
QES-FIRMSZ1.01_2000,binary
QES-FIRMSZ2.01_2000,continuous
QES-FIRMSZ4.01_2000,binary
QES-FIRMSZ7.01_2000,binary
QES-RESPONS37.01_2000,categorical_ordinal
QES-PROMO38.01_2000,binary
QES-PAYMT60A.01~000003_2000,binary
QES-PAYMT60A.01~000000_2000,binary
QES-PAYMT69.01~Y_2000,year
QES-PAYMT69BB.01_2000,binary
QES-84E.01_2000,binary
QES-84F.01_2000,binary
QES-84G.01_2000,binary
QES-84I.01_2000,binary
QES-84J.01_2000,binary
QES-84K.01_2000,binary
QES-84P.01_2000,binary
QES-86A.01_2000,categorical_ordinal
QES-87.01_2000,binary
QES-88A.01_2000,binary
QES-89.01_2000,categorical_ordinal
QES-90.01_2000,binary
Q7-A_2000,binary
EMP-JOBSRCH-1_2000,binary
EMP-JOBSRCH-2_2000,binary
Q5-88A_2000,binary
Q5-89A_2000,categorical_ordinal
Q8-7C_2000,binary
Q8-19_2000,binary
Q8-35_A_2000,binary
Q8-35A2.01_2000,binary
Q8-35BE.01_2000,binary
Q8-35C.01_2000,binary
Q8-36B.01~Y_2000,continuous
Q8-40D.01_2000,binary
Q9NB-20D1_2000,binary
Q9NB-23B_2000,binary
Q9-22B_2000,binary
Q9-29GD_2000,binary
Q9-29RB_2000,binary
Q9-62B_2000,binary
Q9-64G_2000,binary
Q9-64H_2000,categorical_ordinal
Q9-67_2000,binary
Q11-1AAA_2000,binary
Q11-1B_2000,binary
Q11-4_2000,binary
Q11-5_2000,binary
Q11-5A_2000,binary
Q11-9_2000,continuous
Q11-9A_2000,binary
Q11-9AA_2000,binary
Q11-9B_2000,categorical_ordinal
Q11-9E_2000,categorical_ordinal
Q11-9F_2000,categorical_ordinal
Q11-9G_2000,categorical_ordinal
Q11-10_2000,categorical_nominal
Q11-12B_2000,binary
Q11-79_2000,binary
Q11-80B~000001_2000,binary
Q11-80B~000003_2000,binary
Q11-80B~000006_2000,binary
Q11-80F_2000,binary
Q11-81A_2000,binary
Q11-82_2000,binary
Q11-85_2000,binary
Q13-5_2000,continuous
Q13-5_TRUNC_REVISED_2000,continuous
Q13RECIP-2_2000,categorical_ordinal
Q13-10_2000,binary
Q13-32_2000,binary
Q13-33_2000,binary
Q13-33T_2000,binary
Q13-33TA_2000,binary
Q13RECIP-4~000003_2000,binary
Q13RECIP-4~000004_2000,binary
Q13F-B_2000,binary
WR-5_2000,binary
WR-0_2000,binary
Q13-71_2000,binary
Q13-74_2000,binary
Q13-76_2000,binary
Q13-77_2000,categorical_ordinal
Q13-78_2000,continuous
Q13-78A_2000,binary
Q13-79_2000,binary
Q13-117_2000,binary
Q13-121_2000,binary
Q13-123_2000,binary
Q13-123B_2000,binary
Q13-123D_2000,binary
Q13-124_2000,binary
Q13-128_2000,binary
Q13-JTOWN-ANY-1_2000,binary
Q13-133_2000,binary
Q13-134_2000,binary
Q13-137_2000,binary
Q13-139_2000,binary
Q13-141_2000,categorical_ordinal
Q13-145_01_2000,binary
Q13INT-TIME_2000,continuous
INTMODE_2000,categorical_nominal
Q15-4_2000,categorical_ordinal
Q15-5_2000,categorical_ordinal
Q15-6_2000,categorical_nominal
Q15-7_2000,binary
Q15-8_2000,binary
Q15-11_2000,binary
Q15-12_2000,continuous
INTCHARS_INT_ID_2000,continuous
INTCHARS_YRSINTR_2000,continuous
INTCHARS_RACE_2000,categorical_nominal
INTCHARS_SEX_2000,binary
INTCHARS_AGE_2000,continuous
CURDATE~M_2000,categorical_nominal
LINTDATE~M_2000,categorical_nominal
SYMBOL_DIPLOMAGED_2000,binary
HHI_FINAL_GENCODE.01_2000,binary
HHI_FINAL_RELCODE.01_2000,continuous
HHI_FINAL_AGE.01_2000,continuous
HHI_FINAL_GRADECODE.01_2000,continuous
EMPLOYER_STOPDATE.01~M_2000,categorical_nominal
EMPLOYER_STARTDATE.01~M_2000,categorical_nominal
EMPLOYER_STARTDATE.01~Y_2000,year
EMPLOYER_DLIFLAG.01_2000,binary
SYMBOL_MARCODEDLI_2000,categorical_ordinal
TENURE1_2000,continuous
HRP1_2000,continuous
HRP1_WHRLY2_2000,continuous
SAMPWEIGHT_2000,continuous
C_SAMPWEIGHT_2000,continuous
FAMSIZE_2000,continuous
TNFI_TRUNC_2000,continuous
POVSTATUS_2000,binary
REGION_2000,categorical_nominal
MARSTAT-COL_2000,categorical_ordinal
MARSTAT-KEY_2000,categorical_ordinal
HGCREV00_2000,continuous
ENROLLMTREV00_2000,categorical_ordinal
AGEATINT_2000,continuous
DOI_EMPLOYED_2000,binary
HRSWK-PCY_2000,continuous
WKSWK-PCY_2000,continuous
WKSUEMP-PCY_2000,continuous
WKSOLF-PCY_2000,continuous
HRSWK-SLI_2000,continuous
WKSWK-SLI_2000,continuous
WKSUEMP-SLI_2000,continuous
WKSOLF-SLI_2000,continuous
WKSSINCELI_2000,continuous
URBAN-RURAL_2000,categorical_nominal
SMSARES_2000,categorical_nominal
JOBSNUM_2000,continuous
NUMKID00_2000,continuous
NUMCH00_2000,continuous
NUMSPPTR00_XRND,categorical_ordinal
RELSPPTR00_XRND,continuous
SYMBOL_PREV_LINTDATE~M_2000,categorical_nominal
SYMBOL_PAFLAG_2000,binary
JOB_UID_EMPROSTER1_2000,continuous
HHI_FINAL_FU.01_2000,categorical_nominal
HOURS_WORKED_WEEK_ALL.01_2000,continuous
GEN_INIT14A_2002,binary
HHI_OLDSP_1_2002,binary
HH1-1_2002,categorical_nominal
HH5-2_2002,binary
HH_INC_1_2002,binary
Q1-2_2002,continuous
Q1-3_ETH_1_2002,binary
Q1-3_ETH_2~000001_2002,binary
Q1-3_ETH_2~000002_2002,binary
Q1-3_ETH_2~000007_2002,binary
MIGR-1_2002,binary
Q2-3A_2002,binary
Q2-4AC_2002,categorical_nominal
Q2-CH-1_2002,binary
Q2-10A_2002,binary
SPARMAR-1_2002,binary
Q3-1_2002,binary
Q3-7_2002,binary
Q3-11_2002,binary
CPSMIL_2002,binary
OTHERWK_2002,binary
ANYDLI_2002,binary
Q6-23BA.01_2002,binary
Q6-23E.01_2002,binary
ONJS-7300_2002,binary
ONJS-7500_2002,binary
QES-B_2002,continuous
QES-PARSE.01_2002,categorical_ordinal
QES-4A.01_2002,binary
QES-23.01_2002,binary
QES-25J.01_2002,categorical_ordinal
SES-52A_CHK.01_2002,categorical_nominal
SES-56E_CHK1.01_2002,categorical_nominal
INDALL-EMP.01_2002,continuous
OCCALL-EMP.01_2002,categorical_nominal
COWALL-EMP.01_2002,categorical_nominal
QES-28.01_2002,binary
QES-45.01_2002,binary
QES-56CHK.01_2002,categorical_ordinal
PAYRATE-ALL-EMP.01_2002,continuous
QES-84A.01_2002,binary
QES-84C.01_2002,categorical_nominal
QES-86A_0.01_2002,binary
QES-87.01_2002,categorical_nominal
QES-89.01_2002,categorical_ordinal
SES-89A.01_2002,categorical_nominal
RISK-INCOME-1_2002,binary
Q7-A_2002,binary
Q8-18_2002,binary
Q8-35_A_2002,binary
Q8-35A2.01_2002,binary
Q8-35BE.01_2002,binary
Q8-40D.01_2002,binary
Q9-29GD_2002,binary
Q9-29RB_2002,binary
Q9-64GB_4_2002,binary
Q9-67A_2002,binary
Q11-1AAA_2002,binary
Q11-1B_2002,binary
Q11-4_2002,binary
Q11-5_2002,binary
Q11-5A_2002,binary
Q11-9_2002,continuous
Q11-GENHLTH_1A~000001_2002,continuous
Q11-GENHLTH_1B_2002,binary
Q11-GENHLTH_2A~000001_2002,continuous
Q11-GENHLTH_2B_2002,binary
Q11-GENHLTH_3A~000001_2002,continuous
Q11-GENHLTH_4A_2002,categorical_ordinal
Q11-GENHLTH_4B_1_2002,binary
Q11-GENHLTH_4B_2_2002,binary
Q11-GENHLTH_4B_3_2002,binary
Q11-GENHLTH_4B_4_2002,binary
Q11-GENHLTH_4B_5_2002,binary
Q11-GENHLTH_5A_2002,binary
Q11-GENHLTH_6A_2002,categorical_ordinal
Q11-GENHLTH_7A_2002,categorical_ordinal
Q11-GENHLTH_7B_2002,categorical_ordinal
Q11-79_2002,binary
Q11-82_2002,binary
Q11-85_2002,binary
Q12-3_2002,binary
Q12-8_2002,categorical_nominal
Q13-5_TRUNC_2002,continuous
Q13-8_2002,binary
Q13RECIP-2_2002,categorical_ordinal
Q13-10_2002,binary
Q13-32_2002,binary
Q13-33_2002,binary
Q13-33T_2002,binary
Q13-33TA_2002,binary
Q13RECIP-4~000003_2002,binary
Q13RECIP-4~000004_2002,binary
Q13F-B_2002,binary
WR-5_2002,binary
Q13-71_2002,binary
Q13-74_2002,binary
Q13-76_2002,binary
Q13-77_2002,categorical_ordinal
Q13-78_2002,continuous
Q13-78A_2002,binary
Q13-79_2002,binary
Q13-145_CHK1_2002,binary
Q13INT-TIME_2002,continuous
INTMODE_2002,categorical_nominal
EARLY_BIRD_ELIGIBLE_2002,binary
EARLY_BIRD_INTERVIEW_2002,binary
Q15-4_2002,categorical_ordinal
Q15-5_2002,categorical_ordinal
Q15-6_2002,categorical_nominal
Q15-7_2002,binary
Q15-8_2002,binary
Q15-11_2002,binary
Q15-12_2002,continuous
INTCHARS_INT_ID_2002,continuous
INTCHARS_YRSINTR_2002,continuous
INTCHARS_RACE_2002,categorical_nominal
INTCHARS_SEX_2002,binary
INTCHARS_AGE_2002,continuous
INTCHARS_EDUCATION_2002,categorical_ordinal
CURDATE~M_2002,categorical_nominal
LINTDATE~M_2002,categorical_nominal
SYMBOL_DIPLOMAGED_2002,binary
HHI_FINAL_FU.01_2002,categorical_nominal
HHI_FINAL_GENCODE.01_2002,binary
HHI_FINAL_RELCODE.01_2002,continuous
HHI_FINAL_AGE.01_2002,continuous
HHI_FINAL_GRADECODE.01_2002,continuous
EMPLOYER_STOPDATE.01~M_2002,categorical_nominal
EMPLOYER_STARTDATE.01~M_2002,categorical_nominal
EMPLOYER_STARTDATE.01~Y_2002,year
EMPLOYER_DLIFLAG.01_2002,binary
SYMBOL_MARCODEDLI_2002,categorical_ordinal
SYMBOL_PREV_LINTDATE~M_2002,categorical_nominal
SYMBOL_PREV_LINTDATE~Y_2002,year
SYMBOL_PAFLAG_2002,binary
TENURE1_2002,continuous
HRP1_2002,continuous
HRP1_WHRLY2_2002,continuous
SAMPWEIGHT_2002,continuous
C_SAMPWEIGHT_2002,continuous
FAMSIZE_2002,continuous
TNFI_TRUNC_2002,continuous
POVSTATUS_2002,binary
REGION_2002,categorical_nominal
MARSTAT-COL_2002,categorical_ordinal
MARSTAT-KEY_2002,categorical_ordinal
HGCREV02_2002,continuous
ENROLLMTREV02_2002,continuous
AGEATINT_2002,continuous
DOI_EMPLOYED_2002,binary
HRSWK-PCY_2002,continuous
WKSWK-PCY_2002,continuous
WKSUEMP-PCY_2002,continuous
WKSOLF-PCY_2002,continuous
HRSWK-SLI_2002,continuous
WKSWK-SLI_2002,continuous
WKSUEMP-SLI_2002,continuous
WKSOLF-SLI_2002,continuous
WKSSINCELI_2002,continuous
URBAN-RURAL_2002,categorical_nominal
SMSARES_2002,categorical_nominal
JOBSNUM_2002,continuous
NUMKID02_2002,continuous
NUMCH02_2002,continuous
NUMSPPTR02_XRND,categorical_ordinal
RELSPPTR02_XRND,continuous
JOB_UID_EMPROSTER1_2002,continuous
HOURS_WORKED_WEEK_ALL.01_2002,continuous
GEN_INIT14A_2004,binary
CURDATE~M_2004,categorical_nominal
HH1-1_2004,categorical_nominal
HH5-2_2004,binary
Q1-2_2004,continuous
MIGR-1_2004,binary
Q2-3A_2004,binary
Q2-4AC_2004,categorical_nominal
Q2-CH-1_2004,binary
Q2-10A_2004,binary
SPARMAR-1_2004,binary
Q3-1_2004,binary
Q3-7_2004,binary
Q3-11_2004,binary
CPSMIL_2004,binary
OTHERWK_2004,binary
ANYDLI_2004,binary
Q6-23BA_2004,binary
Q6-23E_2004,binary
QES-B_2004,continuous
QES-PARSE.01_2004,categorical_ordinal
QES-4A.01_2004,binary
QES-23.01_2004,binary
QES-25J.01_2004,categorical_ordinal
HOURS_WORKED_WEEK_ALL.01_2004,continuous
SES-52A_CHK.01_2004,categorical_nominal
SES-56E_CHK1.01_2004,categorical_nominal
INDALL-EMP.01_2004,continuous
OCCALL-EMP.01_2004,categorical_nominal
COWALL-EMP.01_2004,categorical_nominal
QES-28.01_2004,binary
QES-45.01_2004,binary
QES-56CHK.01_2004,categorical_ordinal
PAYRATE-ALL-EMP.01_2004,continuous
QES-84C.01_2004,categorical_nominal
QES-86A_0.01_2004,binary
QES-87.01_2004,categorical_nominal
QES-89.01_2004,categorical_ordinal
SES-89A.01_2004,categorical_nominal
SOCSEC-2_2004,categorical_nominal
SOCSEC-3A~000001_2004,binary
SOCSEC-3A~000002_2004,binary
SOCSEC-3A~000003_2004,binary
SOCSEC-3B_1_2004,binary
SOCSEC-4_2004,binary
RISK-INCOME-1_2004,binary
Q7-A_2004,binary
Q8-18_2004,binary
Q8-35_A_2004,binary
Q8-35A2.01_2004,binary
Q8-35BE.01_2004,binary
Q8-40D.01_2004,binary
Q9-29GD_2004,binary
Q9-29RB_2004,binary
Q9-64GB_4_2004,binary
Q9-67A_2004,binary
Q11-1AAA_2004,binary
Q11-1B_2004,binary
Q11-4_2004,binary
Q11-5_2004,binary
Q11-5A_2004,binary
Q11-9_2004,continuous
Q11-GENHLTH_1A_1_2004,continuous
Q11-GENHLTH_1B_2004,binary
Q11-GENHLTH_2A_1_2004,continuous
Q11-GENHLTH_2B_2004,binary
Q11-GENHLTH_3A_1_2004,continuous
Q11-GENHLTH_4A_2004,categorical_ordinal
Q11-GENHLTH_4B~000001_2004,categorical_ordinal
Q11-GENHLTH_4B~000002_2004,categorical_ordinal
Q11-GENHLTH_4B~000003_2004,categorical_ordinal
Q11-GENHLTH_4B~000004_2004,categorical_ordinal
Q11-GENHLTH_4B~000005_2004,categorical_ordinal
Q11-GENHLTH_5A_2004,binary
Q11-GENHLTH_6A_2004,categorical_ordinal
Q11-ASTHMA-1_2004,binary
Q11-GENHLTH_7A_2004,categorical_ordinal
Q11-GENHLTH_7B_2004,categorical_ordinal
Q11-79_2004,binary
Q11-82_2004,binary
Q11-85_2004,binary
Q13-5_TRUNC_2004,continuous
Q13-8_2004,binary
Q13RECIP-2_2004,categorical_ordinal
Q13-10_2004,binary
Q13-32_2004,binary
Q13-33T_2004,binary
Q13-33TA_2004,binary
Q13RECIP-4~000003_2004,binary
Q13RECIP-4~000004_2004,binary
Q13F-B_2004,binary
WR-5_2004,binary
Q13-71_2004,binary
Q13-74_2004,binary
Q13-76_2004,binary
Q13-79_2004,binary
SC_1_2004,binary
FA_1_2004,binary
FA_2_2004,binary
FA_3_2004,binary
FA_4_2004,binary
FA_5_2004,binary
FA_6B_2004,binary
FA_8_2004,binary
FA_9_2004,binary
FA_11_2004,binary
NFA_1_2004,binary
NFA_2_2004,binary
NFA_4_2004,binary
NFA_4A_2004,binary
NFA_4B_2004,continuous
NFA_4E.01_2004,binary
NFA_5_2004,binary
NFA_6_2004,binary
NFA_7_2004,binary
DEBT_1_2004,binary
DEBT_2_2004,binary
DEBT_2B_2004,binary
DEBT_3_2004,binary
DEBT_4_2004,binary
Q13-141_2004,categorical_ordinal
PS-1_2004,binary
PS-2_2004,continuous
PS-3_2004,binary
PS-4_2004,binary
WOMENS-ROLES~000001_2004,categorical_ordinal
WOMENS-ROLES~000002_2004,categorical_ordinal
WOMENS-ROLES~000003_2004,categorical_ordinal
WOMENS-ROLES~000004_2004,categorical_ordinal
WOMENS-ROLES~000005_2004,categorical_ordinal
WOMENS-ROLES~000006_2004,categorical_ordinal
WOMENS-ROLES~000007_2004,categorical_ordinal
WOMENS-ROLES~000008_2004,categorical_ordinal
Q13-145_CHK1_2004,binary
Q13INT-TIME_2004,continuous
Q15-ANY_SIBS_2004,binary
INTMODE_2004,categorical_nominal
Q15-4_2004,categorical_ordinal
Q15-5_2004,categorical_ordinal
Q15-6_2004,categorical_nominal
Q15-7_2004,binary
Q15-8_2004,binary
Q15-11_2004,binary
Q15-12_2004,continuous
INTCHARS_INT_ID_2004,continuous
INTCHARS_YRSINTR_2004,continuous
INTCHARS_RACE_2004,categorical_nominal
INTCHARS_AGE_2004,continuous
INTCHARS_EDUCATION_2004,categorical_ordinal
QEND-TIME_2004,continuous
LINTDATE~M_2004,categorical_nominal
SYMBOL_RESP_GENDER_2004,binary
SYMBOL_DIPLOMAGED_2004,binary
SYMBOL_MARCODE_2004,categorical_ordinal
SYMBOL_OLDMARCODE_2004,categorical_ordinal
EMPLOYER_ID.01_2004,continuous
EMPLOYER_CURFLAG.01_2004,binary
EMPLOYER_STOPDATE.01~M_2004,categorical_nominal
EMPLOYER_STOPDATE.01~Y_2004,year
EMPLOYER_STARTDATE.01~M_2004,categorical_nominal
EMPLOYER_STARTDATE.01~Y_2004,year
EMPLOYER_DLIFLAG.01_2004,binary
SYMBOL_CHSUPT_AWARD_2004,binary
SYMBOL_MARCODEDLI_2004,categorical_ordinal
SYMBOL_ENTRY_ASST_2004,categorical_nominal
SYMBOL_ENTRY_BUS_2004,binary
SYMBOL_ENTRY_CHSUPT_2004,categorical_nominal
SYMBOL_ENTRY_ED_2004,binary
SYMBOL_ENTRY_EITC_2004,binary
SYMBOL_ENTRY_INHER_2004,binary
SYMBOL_ENTRY_MIL_2004,binary
SYMBOL_ENTRY_OTHHH_2004,binary
SYMBOL_ENTRY_OTHR_2004,binary
SYMBOL_ENTRY_WAGE_2004,categorical_nominal
SYMBOL_PREV_LINTDATE~M_2004,categorical_nominal
SYMBOL_PREV_LINTDATE~Y_2004,year
SYMBOL_PAFLAG_2004,binary
TENURE1_2004,continuous
HRP1_2004,continuous
HRP1_WHRLY2_2004,continuous
SAMPWEIGHT_2004,continuous
C_SAMPWEIGHT_2004,continuous
FAMSIZE_2004,continuous
TNFI_TRUNC_2004,continuous
POVSTATUS_2004,binary
REGION_2004,categorical_nominal
MARSTAT-COL_2004,categorical_ordinal
MARSTAT-KEY_2004,categorical_ordinal
HGCREV04_2004,continuous
ENROLLMTREV04_2004,categorical_ordinal
AGEATINT_2004,continuous
DOI_EMPLOYED_2004,binary
HRSWK-PCY_2004,continuous
WKSWK-PCY_2004,continuous
WKSUEMP-PCY_2004,continuous
WKSOLF-PCY_2004,continuous
HRSWK-SLI_2004,continuous
WKSWK-SLI_2004,continuous
WKSUEMP-SLI_2004,continuous
WKSOLF-SLI_2004,continuous
WKSUNACCT-SLI_2004,continuous
WKSSINCELI_2004,continuous
URBAN-RURAL_2004,categorical_nominal
URBAN-RURAL_REV_2004,categorical_nominal
SMSARES_2004,categorical_nominal
JOBSNUM_2004,continuous
NUMKID04_2004,continuous
NUMCH04_2004,continuous
HHI_FINAL_FU.01_2004,categorical_nominal
HHI_FINAL_GENCODE.01_2004,binary
HHI_FINAL_AGE.01_2004,continuous
HHI_FINAL_GRADECODE.01_2004,continuous
HHI_FINAL_RELCODE.01_2004,continuous
NUMSPPTR04_XRND,categorical_ordinal
RELSPPTR04_XRND,continuous
NFA_4D_3.01_2004,continuous
R21_PCT_DK_2004,continuous
R21_PCT_REF_2004,continuous
JOB_UID_EMPROSTER1_2004,continuous
C1DOB~M_XRND,categorical_nominal
C1DOB~Y_XRND,continuous
C1SEX_XRND,binary
C1RES_DLI_XRND,categorical_ordinal
NUMKID_XRND,categorical_nominal
AGE1B_XRND,continuous
AGE1M_XRND,continuous
MOBG1M_XRND,continuous
YRBG1M_XRND,continuous
LASTINT_XRND,year
NUMSPPTR08_XRND,categorical_ordinal
RELSPPTR08_XRND,continuous
NUMSPPTR10_XRND,categorical_ordinal
RELSPPTR10_XRND,continuous
NUMSPPTR12_XRND,categorical_ordinal
RELSPPTR12_XRND,continuous
NUMSPPTR14_XRND,categorical_ordinal
RELSPPTR14_XRND,continuous
GEN_INIT14A_2006,binary
CURDATE~M_2006,categorical_nominal
HH1-1_2006,categorical_nominal
HH5-2_2006,binary
Q1-2_2006,continuous
SIBLING-1.01_2006,categorical_nominal
SIBLING-2.01_2006,categorical_nominal
SIBLING-2.02_2006,categorical_nominal
MIGR-1_2006,binary
Q2-3A_2006,binary
Q2-4AC_2006,categorical_nominal
Q2-CH-1_2006,binary
Q2-10A_2006,binary
SPARMAR-1_2006,binary
Q3-1_2006,binary
Q3-7_2006,binary
Q3-11_2006,binary
Q5-1_2006,binary
Q5-2_2006,categorical_ordinal
CPS-5100.01_2006,categorical_nominal
CPS-26200_2006,binary
Q5-91C_2006,binary
Q6-23BA_2006,binary
Q6-23E_2006,binary
QES-B_2006,continuous
QES-PARSE.01_2006,categorical_ordinal
EMPPREVID.01_2006,categorical_nominal
QES-4A.01_2006,binary
QES-23.01_2006,binary
QES-25J.01_2006,categorical_ordinal
HOURS_WORKED_WEEK_ALL.01_2006,continuous
SES-52A_CHK.01_2006,categorical_nominal
SES-56E_CHK1.01_2006,categorical_nominal
INDALL-EMP.01_2006,continuous
OCCALL-EMP.01_2006,categorical_nominal
QES-28.01_2006,binary
QES-45.01_2006,binary
QES-56CHK.01_2006,categorical_ordinal
PAYRATE-ALL-EMP.01_2006,continuous
QES-84C.01_2006,categorical_nominal
QES-86A_0.01_2006,binary
QES-87.01_2006,categorical_nominal
QES-89.01_2006,categorical_ordinal
SES-89A.01_2006,categorical_nominal
RISK-INCOME-1_2006,binary
RETIRE_EXP_P1_CHK1_2006,binary
Q7-A_2006,binary
Q8-18_2006,binary
Q8-35_A_2006,binary
Q8-35A2.01_2006,binary
Q8-35BE.01_2006,binary
Q8-40D.01_2006,binary
ACP_16A_2006,binary
Q9-29GD_2006,binary
Q9-29RB_2006,binary
Q9-64GB_4_2006,binary
Q9-67A_2006,binary
Q11-1AAA_2006,binary
Q11-1B_2006,binary
Q11-4_2006,binary
Q11-5_2006,binary
Q11-5A_2006,binary
Q11-ASTHMA-CHK1_2006,binary
Q11-ASTHMA-10_0_2006,binary
Q11-ASTHMA-10_A_2006,binary
Q11-9_2006,continuous
Q11-10_A_2006,continuous
Q11-10_B_2006,continuous
Q11-GENHLTH_1A_1_2006,continuous
Q11-GENHLTH_1B_2006,binary
Q11-GENHLTH_2A_1_2006,continuous
Q11-GENHLTH_2B_2006,binary
Q11-GENHLTH_3A_1_2006,continuous
Q11-GENHLTH_4A_2006,categorical_ordinal
Q11-GENHLTH_4B~000001_2006,binary
Q11-GENHLTH_4B~000002_2006,binary
Q11-GENHLTH_4B~000003_2006,binary
Q11-GENHLTH_4B~000004_2006,binary
Q11-GENHLTH_4B~000005_2006,binary
Q11-GENHLTH_5A_2006,binary
Q11-GENHLTH_6A_2006,categorical_ordinal
Q11-GENHLTH_7A_2006,categorical_ordinal
Q11-GENHLTH_7B_2006,categorical_ordinal
Q11-GENHLTH_8A_2006,binary
Q11-GENHLTH_8B_2006,binary
ROSENBERG_ESTEEM~000001_2006,categorical_ordinal
ROSENBERG_ESTEEM~000002_2006,categorical_ordinal
ROSENBERG_ESTEEM~000003_2006,categorical_ordinal
ROSENBERG_ESTEEM~000004_2006,categorical_ordinal
ROSENBERG_ESTEEM~000005_2006,categorical_ordinal
ROSENBERG_ESTEEM~000006_2006,categorical_ordinal
ROSENBERG_ESTEEM~000007_2006,categorical_ordinal
ROSENBERG_ESTEEM~000008_2006,categorical_ordinal
ROSENBERG_ESTEEM~000009_2006,categorical_ordinal
ROSENBERG_ESTEEM~000010_2006,categorical_ordinal
ROSENBERG_ESTEEM_SCORE_2006,continuous
ROSENBERG_IRT_SCORE_2006,continuous
ROSENBERG_ZSCORECW_2006,continuous
ROSENBERG_ZSCORECW_PERCENTILE_2006,continuous
Q11-79_2006,binary
Q11-82_2006,binary
Q11-85_2006,binary
Q12-3_2006,binary
Q12-8_2006,categorical_nominal
Q13-5_TRUNC_2006,continuous
Q13-7_2006,binary
Q13-8_2006,binary
Q13RECIP-2_2006,categorical_ordinal
Q13-10_2006,binary
Q13-32_2006,binary
Q13-33T_2006,binary
Q13-33TA_2006,binary
Q13RECIP-4~000003_2006,binary
Q13RECIP-4~000004_2006,binary
Q13F-B_2006,binary
WR-5_2006,binary
Q13-71_2006,binary
Q13-74_2006,binary
Q13-76_2006,binary
Q13-79_2006,binary
CIR-ELIG_1_2006,binary
CONSUMPTN_1_2006,categorical_nominal
CONSUMPTN_1_SR000001_2006,continuous
CONSUMPTN_2_SR000001_2006,continuous
CONSUMPTN_3_2006,binary
CONSUMPTN_4_2006,binary
CONSUMPTN_5_SR000001_2006,continuous
CONSUMPTN_5B_2006,binary
RISK_1_2006,continuous
RISK_2_2006,continuous
RISK_3_2006,continuous
RISK_4_2006,continuous
IMPATIENCE_1_2006,continuous
IMPATIENCE_2_2006,continuous
RETIRE_EXP_P2_CHK1_2006,binary
Q13-145_CHK1_2006,binary
Q13INT-TIME_2006,continuous
Q14-6A_2006,binary
Q14-CONSENT-1230_2006,binary
Q14-CONSENT-1250_2006,binary
Q15-ANY_SIBS_2006,binary
INTMODE_2006,categorical_nominal
Q15-4_2006,categorical_ordinal
Q15-5_2006,categorical_ordinal
Q15-6_2006,categorical_nominal
Q15-7_2006,binary
Q15-8_2006,binary
Q15-11_2006,binary
Q15-12_2006,continuous
INTCHARS_INT_ID_2006,continuous
INTCHARS_YRSINTR_2006,continuous
INTCHARS_RACE_2006,categorical_nominal
INTCHARS_SEX_2006,binary
INTCHARS_AGE_2006,continuous
INTCHARS_EDUCATION_2006,categorical_ordinal
LINTDATE~M_2006,categorical_nominal
SYMBOL_RESP_GENDER_2006,binary
SYMBOL_DIPLOMAGED_2006,binary
SYMBOL_MARCODE_2006,categorical_ordinal
SYMBOL_OLDMARCODE_2006,categorical_ordinal
SYMBOL_CHSUPT_AWARD_2006,binary
SYMBOL_MARCODEDLI_2006,categorical_ordinal
SYMBOL_ENTRY_ASST_2006,categorical_nominal
SYMBOL_ENTRY_BUS_2006,binary
SYMBOL_ENTRY_CHSUPT_2006,categorical_nominal
SYMBOL_ENTRY_ED_2006,binary
SYMBOL_ENTRY_EITC_2006,binary
SYMBOL_ENTRY_INHER_2006,binary
SYMBOL_ENTRY_MIL_2006,binary
SYMBOL_ENTRY_OTHHH_2006,binary
SYMBOL_ENTRY_OTHR_2006,binary
SYMBOL_ENTRY_WAGE_2006,categorical_nominal
SYMBOL_PREV_LINTDATE~M_2006,categorical_nominal
SYMBOL_PREV_LINTDATE~Y_2006,year
SYMBOL_PAFLAG_2006,binary
TENURE1_2006,continuous
HRP1_2006,continuous
HRP1_WHRLY2_2006,continuous
SAMPWEIGHT_2006,continuous
C_SAMPWEIGHT_2006,continuous
FAMSIZE_2006,continuous
TNFI_TRUNC_2006,continuous
POVSTATUS_2006,binary
ESR_KEY_2006,categorical_nominal
ESR_COL_2006,categorical_nominal
REGION_2006,categorical_nominal
MARSTAT-COL_2006,categorical_ordinal
MARSTAT-KEY_2006,categorical_ordinal
HGCREV06_2006,continuous
ENROLLMTREV06_2006,categorical_ordinal
AGEATINT_2006,continuous
DOI_EMPLOYED_2006,binary
DOI_DISABLED_2006,binary
HRSWK-PCY_2006,continuous
WKSWK-PCY_2006,continuous
WKSUEMP-PCY_2006,continuous
WKSOLF-PCY_2006,continuous
HRSWK-SLI_2006,continuous
WKSWK-SLI_2006,continuous
WKSUEMP-SLI_2006,continuous
WKSOLF-SLI_2006,continuous
WKSSINCELI_2006,continuous
URBAN-RURAL_2006,categorical_nominal
URBAN-RURAL_REV_2006,categorical_nominal
SMSARES_2006,categorical_nominal
JOBSNUM_2006,continuous
NUMKID06_2006,continuous
NUMCH06_2006,continuous
HHI_FINAL_FU.01_2006,categorical_nominal
EMPLOYER_ID.01_2006,continuous
HHI_FINAL_GENCODE.01_2006,binary
EMPLOYER_CURFLAG.01_2006,binary
EMPLOYER_STOPDATE.01~M_2006,categorical_nominal
EMPLOYER_STOPDATE.01~Y_2006,year
EMPLOYER_STARTDATE.01~M_2006,categorical_nominal
EMPLOYER_STARTDATE.01~Y_2006,year
HHI_FINAL_AGE.01_2006,continuous
HHI_FINAL_GRADECODE.01_2006,continuous
NUMSPPTR06_XRND,categorical_ordinal
RELSPPTR06_XRND,continuous
HHI_FINAL_RELCODE.01_2006,continuous
COWALL-EMP_REVISED.01_2006,categorical_nominal
R22_PCT_DK_2006,continuous
R22_PCT_REF_2006,continuous
JOB_UID_EMPROSTER1_2006,continuous
GEN_INIT14A_2008,binary
CURDATE~M_2008,categorical_nominal
HH1-1_2008,categorical_nominal
HH5-2_2008,binary
Q1-2_2008,continuous
MIGR-1_2008,binary
Q2-3A_2008,binary
Q2-4AC_2008,categorical_nominal
Q2-CH-1_2008,binary
Q2-10A_2008,binary
SPARMAR-1_2008,binary
Q2-48_2008,categorical_ordinal
Q3-1_2008,binary
Q3-4_2008,continuous
Q3-4A_2008,binary
Q3-5C_2008,continuous
Q3-7_2008,binary
Q3-10D_2008,categorical_ordinal
Q3-10E~M_2008,categorical_nominal
Q3-10E~Y_2008,continuous
Q3-10E_CHK1_2008,binary
Q3-11_2008,binary
Q6-8.01_2008,binary
Q6-8I.01_2008,binary
Q6-23BA_2008,binary
Q6-23E_2008,binary
Q6-23J_2008,binary
QES-B_2008,continuous
QES-PARSE.01_2008,categorical_ordinal
QES-4A.01_2008,binary
QES-23.01_2008,binary
QES-25J.01_2008,categorical_ordinal
HOURS_WORKED_WEEK_ALL.01_2008,continuous
SES-52A_CHK.01_2008,categorical_nominal
SES-56E_CHK1.01_2008,categorical_nominal
INDALL-EMP.01_2008,continuous
OCCALL-EMP.01_2008,categorical_nominal
COWALL-EMP.01_2008,categorical_nominal
QES-28.01_2008,binary
QES-45.01_2008,binary
QES-56CHK.01_2008,categorical_ordinal
PAYRATE-ALL-EMP.01_2008,continuous
QES-84C.01_2008,categorical_nominal
QES-86A_0.01_2008,binary
QES-87.01_2008,categorical_nominal
QES-89.01_2008,categorical_ordinal
SES-89A.01_2008,categorical_nominal
Q7-A_2008,binary
Q8-18_2008,binary
Q8-35_A_2008,binary
Q8-35B-B.01_2008,binary
Q8-35BE.01_2008,binary
Q8-40D.01_2008,binary
Q9-29GD_2008,binary
Q9-29RB_2008,binary
Q9-44.01_2008,categorical_ordinal
Q9-64GB_4_2008,binary
Q9-67A_2008,binary
Q11-1AAA_2008,binary
Q11-1B_2008,binary
Q11-4_2008,binary
Q11-5_2008,binary
Q11-5A_2008,binary
Q11-ASTHMA-CHK1_2008,binary
Q11-CARE-1_2008,binary
Q11-CARE-4_2008,binary
Q11-9_2008,continuous
Q11-10_A_2008,continuous
Q11-10_B_2008,continuous
Q11-GENHLTH_1A_1_2008,continuous
Q11-GENHLTH_1A_2_2008,categorical_ordinal
Q11-GENHLTH_1B_2008,binary
Q11-GENHLTH_2A_1_2008,continuous
Q11-GENHLTH_2A_2_2008,categorical_ordinal
Q11-GENHLTH_2B_2008,binary
Q11-GENHLTH_3A_1_2008,continuous
Q11-GENHLTH_3A_2_2008,categorical_ordinal
Q11-GENHLTH-PRV1_2008,binary
Q11-GENHLTH-PRV2_2008,categorical_ordinal
Q11-GENHLTH_4A_2008,categorical_ordinal
Q11-GENHLTH_4B_2008,binary
Q11-GENHLTH_4F_2008,binary
Q11-GENHLTH_5A_2_2008,continuous
Q11-GENHLTH_5A_3_2008,continuous
Q11-GENHLTH_6A_2008,categorical_ordinal
Q11-GENHLTH_7A_2008,categorical_ordinal
Q11-GENHLTH_7B_2008,categorical_ordinal
Q11-GENHLTH_7C_1_2008,continuous
Q11-GENHLTH_7C_2_2008,binary
Q11-GENHLTH_7D_1_2008,continuous
Q11-GENHLTH_7D_2_2008,binary
Q11-GENHLTH_7E_1_2008,continuous
Q11-GENHLTH_7E_2_2008,binary
Q11-GENHLTH_7F_1_2008,continuous
Q11-GENHLTH_7F_2_2008,binary
Q11-82_2008,binary
Q11-85_2008,binary
Q11-86E_2008,binary
Q11-79_2008,binary
Q11-80B~000001_2008,binary
Q11-80B~000002_2008,binary
Q11-80B~000007_2008,binary
Q11-80F_2008,binary
Q11-HLTHPLN-3CHK_2008,binary
Q11-81A_2008,binary
Q11-HLTHPLN-6CHK_2008,binary
Q11-HLTHPLN-7CHK_2008,binary
Q11-HLTHPLN-8CHK_2008,binary
CIG_CHK1_2008,binary
Q12-3_2008,binary
Q12-8_2008,categorical_nominal
Q13-5_TRUNC_2008,continuous
Q13-8_2008,binary
Q13RECIP-2_2008,categorical_ordinal
Q13-10_2008,binary
Q13-32_2008,binary
Q13-33_2008,binary
Q13-33T_2008,binary
Q13-33TA_2008,binary
Q13RECIP-4~000003_2008,binary
Q13RECIP-4~000004_2008,binary
Q13F-B_2008,binary
Q13-69_DIS_2008,binary
WR-5_2008,binary
Q13-71_2008,binary
Q13-74_2008,binary
Q13-76_2008,binary
Q13-79_2008,binary
FA_1_2008,binary
FA_2_2008,binary
FA_3_2008,binary
FA_4_2008,binary
FA_5_2008,binary
FA_6B_2008,binary
FA_8_2008,binary
FA_9_2008,binary
FA_11_2008,binary
NFA_1_2008,binary
NFA_2_2008,binary
Q13-128_2008,binary
Q13-JTOWN-ANY-1_2008,binary
NFA_4_2008,binary
NFA_4A_2008,binary
NFA_4B_2008,continuous
NFA_4C_TRUNC.01_2008,continuous
NFA_4D_3.01_2008,continuous
NFA_4E.01_2008,binary
NFA_5_2008,binary
NFA_6_2008,binary
NFA_7_2008,binary
DEBT_1_2008,binary
DEBT_2_2008,binary
DEBT_2B_2008,binary
DEBT_2C_2008,binary
DEBT_3_2008,binary
DEBT_4_2008,binary
Q13-141_2008,categorical_ordinal
Q13-141A_REF_1_2008,binary
PS-1_2008,binary
PS-2_2008,continuous
PS-3_2008,binary
PS-4_2008,binary
Q13-145A_2008,categorical_ordinal
RETIRE_EXP_P2_CHK2_2008,binary
RETIRE_EXP_P2_2~000001_2008,binary
RETIRE_EXP_P2_2~000002_2008,binary
RETIRE_EXP_P2_2~000003_2008,binary
RETIRE_EXP_P2_2~000004_2008,binary
RETIRE_EXP_P2_2~000005_2008,binary
RETIRE_EXP_P2_2~000006_2008,binary
RETIRE_EXP_P2_2~000007_2008,binary
RETIRE_EXP_P2_2~000008_2008,binary
RETIRE_EXP_P2_2~000009_2008,binary
RETIRE_EXP_P2_2~000011_2008,binary
RETIRE_EXP_P2_2~000012_2008,binary
RETIRE_EXP_P2_2~000010_2008,binary
RETIRE_EXP_P2_3B_2008,continuous
RETIRE_EXP_P2_3C_2008,continuous
RETIRE_EXP_P2_3D_2008,continuous
RETIRE_EXP_P2_4A~000001_2008,binary
RETIRE_EXP_P2_4A~000002_2008,binary
RETIRE_EXP_P2_4A~000003_2008,binary
RETIRE_EXP_P2_4A~000004_2008,binary
RETIRE_EXP_P2_4A~000005_2008,binary
RETIRE_EXP_P2_4B_2008,binary
ATT-POL-77_2008,categorical_nominal
ATT-POL-78_2008,categorical_nominal
ATT-POL-79_2008,categorical_ordinal
ATT-POL-80_2008,categorical_ordinal
ATT-POL-84_2008,categorical_ordinal
Q13-145_CHK1_2008,binary
Q13INT-TIME_2008,continuous
Q14-CONSENT-1230_2008,binary
Q14-CONSENT-1250_2008,binary
Q15-ANY_SIBS_2008,binary
INTMODE_2008,categorical_nominal
Q15-4_2008,categorical_ordinal
Q15-5_2008,categorical_ordinal
Q15-6_2008,categorical_nominal
Q15-7_2008,binary
Q15-8_2008,binary
Q15-11_2008,binary
Q15-12N_2008,continuous
INTCHARS_INT_ID_2008,continuous
INTCHARS_RACE_2008,categorical_nominal
INTCHARS_SEX_2008,binary
INTCHARS_AGE_2008,continuous
INTCHARS_EDUCATION_2008,categorical_ordinal
LINTDATE~M_2008,categorical_nominal
SYMBOL_RESP_GENDER_2008,binary
SYMBOL_DIPLOMAGED_2008,binary
SYMBOL_MARCODE_2008,categorical_ordinal
SYMBOL_OLDMARCODE_2008,categorical_ordinal
SYMBOL_CHSUPT_AWARD_2008,binary
SYMBOL_MARCODEDLI_2008,categorical_ordinal
SYMBOL_ENTRY_ASST_2008,categorical_nominal
SYMBOL_ENTRY_BUS_2008,binary
SYMBOL_ENTRY_CHSUPT_2008,categorical_nominal
SYMBOL_ENTRY_ED_2008,binary
SYMBOL_ENTRY_EITC_2008,binary
SYMBOL_ENTRY_INHER_2008,binary
SYMBOL_ENTRY_MIL_2008,binary
SYMBOL_ENTRY_OTHHH_2008,binary
SYMBOL_ENTRY_OTHR_2008,binary
SYMBOL_ENTRY_WAGE_2008,categorical_nominal
SYMBOL_PREV_LINTDATE~M_2008,categorical_nominal
SYMBOL_PREV_LINTDATE~Y_2008,year
SYMBOL_PAFLAG_2008,binary
TENURE1_2008,continuous
HRP1_2008,continuous
HRP1_WHRLY2_2008,continuous
SAMPWEIGHT_2008,continuous
C_SAMPWEIGHT_2008,continuous
FAMSIZE_2008,continuous
TNFI_TRUNC_2008,continuous
POVSTATUS_2008,binary
REGION_2008,categorical_nominal
MARSTAT-COL_2008,categorical_ordinal
MARSTAT-KEY_2008,categorical_ordinal
HGCREV08_2008,continuous
AGEATINT_2008,continuous
DOI_EMPLOYED_2008,binary
HRSWK-PCY_2008,continuous
WKSWK-PCY_2008,continuous
WKSUEMP-PCY_2008,continuous
WKSOLF-PCY_2008,continuous
HRSWK-SLI_2008,continuous
WKSWK-SLI_2008,continuous
WKSUEMP-SLI_2008,continuous
WKSOLF-SLI_2008,continuous
WKSSINCELI_2008,continuous
URBAN-RURAL_2008,categorical_nominal
SMSARES_2008,categorical_nominal
JOBSNUM_2008,continuous
C1DOB08~M_2008,categorical_nominal
C1DOB08~Y_2008,continuous
C1SEX08_2008,binary
NUMKID08_2008,continuous
NUMCH08_2008,continuous
AGE1B08_2008,continuous
AGE1M08_2008,continuous
MOBG1M08_2008,continuous
YRBG1M08_2008,continuous
HHI_FINAL_FU.01_2008,categorical_nominal
EMPLOYER_EMPPREVID.01_2008,continuous
HHI_FINAL_GENCODE.01_2008,binary
EMPLOYER_CURFLAG.01_2008,binary
EMPLOYER_CURFLAG.02_2008,binary
EMPLOYER_STOPDATE.01~M_2008,categorical_nominal
EMPLOYER_STOPDATE.01~Y_2008,year
EMPLOYER_STARTDATE.01~M_2008,categorical_nominal
EMPLOYER_STARTDATE.01~Y_2008,year
EMPLOYER_CPSFLAG.01_2008,binary
HHI_FINAL_AGE.01_2008,continuous
HHI_FINAL_GRADECODE.01_2008,continuous
HHI_FINAL_RELCODE.01_2008,continuous
R23_PCT_DK_2008,continuous
R23_PCT_REF_2008,continuous
JOB_UID_EMPROSTER1_2008,continuous
CURDATE~M_2010,categorical_nominal
CURDATE~Y_2010,year
HH1-1_2010,categorical_nominal
HH5-2_2010,binary
Q1-2_2010,continuous
MIGR-1_2010,binary
Q2-3A_2010,binary
Q2-4AC_2010,categorical_nominal
Q2-10A_2010,binary
SPARMAR-1_2010,binary
Q3-4_2010,continuous
Q3-5C_2010,continuous
Q3-7_2010,binary
Q3-10D_2010,categorical_ordinal
Q3-10E~M_2010,categorical_nominal
Q3-10E~Y_2010,continuous
Q3-10E_CHK1_2010,binary
CPSMIL_2010,binary
OTHERWK_2010,binary
ANYDLI_2010,binary
Q6-23BA_2010,binary
Q6-23E_2010,binary
QES-B_2010,continuous
QES-4A.01_2010,binary
QES-BUSOWN_CHK1.01_2010,categorical_ordinal
QES-23.01_2010,binary
QES-25J.01_2010,categorical_ordinal
HOURS_WORKED_WEEK_ALL.01_2010,continuous
SES-52A_CHK.01_2010,categorical_nominal
INDALL-EMP.01_2010,continuous
OCCALL-EMP.01_2010,categorical_nominal
QES-28.01_2010,binary
QES-45.01_2010,binary
PAYRATE-ALL-EMP.01_2010,continuous
QES-84C.01_2010,categorical_nominal
QES-86A_0.01_2010,binary
QES-87.01_2010,categorical_nominal
QES-89.01_2010,categorical_ordinal
STOCK_OPTIONS_CHK2_2010,binary
STOCK_OPTIONS_CHK3_2010,binary
STOCK_OPTIONS_1_2010,binary
STOCK_OPTIONS_CHK4_2010,binary
Q7-A_2010,binary
Q8-18_2010,binary
Q8-35_A_2010,binary
Q8-35B-B.01_2010,binary
Q8-35BE.01_2010,binary
Q8-40D.01_2010,binary
PHIL_1_2010,binary
PHIL_1D_2010,binary
PHIL_8_2010,binary
Q9-29GD_2010,binary
Q9-29RB_2010,binary
Q9-64GB_4_2010,binary
Q9-67A_2010,binary
CURDATE_HLTHTEST1~M_2010,categorical_nominal
CURDATE_HLTHTEST1~Y_2010,year
Q11-1AAA_2010,binary
Q11-1B_2010,binary
Q11-4_2010,binary
Q11-5_2010,binary
Q11-5A_2010,binary
Q11-ASTHMA-CHK1_2010,binary
Q11-CARE-1_2010,binary
Q11-CARE-4_2010,binary
Q11-9_2010,continuous
Q11-10_A_2010,continuous
Q11-10_B_2010,continuous
Q11-GENHLTH_1A_1_2010,continuous
Q11-GENHLTH_1A_2_2010,categorical_ordinal
Q11-GENHLTH_1B_2010,binary
Q11-GENHLTH_2A_1_2010,continuous
Q11-GENHLTH_2A_2_2010,categorical_ordinal
Q11-GENHLTH_2B_2010,binary
Q11-GENHLTH_3A_1_2010,continuous
Q11-GENHLTH_3A_2_2010,categorical_ordinal
Q11-GENHLTH-PRV1_2010,binary
Q11-GENHLTH-PRV2_2010,categorical_ordinal
Q11-GENHLTH_4A_2010,categorical_ordinal
Q11-GENHLTH_4B_2010,binary
Q11-GENHLTH_4F_2010,binary
Q11-GENHLTH_5A_2_2010,continuous
Q11-GENHLTH_5A_3_2010,continuous
Q11-GENHLTH_6A_2010,categorical_ordinal
Q11-GENHLTH_7A_2010,categorical_ordinal
Q11-GENHLTH_7B_2010,categorical_ordinal
Q11-GENHLTH_7C_1_2010,continuous
Q11-GENHLTH_7C_2_2010,binary
Q11-GENHLTH_7D_1_2010,continuous
Q11-GENHLTH_7D_2_2010,binary
Q11-GENHLTH_7E_1_2010,continuous
Q11-GENHLTH_7E_2_2010,binary
Q11-GENHLTH_7F_1_2010,continuous
Q11-GENHLTH_7F_2_2010,binary
Q11-82_2010,binary
Q11-85_2010,binary
Q11-86E_2010,binary
Q11-HLTHPLN-INTCHK_2010,binary
Q11-79_2010,binary
Q11-80B~000001_2010,binary
Q11-80B~000002_2010,binary
Q11-80B~000007_2010,binary
Q11-80B~000009_2010,binary
Q11-80F_2010,binary
Q11-HLTHPLN-3CHK_2010,binary
Q11-81A_2010,binary
Q11-HLTHPLN-6CHK_2010,binary
Q11-HLTHPLN-7CHK_2010,binary
Q11-HLTHPLN-8CHK_2010,binary
CIG_CHK1_2010,binary
Q12-3_2010,binary
Q12-8_2010,categorical_nominal
Q13-5_TRUNC_2010,continuous
Q13RECIP-2_2010,categorical_ordinal
Q13-10_2010,binary
Q13-32_2010,binary
Q13-33_2010,binary
Q13-33T_2010,binary
Q13-33TA_2010,binary
Q13RECIP-4~000001_2010,binary
Q13RECIP-4~000003_2010,binary
Q13RECIP-4~000004_2010,binary
Q13RECIP-4B_2010,binary
Q13F-B_2010,binary
Q13-69_DIS_2010,binary
WR-5_2010,binary
Q13-71_2010,binary
Q13-74_2010,binary
Q13-76_2010,binary
Q13-79_2010,binary
DEBT_1_2010,binary
DEBT_2_2010,binary
DEBT_2B_2010,binary
DEBT_2C_2010,binary
DEBT_3_2010,binary
DEBT_4_2010,binary
Q13-141_2010,categorical_ordinal
PS-1_2010,binary
PS-2_2010,continuous
PS-3_2010,binary
PS-4_2010,binary
RISK-INCOME-1_2010,binary
RISK_4_2010,continuous
RISK_5~000001_2010,categorical_nominal
RISK_5~000002_2010,categorical_nominal
RISK_5~000003_2010,categorical_nominal
RISK_5~000004_2010,categorical_nominal
RISK_5~000005_2010,categorical_nominal
RISK_5~000006_2010,categorical_nominal
RISK_5~000007_2010,categorical_nominal
RISK_5H_2010,continuous
RETIRE_EXP_P2_CHK2_2010,binary
RETIRE_EXP_P2_1A_2010,categorical_nominal
RETIRE_EXP_P2_2~000001_2010,binary
RETIRE_EXP_P2_2~000002_2010,binary
RETIRE_EXP_P2_2~000003_2010,binary
RETIRE_EXP_P2_2~000004_2010,binary
RETIRE_EXP_P2_2~000005_2010,binary
RETIRE_EXP_P2_2~000006_2010,binary
RETIRE_EXP_P2_2~000007_2010,binary
RETIRE_EXP_P2_2~000008_2010,binary
RETIRE_EXP_P2_2~000009_2010,binary
RETIRE_EXP_P2_2~000011_2010,binary
RETIRE_EXP_P2_2~000012_2010,binary
RETIRE_EXP_P2_2~000010_2010,binary
RETIRE_EXP_P2_3B_2010,continuous
RETIRE_EXP_P2_3C_2010,continuous
RETIRE_EXP_P2_3D_2010,continuous
RETIRE_EXP_P2_4A~000001_2010,binary
RETIRE_EXP_P2_4A~000002_2010,binary
RETIRE_EXP_P2_4A~000003_2010,binary
RETIRE_EXP_P2_4A~000004_2010,binary
RETIRE_EXP_P2_4A~000005_2010,binary
RETIRE_EXP_P2_4B_2010,binary
FORECLOSURE-2_2010,binary
FORECLOSURE-9_2010,binary
Q13-145_CHK1_2010,binary
Q13INT-TIME_2010,continuous
INTMODE_2010,categorical_nominal
Q15-4_2010,categorical_ordinal
Q15-5_2010,categorical_ordinal
Q15-6_2010,categorical_nominal
Q15-7_2010,binary
Q15-8_2010,binary
Q15-11_2010,binary
INTCHARS_INT_ID_2010,continuous
LINTDATE~M_2010,categorical_nominal
SYMBOL_RESP_GENDER_2010,binary
SYMBOL_DIPLOMAGED_2010,binary
SYMBOL_MARCODE_2010,categorical_ordinal
SYMBOL_OLDMARCODE_2010,categorical_ordinal
SYMBOL_MARCODEDLI_2010,categorical_ordinal
SYMBOL_ENTRY_ASST_2010,categorical_nominal
SYMBOL_ENTRY_BUS_2010,binary
SYMBOL_ENTRY_CHSUPT_2010,categorical_nominal
SYMBOL_ENTRY_ED_2010,binary
SYMBOL_ENTRY_EITC_2010,binary
SYMBOL_ENTRY_INHER_2010,binary
SYMBOL_ENTRY_MIL_2010,binary
SYMBOL_ENTRY_OTHHH_2010,binary
SYMBOL_ENTRY_OTHR_2010,binary
SYMBOL_ENTRY_WAGE_2010,categorical_nominal
TENURE1_2010,continuous
HRP1_2010,continuous
SAMPWEIGHT_2010,continuous
C_SAMPWEIGHT_2010,continuous
FAMSIZE_2010,continuous
TNFI_TRUNC_2010,continuous
POVSTATUS_2010,binary
PAST_CALENDAR_YEAR_2010,year
REGION_2010,categorical_nominal
MARSTAT-COL_2010,categorical_ordinal
MARSTAT-KEY_2010,categorical_ordinal
HGCREV10_2010,continuous
AGEATINT_2010,continuous
DOI_EMPLOYED_2010,binary
HRSWK-PCY_2010,continuous
WKSWK-PCY_2010,continuous
WKSUEMP-PCY_2010,continuous
WKSOLF-PCY_2010,continuous
HRSWK-SLI_2010,continuous
WKSWK-SLI_2010,continuous
WKSUEMP-SLI_2010,continuous
WKSOLF-SLI_2010,continuous
WKSSINCELI_2010,continuous
URBAN-RURAL_2010,categorical_nominal
SMSARES_2010,categorical_nominal
JOBSNUM_2010,continuous
C1DOB10~M_2010,categorical_nominal
C1DOB10~Y_2010,continuous
C1SEX10_2010,binary
NUMKID10_2010,continuous
NUMCH10_2010,continuous
AGE1B10_2010,continuous
AGE1M10_2010,continuous
MOBG1M10_2010,continuous
YRBG1M10_2010,continuous
HHI_FINAL_FU.01_2010,categorical_nominal
HHI_FINAL_GENCODE.01_2010,binary
EMPLOYER_CURFLAG.01_2010,binary
EMPLOYER_CURFLAG.02_2010,binary
EMPLOYER_STOPDATE.01~M_2010,categorical_nominal
EMPLOYER_STOPDATE.01~Y_2010,year
EMPLOYER_STARTDATE.01~M_2010,categorical_nominal
EMPLOYER_STARTDATE.01~Y_2010,year
EMPLOYER_CPSFLAG.01_2010,binary
HHI_FINAL_AGE.01_2010,continuous
HHI_FINAL_GRADECODE.01_2010,continuous
HHI_FINAL_RELCODE.01_2010,continuous
HRP1_WHRLY2_2010,continuous
COWALL-EMP.01_2010,categorical_nominal
EMPLOYER_EMPPREVID.01_2010,continuous
QES-PARSE.01_2010,categorical_ordinal
R24_PCT_DK_2010,continuous
R24_PCT_REF_2010,continuous
TIME_R24_HHI_2010,continuous
TIME_R24_MIGR_2010,continuous
TIME_R24_MARHIST_2010,continuous
TIME_R24_SCH_2010,continuous
TIME_R24_MIL_2010,continuous
TIME_R24_ONJOBS_2010,continuous
TIME_R24_EMPSUPP_2010,continuous
TIME_R24_BUSOWN_2010,continuous
TIME_R24_STOCKOWN_2010,continuous
TIME_R24_GAPS_2010,continuous
TIME_R24_TRAIN_2010,continuous
TIME_R24_PHILANTHROPY_2010,continuous
TIME_R24_SP_LABOR_2010,continuous
TIME_R24_FERTILITY_2010,continuous
TIME_R24_CHLDCARE_2010,continuous
TIME_R24_HEALTH_2010,continuous
TIME_R24_SMOKE_2010,continuous
TIME_R24_INCOME_2010,continuous
TIME_R24_RISK_2010,continuous
TIME_R24_RETIRE_2010,continuous
TIME_R24_FORECLOSE_2010,continuous
TIME_R24_INT_END_2010,continuous
TIME_R24_LOCATOR_2010,continuous
TIME_R24_FI_REMARKS_2010,continuous
JOB_UID_EMPROSTER1_2010,continuous
CURDATE~M_2012,categorical_nominal
CURDATE~Y_2012,year
HH1-1_2012,categorical_nominal
HH5-2_2012,binary
Q1-2_2012,continuous
MIGR-1_2012,binary
R_REL-2_2012,categorical_nominal
R_REL-2_CHK1_2012,categorical_ordinal
R_REL-3_2012,categorical_ordinal
Q2-3A_2012,binary
Q2-4AC_2012,categorical_nominal
Q2-10A_2012,binary
SPARMAR-1_2012,binary
SPARRACE-1C.01_2012,binary
Q3-4_2012,continuous
Q3-5C_2012,continuous
Q3-7_2012,binary
Q3-10D_2012,categorical_ordinal
Q3-10E~M_2012,categorical_nominal
Q3-10E~Y_2012,continuous
Q3-10E_CHK1_2012,binary
Q6-23BA_2012,binary
Q6-23E_2012,binary
QES-B_2012,continuous
QES-4A.01_2012,binary
QES-BUSOWN_CHK1.01_2012,categorical_ordinal
QES-23.01_2012,binary
QES-25J.01_2012,categorical_ordinal
HOURS_WORKED_WEEK_ALL.01_2012,continuous
SES-52A_CHK.01_2012,categorical_nominal
INDALL-EMP.01_2012,continuous
OCCALL-EMP.01_2012,categorical_nominal
COWALL-EMP.01_2012,categorical_nominal
QES-28.01_2012,binary
QES-45.01_2012,binary
PAYRATE-ALL-EMP.01_2012,continuous
QES-86A_0.01_2012,binary
QES-87.01_2012,categorical_nominal
QES-89.01_2012,categorical_ordinal
Q7-A_2012,binary
Q8-18_2012,binary
Q8-35_A_2012,binary
Q8-35B-B.01_2012,binary
Q8-35BE.01_2012,binary
Q8-40D.01_2012,binary
Q9-29GD_2012,binary
Q9-29RB_2012,binary
Q9-64GB_4_2012,binary
Q9-67A_2012,binary
CURDATE_HLTHTEST1~M_2012,categorical_nominal
CURDATE_HLTHTEST1~Y_2012,year
Q11-1AAA_2012,binary
Q11-1B_2012,binary
Q11-4_2012,binary
Q11-5_2012,binary
Q11-5A_2012,binary
Q11-CARE-1_2012,binary
Q11-CARE-4_2012,binary
Q11-9_2012,continuous
Q11-10_A_2012,continuous
Q11-10_B_2012,continuous
Q11-GENHLTH_1A_1_2012,continuous
Q11-GENHLTH_1A_2_2012,categorical_ordinal
Q11-GENHLTH_1B_2012,binary
Q11-GENHLTH_2A_1_2012,continuous
Q11-GENHLTH_2A_2_2012,categorical_ordinal
Q11-GENHLTH_2B_2012,binary
Q11-GENHLTH_3A_1_2012,continuous
Q11-GENHLTH_3A_2_2012,categorical_ordinal
Q11-GENHLTH-PRV1_2012,binary
Q11-GENHLTH-PRV2_2012,categorical_ordinal
Q11-GENHLTH_4A_2012,categorical_ordinal
Q11-GENHLTH_4B_2012,binary
Q11-GENHLTH_4F_2012,binary
Q11-GENHLTH_5A_1_2012,binary
Q11-GENHLTH_5A_2_2012,continuous
Q11-GENHLTH_5A_3_2012,continuous
Q11-GENHLTH_6A_2012,categorical_ordinal
Q11-GENHLTH_7A_2012,categorical_ordinal
Q11-GENHLTH_7B_2012,categorical_ordinal
Q11-GENHLTH_7C_1_2012,continuous
Q11-GENHLTH_7C_2_2012,binary
Q11-GENHLTH_7D_1_2012,continuous
Q11-GENHLTH_7D_2_2012,binary
Q11-GENHLTH_7E_1_2012,continuous
Q11-GENHLTH_7E_2_2012,binary
Q11-GENHLTH_7F_1_2012,continuous
Q11-GENHLTH_7F_2_2012,binary
Q11-82_2012,binary
Q11-85_2012,binary
Q11-86E_2012,binary
Q11-HLTHPLN-INTCHK_2012,binary
Q11-79_2012,binary
Q11-80B~000001_2012,binary
Q11-80B~000002_2012,binary
Q11-80B~000004_2012,binary
Q11-80B~000007_2012,binary
Q11-80B~000009_2012,binary
Q11-80F_2012,binary
Q11-HLTHPLN-3CHK_2012,binary
Q11-81A_2012,binary
Q11-HLTHPLN-6CHK_2012,binary
Q11-HLTHPLN-7CHK_2012,binary
Q11-HLTHPLN-8CHK_2012,binary
Q11-RCH-HLTH-1_2012,categorical_ordinal
Q11-RCH-HLTH-2_2012,binary
Q11-RCH-HLTH-4_2012,binary
Q11-RCH-HLTH-5_2012,binary
Q11-RCH-HLTH-6_2012,categorical_ordinal
Q11-RCH-HLTH-7_2012,categorical_ordinal
Q11-HEADINJ-1_2012,binary
Q11-HEADINJ-6_2012,categorical_ordinal
CIG_CHK1_2012,binary
Q12-3_2012,binary
Q12-8_2012,categorical_nominal
Q13-5_TRUNC_2012,continuous
Q13-8_2012,binary
Q13RECIP-2_2012,categorical_ordinal
Q13-10_2012,binary
Q13-32_2012,binary
Q13-33_2012,binary
Q13-33T_2012,binary
Q13-33TA_2012,binary
Q13RECIP-4~000001_2012,binary
Q13RECIP-4~000003_2012,binary
Q13RECIP-4~000004_2012,binary
Q13RECIP-4B_2012,binary
Q13F-B_2012,binary
Q13-69_DIS_2012,binary
WR-5_2012,binary
Q13-71_2012,binary
Q13-74_2012,binary
Q13-76_2012,binary
Q13-79_2012,binary
SC_1_2012,binary
FA_1_2012,binary
FA_2_2012,binary
FA_3_2012,binary
FA_4_2012,binary
FA_5_2012,binary
FA_6B_2012,binary
FA_8_2012,binary
FA_9_2012,binary
FA_11_2012,binary
NFA_1_2012,binary
NFA_2_2012,binary
Q13-128_2012,binary
Q13-JTOWN-ANY-1_2012,binary
NFA_4_2012,binary
NFA_4B_2012,continuous
NFA_4D_3.01_2012,continuous
NFA_4E.01_2012,binary
NFA_5_2012,binary
NFA_6_2012,binary
NFA_7_2012,binary
DEBT_1_2012,binary
DEBT_2_2012,binary
DEBT_2B_2012,binary
DEBT_2C_2012,binary
DEBT_3_2012,binary
DEBT_4_2012,binary
Q13-141_2012,categorical_ordinal
PS-1_2012,binary
PS-2_2012,continuous
PS-3_2012,binary
PS-4_2012,binary
RETIRE_EXP_P2_CHK2_2012,binary
RETIRE_EXP_P2_1A_2012,categorical_nominal
RETIRE_EXP_P2_2~000001_2012,binary
RETIRE_EXP_P2_2~000002_2012,binary
RETIRE_EXP_P2_2~000003_2012,binary
RETIRE_EXP_P2_2~000004_2012,binary
RETIRE_EXP_P2_2~000005_2012,binary
RETIRE_EXP_P2_2~000006_2012,binary
RETIRE_EXP_P2_2~000007_2012,binary
RETIRE_EXP_P2_2~000008_2012,binary
RETIRE_EXP_P2_2~000009_2012,binary
RETIRE_EXP_P2_2~000011_2012,binary
RETIRE_EXP_P2_2~000012_2012,binary
RETIRE_EXP_P2_2~000010_2012,binary
RETIRE_EXP_P2_3B_2012,continuous
RETIRE_EXP_P2_3C_2012,continuous
RETIRE_EXP_P2_3D_2012,continuous
RETIRE_EXP_P2_4A~000001_2012,binary
RETIRE_EXP_P2_4A~000002_2012,binary
RETIRE_EXP_P2_4A~000003_2012,binary
RETIRE_EXP_P2_4A~000004_2012,binary
RETIRE_EXP_P2_4A~000005_2012,binary
RETIRE_EXP_P2_4B_2012,binary
WILL_1_2012,binary
WILL_16_2012,binary
FORECLOSURE-2_2012,binary
FORECLOSURE-9_2012,binary
FIN_LIT_1_2012,binary
FIN_LIT_2~000001_2012,categorical_nominal
FIN_LIT_2~000002_2012,categorical_nominal
FIN_LIT_3_2012,categorical_nominal
FIN_LIT_4_2012,binary
FIN_LIT_5_2012,categorical_ordinal
FIN_LIT_6_2012,categorical_ordinal
FIN_LIT_8_2012,binary
Q13-145_CHK1_2012,binary
Q13INT-TIME_2012,continuous
INTMODE_2012,categorical_nominal
Q15-4_2012,categorical_ordinal
Q15-4A_2012,categorical_ordinal
Q15-4B~000001_2012,categorical_ordinal
Q15-4B~000002_2012,categorical_ordinal
Q15-4C~000001_2012,binary
Q15-4C~000007_2012,binary
Q15-4D_2012,categorical_ordinal
Q15-4F_2012,categorical_ordinal
Q15-5_2012,categorical_ordinal
Q15-6_2012,categorical_nominal
Q15-7_2012,binary
Q15-8_2012,binary
Q15-12N_2012,continuous
INTCHARS_INT_ID_2012,continuous
INTCHARS_RACE_2012,categorical_nominal
INTCHARS_SEX_2012,binary
INTCHARS_AGE_2012,continuous
INTCHARS_EDUCATION_2012,categorical_ordinal
SYMBOL_LINTYEAR_2012,year
SYMBOL_RESP_GENDER_2012,binary
SYMBOL_DIPLOMAGED_2012,binary
SYMBOL_MARCODE_2012,categorical_ordinal
SYMBOL_OLDMARCODE_2012,categorical_ordinal
SYMBOL_MARCODEDLI_2012,categorical_ordinal
SYMBOL_ENTRY_ASST_2012,categorical_nominal
SYMBOL_ENTRY_BUS_2012,binary
SYMBOL_ENTRY_CHSUPT_2012,categorical_nominal
SYMBOL_ENTRY_ED_2012,binary
SYMBOL_ENTRY_EITC_2012,binary
SYMBOL_ENTRY_INHER_2012,binary
SYMBOL_ENTRY_MIL_2012,binary
SYMBOL_ENTRY_OTHHH_2012,binary
SYMBOL_ENTRY_OTHR_2012,binary
SYMBOL_ENTRY_WAGE_2012,categorical_nominal
TENURE1_2012,continuous
SAMPWEIGHT_2012,continuous
C_SAMPWEIGHT_2012,continuous
FAMSIZE_2012,continuous
TNFI_TRUNC_2012,continuous
POVSTATUS_2012,binary
PAST_CALENDAR_YEAR_2012,year
REGION_2012,categorical_nominal
MARSTAT-COL_2012,categorical_ordinal
MARSTAT-KEY_2012,categorical_ordinal
HGCREV12_2012,continuous
AGEATINT_2012,continuous
DOI_EMPLOYED_2012,binary
DOI_DISABLED_2012,binary
HRSWK-PCY_2012,continuous
WKSWK-PCY_2012,continuous
WKSUEMP-PCY_2012,continuous
WKSOLF-PCY_2012,continuous
HRSWK-SLI_2012,continuous
WKSWK-SLI_2012,continuous
WKSUEMP-SLI_2012,continuous
WKSOLF-SLI_2012,continuous
WKSSINCELI_2012,continuous
URBAN-RURAL_2012,categorical_nominal
SMSARES_2012,categorical_nominal
JOBSNUM_2012,continuous
C1DOB12~M_2012,categorical_nominal
C1DOB12~Y_2012,continuous
C1SEX12_2012,binary
NUMKID12_2012,continuous
NUMCH12_2012,continuous
AGE1B12_2012,continuous
AGE1M12_2012,continuous
MOBG1M12_2012,continuous
YRBG1M12_2012,continuous
EMPLOYER_CURFLAG.01_2012,binary
EMPLOYER_CURFLAG.02_2012,binary
EMPLOYER_STOPDATE.01~M_2012,categorical_nominal
EMPLOYER_STOPDATE.01~Y_2012,year
EMPLOYER_STARTDATE.01~M_2012,categorical_nominal
EMPLOYER_STARTDATE.01~Y_2012,year
EMPLOYER_CPSFLAG.01_2012,binary
HHI_FINAL_FU.01_2012,categorical_nominal
HHI_FINAL_GENCODE.01_2012,binary
HHI_FINAL_AGE.01_2012,continuous
HHI_FINAL_GRADECODE.01_2012,continuous
HHI_FINAL_RELCODE.01_2012,continuous
LINTDATE~M_2012,categorical_nominal
LINTDATE~Y_2012,year
QES-PARSE.01_2012,categorical_ordinal
JOB_UID_EMPROSTER1_2012,continuous
R25_PCT_DK_2012,continuous
R25_PCT_REF_2012,continuous
TIME_R25_HHI_2012,continuous
TIME_R25_MIGR_2012,continuous
TIME_R25_MARHIST_2012,continuous
TIME_R25_SCH_2012,continuous
TIME_R25_MIL_2012,continuous
TIME_R25_ONJOBS_2012,continuous
TIME_R25_EMPSUPP_2012,continuous
TIME_R25_BUSOWN_2012,continuous
TIME_R25_BUSMATCH_2012,continuous
TIME_R25_STOCKOWN_2012,continuous
TIME_R25_GAPS_2012,continuous
TIME_R25_TRAIN_2012,continuous
TIME_R25_PHILANTHROPY_2012,continuous
TIME_R25_SP_LABOR_2012,continuous
TIME_R25_FERTILITY_2012,continuous
TIME_R25_CHLDCARE_2012,continuous
TIME_R25_HEALTH_2012,continuous
TIME_R25_SMOKE_2012,continuous
TIME_R25_INCOME_2012,continuous
TIME_R25_RISK_2012,continuous
TIME_R25_RETIRE_2012,continuous
TIME_R25_WILLS_2012,continuous
TIME_R25_FORECLOSE_2012,continuous
TIME_R25_FIN_LIT_2012,continuous
TIME_R25_INT_END_2012,continuous
TIME_R25_LOCATOR_2012,continuous
TIME_R25_FI_REMARKS_2012,continuous
CURDATE~M_2014,categorical_nominal
CURDATE~Y_2014,year
HH2-1_B~000001_2014,binary
HH2-1_B~000002_2014,binary
HH2-1_B~000003_2014,binary
HH2-1_B~000004_2014,binary
HH2-CHK1_2014,binary
HH2-CHK3_2014,binary
HH5-2_2014,binary
Q1-2_2014,continuous
MIGR-1_2014,binary
R_REL_CHK2_2014,binary
Q2-4AC_2014,categorical_nominal
Q2-10A_2014,binary
SPARMAR-1_2014,binary
Q3-4_2014,continuous
Q3-5C_2014,continuous
Q3-7_2014,binary
Q6-23BA_2014,binary
Q6-23E_2014,binary
Q7-A_2014,binary
Q8-18_2014,binary
Q8-35_A_2014,binary
Q9-29GD_2014,binary
Q9-64GB_4_2014,binary
Q9-67A_2014,binary
CURDATE_HLTHTEST1~M_2014,categorical_nominal
CURDATE_HLTHTEST1~Y_2014,year
Q11-1AAA_2014,binary
Q11-4_2014,binary
Q11-5_2014,binary
Q11-5A_2014,binary
Q11-CARE-1_2014,binary
Q11-CARE-4_2014,binary
Q11-9_2014,continuous
Q11-10_A_2014,continuous
Q11-10_B_2014,continuous
Q11-GENHLTH_1A_1_2014,continuous
Q11-GENHLTH_1A_2_2014,categorical_ordinal
Q11-GENHLTH_1B_2014,binary
Q11-GENHLTH_2A_1_2014,continuous
Q11-GENHLTH_2A_2_2014,categorical_ordinal
Q11-GENHLTH_2B_2014,binary
Q11-GENHLTH_3A_1_2014,continuous
Q11-GENHLTH_3A_2_2014,categorical_ordinal
Q11-GENHLTH-PRV1_2014,binary
Q11-GENHLTH-PRV2_2014,categorical_ordinal
Q11-GENHLTH_4A_2014,categorical_ordinal
Q11-GENHLTH_4B_2014,binary
Q11-GENHLTH_4F_2014,binary
Q11-GENHLTH_5A_1_2014,binary
Q11-GENHLTH_5A_2_2014,continuous
Q11-GENHLTH_5A_3_2014,continuous
Q11-GENHLTH_6A_2014,categorical_ordinal
Q11-GENHLTH_7A_2014,categorical_ordinal
Q11-GENHLTH_7B_2014,categorical_ordinal
Q11-GENHLTH_7C_1_2014,continuous
Q11-GENHLTH_7C_2_2014,binary
Q11-GENHLTH_7D_1_2014,continuous
Q11-GENHLTH_7D_2_2014,binary
Q11-GENHLTH_7E_1_2014,continuous
Q11-GENHLTH_7E_2_2014,binary
Q11-GENHLTH_7F_1_2014,continuous
Q11-GENHLTH_7F_2_2014,binary
Q11-82_2014,binary
Q11-85_2014,binary
Q11-86E_2014,binary
Q11-HLTHPLN-INTCHK_2014,binary
Q11-79_2014,binary
Q11-80B~000001_2014,binary
Q11-80B~000003_2014,binary
Q11-80B~000005_2014,binary
Q11-80B~000006_2014,binary
Q11-80B~000007_2014,binary
Q11-80B_1~000001_2014,binary
Q11-80B_1~000003_2014,binary
Q11-80B_1~000004_2014,binary
Q11-80B_1~000099_2014,binary
Q11-80F_2014,binary
Q11-HLTHPLN-3CHK_2014,binary
Q11-81A_2014,binary
Q11-HLTHPLN-6CHK_2014,binary
Q11-HLTHPLN-7CHK_2014,binary
Q11-HLTHPLN-8CHK_2014,binary
CIG_CHK1_2014,binary
Q12-3_2014,binary
Q12-8_2014,categorical_nominal
Q13-5_TRUNC_2014,continuous
Q13RECIP-2_2014,categorical_ordinal
Q13-10_2014,binary
Q13-33_2014,binary
Q13-33T_2014,binary
Q13RECIP-4~000001_2014,binary
Q13RECIP-4~000003_2014,binary
Q13RECIP-4~000004_2014,binary
Q13RECIP-4B_2014,binary
Q13F-B_2014,binary
Q13-69_DIS_2014,binary
WR-5_2014,binary
Q13-71_2014,binary
Q13-74_2014,binary
Q13-76_2014,binary
Q13-79_2014,binary
DEBT_1_2014,binary
DEBT_2_2014,binary
DEBT_2B_2014,binary
DEBT_2C_2014,binary
DEBT_3_2014,binary
DEBT_4_2014,binary
Q13-141_2014,categorical_ordinal
PS-1_2014,binary
PS-2_2014,continuous
PS-3_2014,binary
PS-4_2014,binary
TIPI10~000001_2014,categorical_ordinal
TIPI10~000002_2014,categorical_ordinal
TIPI10~000003_2014,categorical_ordinal
TIPI10~000004_2014,categorical_ordinal
TIPI10~000005_2014,categorical_ordinal
TIPI10~000006_2014,categorical_ordinal
TIPI10~000007_2014,categorical_ordinal
TIPI10~000008_2014,categorical_ordinal
TIPI10~000009_2014,categorical_ordinal
TIPI10~000010_2014,categorical_ordinal
RETIRE_EXP_P2_1A_2014,categorical_nominal
RETIRE_EXP_P2_2~000001_2014,binary
RETIRE_EXP_P2_2~000002_2014,binary
RETIRE_EXP_P2_2~000003_2014,binary
RETIRE_EXP_P2_2~000004_2014,binary
RETIRE_EXP_P2_2~000005_2014,binary
RETIRE_EXP_P2_2~000006_2014,binary
RETIRE_EXP_P2_2~000007_2014,binary
RETIRE_EXP_P2_2~000008_2014,binary
RETIRE_EXP_P2_2~000009_2014,binary
RETIRE_EXP_P2_2~000011_2014,binary
RETIRE_EXP_P2_2~000012_2014,binary
RETIRE_EXP_P2_2~000010_2014,binary
RETIRE_EXP_P2_4A~000001_2014,binary
RETIRE_EXP_P2_4A~000002_2014,binary
RETIRE_EXP_P2_4A~000003_2014,binary
RETIRE_EXP_P2_4A~000004_2014,binary
RETIRE_EXP_P2_4A~000005_2014,binary
RETIRE_EXP_P2_4B_2014,binary
RETIRE_EXP_P2_E_CHK1_2014,binary
RETIRE_EXP_P2_E1_2014,continuous
RETIRE_EXP_P2_E3_2014,continuous
RETIRE_EXP_P2_E4_2014,continuous
RETIRE_EXP_P2_E5_2014,continuous
RETIRE_EXP_P2_E7_2014,continuous
RETIRE_EXP_P2_E8_2014,continuous
RETIRE_EXP_P2_E9_2014,continuous
FORECLOSURE-2_2014,binary
FORECLOSURE-9_2014,binary
Q13-145_01_2014,binary
Q13-145_01A~000001_2014,binary
Q13-145_01A~000003_2014,binary
Q13-145_01A~000004_2014,binary
Q13-145_01A~000005_2014,binary
Q13-145_01A~000007_2014,binary
Q13-145_02_2014,binary
LIFE-SATISFACTION_2014,categorical_ordinal
Q13INT-TIME_2014,continuous
Q14-BEST-CONTACTMODE-2~000001_2014,binary
Q14-BEST-CONTACTMODE-2~000002_2014,binary
Q14-BEST-CONTACTMODE-2~000004_2014,binary
Q14-BEST-CONTACTMODE-2~000005_2014,binary
INTMODE_2014,categorical_nominal
Q15-4_2014,categorical_ordinal
Q15-4A_2014,categorical_ordinal
Q15-4B~000001_2014,categorical_ordinal
Q15-4B~000002_2014,categorical_ordinal
Q15-4C~000001_2014,binary
Q15-4C~000007_2014,binary
Q15-4E~000001_2014,binary
Q15-4E~000002_2014,binary
Q15-4F_2014,categorical_ordinal
Q15-5_2014,categorical_ordinal
Q15-6_2014,categorical_nominal
Q15-7_2014,binary
Q15-8_2014,binary
INTCHARS_INT_ID_2014,continuous
INTCHARS_SEX_2014,binary
SYMBOL_LINTYEAR_2014,year
SYMBOL_RESP_GENDER_2014,binary
SYMBOL_DIPLOMAGED_2014,binary
SYMBOL_MARCODE_2014,categorical_ordinal
SYMBOL_OLDMARCODE_2014,categorical_ordinal
SYMBOL_MARCODEDLI_2014,categorical_ordinal
SYMBOL_ENTRY_ASST_2014,categorical_nominal
SYMBOL_ENTRY_BUS_2014,binary
SYMBOL_ENTRY_CHSUPT_2014,categorical_nominal
SYMBOL_ENTRY_ED_2014,binary
SYMBOL_ENTRY_EITC_2014,binary
SYMBOL_ENTRY_INHER_2014,binary
SYMBOL_ENTRY_MIL_2014,binary
SYMBOL_ENTRY_OTHHH_2014,binary
SYMBOL_ENTRY_OTHR_2014,binary
SYMBOL_ENTRY_WAGE_2014,categorical_nominal
SAMPWEIGHT_2014,continuous
C_SAMPWEIGHT_2014,continuous
FAMSIZE_2014,continuous
TNFI_TRUNC_2014,continuous
POVSTATUS_2014,binary
PAST_CALENDAR_YEAR_2014,year
REGION_2014,categorical_nominal
MARSTAT-COL_2014,categorical_ordinal
MARSTAT-KEY_2014,categorical_ordinal
HGCREV14_2014,continuous
AGEATINT_2014,continuous
DOI_EMPLOYED_2014,binary
DOI_DISABLED_2014,binary
HRSWK-PCY_2014,continuous
WKSWK-PCY_2014,continuous
WKSUEMP-PCY_2014,continuous
WKSOLF-PCY_2014,continuous
HRSWK-SLI_2014,continuous
WKSWK-SLI_2014,continuous
WKSUEMP-SLI_2014,continuous
WKSOLF-SLI_2014,continuous
WKSSINCELI_2014,continuous
URBAN-RURAL_2014,categorical_nominal
SMSARES_2014,categorical_nominal
JOBSNUM_2014,continuous
C1DOB14~M_2014,categorical_nominal
C1DOB14~Y_2014,continuous
C1SEX14_2014,binary
NUMKID14_2014,continuous
NUMCH14_2014,continuous
AGE1B14_2014,continuous
EDFERT14_2014,continuous
AGE1M14_2014,continuous
MOBG1M14_2014,continuous
YRBG1M14_2014,continuous
R26_PCT_DK_2014,continuous
R26_PCT_REF_2014,continuous
TIME_R26_HHI_2014,continuous
TIME_R26_MIGR_2014,continuous
TIME_R26_MARHIST_2014,continuous
TIME_R26_SCH_2014,continuous
TIME_R26_MIL_2014,continuous
TIME_R26_ONJOBS_2014,continuous
TIME_R26_EMPSUPP_2014,continuous
TIME_R26_BUSOWN_2014,continuous
TIME_R26_BUSMATCH_2014,continuous
TIME_R26_STOCKOWN_2014,continuous
TIME_R26_GAPS_2014,continuous
TIME_R26_TRAIN_2014,continuous
TIME_R26_PHILANTHROPY_2014,continuous
TIME_R26_SP_LABOR_2014,continuous
TIME_R26_FERTILITY_2014,continuous
TIME_R26_CHLDCARE_2014,continuous
TIME_R26_HEALTH_2014,continuous
TIME_R26_SMOKE_2014,continuous
TIME_R26_INCOME_2014,continuous
TIME_R26_EDUEXP_2014,continuous
TIME_R26_ATTITUDE_2014,continuous
TIME_R26_RISK_2014,continuous
TIME_R26_RETIRE_2014,continuous
TIME_R26_WILLS_2014,continuous
TIME_R26_FORECLOSE_2014,continuous
TIME_R26_FIN_LIT_2014,continuous
TIME_R26_INT_END_2014,continuous
TIME_R26_LOCATOR_2014,continuous
TIME_R26_FI_REMARKS_2014,continuous
EMPLOYER_JOBTYPE.01_2002,categorical_ordinal
EMPLOYER_JOBTYPE.01_2004,categorical_ordinal
EMPLOYER_JOBTYPE.01_2006,categorical_ordinal
EMPLOYER_JOBTYPE.01_2008,categorical_ordinal
EMPLOYER_JOBTYPE.01_2010,categorical_ordinal
EMPLOYER_JOBTYPE.01_2012,categorical_ordinal
HGC_EVER_XRND,continuous
HIGHEST_DEGREE_EVER_XRND,categorical_ordinal
CAL_YEAR_JOB1_1979_XRND,year
CAL_YEAR_JOB2_1979_XRND,year
CAL_YEAR_JOB3_1979_XRND,year
CAL_YEAR_JOBS_1979_XRND,year
LASTINT_#JOBS_1979_XRND,continuous
WKS_NWMISSC_1979_XRND,continuous
WKS_NWMISSL_1979_XRND,continuous
LASTINT_#JOBS_1980_XRND,continuous
CAL_YEAR_JOB1_1981_XRND,year
CAL_YEAR_JOB2_1981_XRND,year
CAL_YEAR_JOB3_1981_XRND,year
CAL_YEAR_JOB4_1981_XRND,year
CAL_YEAR_JOBS_1981_XRND,year
LASTINT_#JOBS_1981_XRND,continuous
START_WK#_1981_JOB#01_XRND,continuous
STOP_WK#_1981_JOB#01_XRND,continuous
CAL_YEAR_JOB1_1982_XRND,year
CAL_YEAR_JOB2_1982_XRND,year
CAL_YEAR_JOB3_1982_XRND,year
CAL_YEAR_JOB4_1982_XRND,year
CAL_YEAR_JOBS_1982_XRND,year
LASTINT_#JOBS_1982_XRND,continuous
START_WK#_1982_JOB#01_XRND,continuous
STOP_WK#_1982_JOB#01_XRND,continuous
CAL_YEAR_JOB1_1983_XRND,year
CAL_YEAR_JOB2_1983_XRND,year
CAL_YEAR_JOB3_1983_XRND,year
CAL_YEAR_JOB4_1983_XRND,year
CAL_YEAR_JOBS_1983_XRND,year
LASTINT_#JOBS_1983_XRND,continuous
START_WK#_1983_JOB#01_XRND,continuous
STOP_WK#_1983_JOB#01_XRND,continuous
CAL_YEAR_JOB1_1984_XRND,year
CAL_YEAR_JOB2_1984_XRND,year
CAL_YEAR_JOB3_1984_XRND,year
CAL_YEAR_JOBS_1984_XRND,year
LASTINT_#JOBS_1984_XRND,continuous
START_WK#_1984_JOB#01_XRND,continuous
STOP_WK#_1984_JOB#01_XRND,continuous
CAL_YEAR_JOB1_1985_XRND,year
CAL_YEAR_JOB2_1985_XRND,year
CAL_YEAR_JOB3_1985_XRND,year
CAL_YEAR_JOB4_1985_XRND,year
CAL_YEAR_JOBS_1985_XRND,year
LASTINT_#JOBS_1985_XRND,continuous
START_WK#_1985_JOB#01_XRND,continuous
STOP_WK#_1985_JOB#01_XRND,continuous
CAL_YEAR_JOB1_1986_XRND,year
CAL_YEAR_JOB2_1986_XRND,year
CAL_YEAR_JOB3_1986_XRND,year
CAL_YEAR_JOB4_1986_XRND,year
CAL_YEAR_JOBS_1986_XRND,year
LASTINT_#JOBS_1986_XRND,continuous
START_WK#_1986_JOB#01_XRND,continuous
STOP_WK#_1986_JOB#01_XRND,continuous
CAL_YEAR_JOB1_1987_XRND,year
CAL_YEAR_JOB2_1987_XRND,year
CAL_YEAR_JOB3_1987_XRND,year
CAL_YEAR_JOBS_1987_XRND,year
LASTINT_#JOBS_1987_XRND,continuous
START_WK#_1987_JOB#01_XRND,continuous
STOP_WK#_1987_JOB#01_XRND,continuous
CAL_YEAR_JOB1_1988_XRND,year
CAL_YEAR_JOB2_1988_XRND,year
CAL_YEAR_JOB3_1988_XRND,year
CAL_YEAR_JOBS_1988_XRND,year
LASTINT_#JOBS_1988_XRND,continuous
START_WK#_1988_JOB#01_XRND,continuous
STOP_WK#_1988_JOB#01_XRND,continuous
CAL_YEAR_JOB1_1989_XRND,year
CAL_YEAR_JOB2_1989_XRND,year
CAL_YEAR_JOB3_1989_XRND,year
CAL_YEAR_JOBS_1989_XRND,year
LASTINT_#JOBS_1989_XRND,continuous
START_WK#_1989_JOB#01_XRND,continuous
STOP_WK#_1989_JOB#01_XRND,continuous
CAL_YEAR_JOB1_1990_XRND,year
CAL_YEAR_JOB2_1990_XRND,year
CAL_YEAR_JOB3_1990_XRND,year
CAL_YEAR_JOBS_1990_XRND,year
LASTINT_#JOBS_1990_XRND,continuous
START_WK#_1990_JOB#01_XRND,continuous
STOP_WK#_1990_JOB#01_XRND,continuous
CAL_YEAR_JOB1_1991_XRND,year
CAL_YEAR_JOB2_1991_XRND,year
CAL_YEAR_JOB3_1991_XRND,year
CAL_YEAR_JOBS_1991_XRND,year
LASTINT_#JOBS_1991_XRND,continuous
START_WK#_1991_JOB#01_XRND,continuous
STOP_WK#_1991_JOB#01_XRND,continuous
CAL_YEAR_JOB1_1992_XRND,year
CAL_YEAR_JOB2_1992_XRND,year
CAL_YEAR_JOB3_1992_XRND,year
CAL_YEAR_JOBS_1992_XRND,year
LASTINT_#JOBS_1992_XRND,continuous
START_WK#_1992_JOB#01_XRND,continuous
STOP_WK#_1992_JOB#01_XRND,continuous
CAL_YEAR_JOB1_1993_XRND,year
CAL_YEAR_JOB2_1993_XRND,year
CAL_YEAR_JOB3_1993_XRND,year
CAL_YEAR_JOBS_1993_XRND,year
LASTINT_#JOBS_1993_XRND,continuous
START_WK#_1993_JOB#01_XRND,continuous
STOP_WK#_1993_JOB#01_XRND,continuous
CAL_YEAR_JOB1_1994_XRND,year
CAL_YEAR_JOB2_1994_XRND,year
CAL_YEAR_JOB3_1994_XRND,year
CAL_YEAR_JOBS_1994_XRND,year
LASTINT_#JOBS_1994_XRND,continuous
START_WK#_1994_JOB#01_XRND,continuous
STOP_WK#_1994_JOB#01_XRND,continuous
CAL_YEAR_JOB1_1996_XRND,year
CAL_YEAR_JOB2_1996_XRND,year
CAL_YEAR_JOB3_1996_XRND,year
CAL_YEAR_JOBS_1996_XRND,year
LASTINT_#JOBS_1996_XRND,continuous
START_WK#_1996_JOB#01_XRND,continuous
STOP_WK#_1996_JOB#01_XRND,continuous
CAL_YEAR_JOB1_1998_XRND,year
CAL_YEAR_JOB2_1998_XRND,year
CAL_YEAR_JOBS_1998_XRND,year
LASTINT_#JOBS_1998_XRND,continuous
START_WK#_1998_JOB#01_XRND,continuous
STOP_WK#_1998_JOB#01_XRND,continuous
CAL_YEAR_JOB1_2000_XRND,year
CAL_YEAR_JOB2_2000_XRND,year
CAL_YEAR_JOBS_2000_XRND,year
LASTINT_#JOBS_2000_XRND,continuous
START_WK#_2000_JOB#01_XRND,continuous
STOP_WK#_2000_JOB#01_XRND,continuous
CAL_YEAR_JOB1_2002_XRND,year
CAL_YEAR_JOB2_2002_XRND,year
CAL_YEAR_JOBS_2002_XRND,year
LASTINT_#JOBS_2002_XRND,continuous
START_WK#_2002_JOB#01_XRND,continuous
STOP_WK#_2002_JOB#01_XRND,continuous
CAL_YEAR_JOB1_2004_XRND,year
CAL_YEAR_JOB2_2004_XRND,year
CAL_YEAR_JOBS_2004_XRND,year
LASTINT_#JOBS_2004_XRND,continuous
START_WK#_2004_JOB#01_XRND,continuous
STOP_WK#_2004_JOB#01_XRND,continuous
CAL_YEAR_JOB1_2006_XRND,year
CAL_YEAR_JOB2_2006_XRND,year
CAL_YEAR_JOBS_2006_XRND,year
LASTINT_#JOBS_2006_XRND,continuous
START_WK#_2006_JOB#01_XRND,continuous
STOP_WK#_2006_JOB#01_XRND,continuous
CAL_YEAR_JOB1_2008_XRND,year
CAL_YEAR_JOB2_2008_XRND,year
CAL_YEAR_JOBS_2008_XRND,year
LASTINT_#JOBS_2008_XRND,continuous
START_WK#_2008_JOB#01_XRND,continuous
STOP_WK#_2008_JOB#01_XRND,continuous
CAL_YEAR_JOB1_2010_XRND,year
CAL_YEAR_JOB2_2010_XRND,year
CAL_YEAR_JOBS_2010_XRND,year
LASTINT_#JOBS_2010_XRND,continuous
START_WK#_2010_JOB#01_XRND,continuous
STOP_WK#_2010_JOB#01_XRND,continuous
CAL_YEAR_JOB1_2012_XRND,year
CAL_YEAR_JOB2_2012_XRND,year
CAL_YEAR_JOBS_2012_XRND,year
LASTINT_#JOBS_2012_XRND,continuous
START_WK#_2012_JOB#01_XRND,continuous
STOP_WK#_2012_JOB#01_XRND,continuous
CAL_YEAR_JOB1_2014_XRND,year
CAL_YEAR_JOB2_2014_XRND,year
CAL_YEAR_JOBS_2014_XRND,year
LASTINT_#JOBS_2014_XRND,continuous
COGNITION_SOURCEYR_XRND,categorical_nominal
COGNITION_C1_XRND,categorical_ordinal
COGNITION_C2_XRND,categorical_ordinal
COGNITION_WORD_LIST_XRND,categorical_nominal
COGNITION_CHK3A_XRND,categorical_nominal
COGNITION_4_CHK4~000004_XRND,binary
COGNITION_6J_XRND,categorical_nominal
COGNITION_7A_XRND,continuous
COGNITION_7B_XRND,continuous
COGNITION_7C_XRND,continuous
COGNITION_7D_XRND,continuous
COGNITION_7E_XRND,continuous
BUSOWN-1_XRND,binary
BUSOWN-23B_XRND,binary
BUSOWN-29_XRND,binary
rotter_score_2,continuous
hhi_final_fu_g1_mean_n0030_s13,continuous
hhi_final_fu_g1_std_n0030_s13,continuous
hhi_final_fu_g1_trend_n0030_s13,continuous
hrs_wo_mean_n1932_s31,continuous
hrs_wo_std_n1932_s31,continuous
hrs_wo_trend_n1932_s31,continuous
status_mode_n1932_s31,categorical_nominal
status_entropy_n1932_s31,continuous
