variable_name,variable_type
EMPLOYERS_ALL_STARTDATE_ORIGINAL.01~M_XRND,categorical_nominal
EMPLOYERS_ALL_STARTDATE_ORIGINAL.01~Y_XRND,year
EMPLOYERS_ALL_STARTDATE_ORIGINAL.02~M_XRND,categorical_nominal
EMPLOYERS_ALL_STARTDATE_ORIGINAL.02~Y_XRND,year
EMPLOYERS_ALL_STARTDATE_ORIGINAL.03~M_XRND,categorical_nominal
EMPLOYERS_ALL_STARTDATE_ORIGINAL.03~Y_XRND,year
EMPLOYERS_ALL_STARTDATE_ORIGINAL.04~M_XRND,categorical_nominal
EMPLOYERS_ALL_STARTDATE_ORIGINAL.04~Y_XRND,year
EMPLOYERS_ALL_STARTDATE_ORIGINAL.05~M_XRND,categorical_nominal
EMPLOYERS_ALL_STARTDATE_ORIGINAL.05~Y_XRND,year
EMPLOYERS_ALL_STARTDATE_ORIGINAL.06~M_XRND,categorical_nominal
EMPLOYERS_ALL_STARTDATE_ORIGINAL.06~Y_XRND,year
EMPLOYERS_ALL_STARTDATE_ORIGINAL.07~M_XRND,categorical_nominal
EMPLOYERS_ALL_STARTDATE_ORIGINAL.07~Y_XRND,year
EMPLOYERS_ALL_STARTDATE_ORIGINAL.08~M_XRND,categorical_nominal
EMPLOYERS_ALL_STARTDATE_ORIGINAL.08~Y_XRND,year
EMPLOYERS_ALL_STOPDATE_MOST_RECENT.01~M_XRND,categorical_nominal
EMPLOYERS_ALL_STOPDATE_MOST_RECENT.01~Y_XRND,year
EMPLOYERS_ALL_STOPDATE_MOST_RECENT.02~M_XRND,categorical_nominal
EMPLOYERS_ALL_STOPDATE_MOST_RECENT.02~Y_XRND,year
EMPLOYERS_ALL_STOPDATE_MOST_RECENT.03~M_XRND,categorical_nominal
EMPLOYERS_ALL_STOPDATE_MOST_RECENT.03~Y_XRND,year
EMPLOYERS_ALL_STOPDATE_MOST_RECENT.04~M_XRND,categorical_nominal
EMPLOYERS_ALL_STOPDATE_MOST_RECENT.04~Y_XRND,year
EMPLOYERS_ALL_STOPDATE_MOST_RECENT.05~M_XRND,categorical_nominal
EMPLOYERS_ALL_STOPDATE_MOST_RECENT.05~Y_XRND,year
EMPLOYERS_ALL_STOPDATE_MOST_RECENT.06~M_XRND,categorical_nominal
EMPLOYERS_ALL_STOPDATE_MOST_RECENT.06~Y_XRND,year
EMPLOYERS_ALL_STOPDATE_MOST_RECENT.07~M_XRND,categorical_nominal
EMPLOYERS_ALL_STOPDATE_MOST_RECENT.07~Y_XRND,year
EMPLOYERS_ALL_STOPDATE_MOST_RECENT.08~M_XRND,categorical_nominal
EMPLOYERS_ALL_STOPDATE_MOST_RECENT.08~Y_XRND,year
EMPLOYERS_ALL_WHYLEFT_MOST_RECENT.01_XRND,continuous
EMPLOYERS_ALL_WHYLEFT_MOST_RECENT.02_XRND,continuous
EMPLOYERS_ALL_WHYLEFT_MOST_RECENT.03_XRND,continuous
EMPLOYERS_ALL_WHYLEFT_MOST_RECENT.04_XRND,continuous
EMPLOYERS_ALL_WHYLEFT_MOST_RECENT.05_XRND,continuous
EMPLOYERS_ALL_WHYLEFT_MOST_RECENT.06_XRND,continuous
EMPLOYERS_ALL_UID.01_XRND,continuous
EMPLOYERS_ALL_UID.02_XRND,continuous
EMPLOYERS_ALL_UID.03_XRND,continuous
EMPLOYERS_ALL_UID.04_XRND,continuous
EMPLOYERS_ALL_UID.05_XRND,continuous
EMPLOYERS_ALL_UID.06_XRND,continuous
EMPLOYERS_ALL_UID.07_XRND,continuous
EMPLOYERS_ALL_UID.08_XRND,continuous
EMPLOYERS_ALL_WHYLEFT_MOST_RECENT_COL.01_XRND,categorical_nominal
EMPLOYERS_ALL_WHYLEFT_MOST_RECENT_COL.02_XRND,categorical_nominal
EMPLOYERS_ALL_WHYLEFT_MOST_RECENT_COL.03_XRND,categorical_nominal
EMPLOYERS_ALL_WHYLEFT_MOST_RECENT_COL.04_XRND,categorical_nominal
EMPLOYERS_ALL_WHYLEFT_MOST_RECENT_COL.05_XRND,categorical_nominal
EMPLOYERS_ALL_WHYLEFT_MOST_RECENT_COL.06_XRND,categorical_nominal
JUL93-RECIP-FILL_REVISED_XRND,year
AUG93-RECIP-FILL_REVISED_XRND,year
SEP93-RECIP-FILL_REVISED_XRND,year
JUL94-RECIP-FILL_REVISED_XRND,year
AUG94-RECIP-FILL_REVISED_XRND,year
SEP94-RECIP-FILL_REVISED_XRND,year
OCT94-RECIP-FILL_REVISED_XRND,year
NOV94-RECIP-FILL_REVISED_XRND,year
JUN96-RECIP-FILL_REVISED_XRND,year
JUL96-RECIP-FILL_REVISED_XRND,year
AUG96-RECIP-FILL_REVISED_XRND,year
SEP96-RECIP-FILL_REVISED_XRND,year
OCT96-RECIP-FILL_REVISED_XRND,year
MAY98-RECIP-FILL_REVISED_XRND,year
JUN98-RECIP-FILL_REVISED_XRND,year
JUL98-RECIP-FILL_REVISED_XRND,year
AUG98-RECIP-FILL_REVISED_XRND,year
SEP98-RECIP-FILL_REVISED_XRND,year
OCT98-RECIP-FILL_REVISED_XRND,year
NOV98-RECIP-FILL_REVISED_XRND,year
DEC98-RECIP-FILL_REVISED_XRND,year
JAN99-RECIP-FILL_REVISED_XRND,year
FEB99-RECIP-FILL_REVISED_XRND,year
MAR99-RECIP-FILL_REVISED_XRND,year
APR99-RECIP-FILL_REVISED_XRND,year
MAY99-RECIP-FILL_REVISED_XRND,year
JUN99-RECIP-FILL_REVISED_XRND,year
JUL99-RECIP-FILL_REVISED_XRND,year
AUG99-RECIP-FILL_REVISED_XRND,year
SEP99-RECIP-FILL_REVISED_XRND,year
OCT99-RECIP-FILL_REVISED_XRND,year
NOV99-RECIP-FILL_REVISED_XRND,year
DEC99-RECIP-FILL_REVISED_XRND,year
JAN00-RECIP-FILL_REVISED_XRND,year
FEB00-RECIP-FILL_REVISED_XRND,year
MAR00-RECIP-FILL_REVISED_XRND,year
APR00-RECIP-FILL_REVISED_XRND,year
MAY00-RECIP-FILL_REVISED_XRND,year
JUN00-RECIP-FILL_REVISED_XRND,year
JUL00-RECIP-FILL_REVISED_XRND,year
AUG00-RECIP-FILL_REVISED_XRND,year
SEP00-RECIP-FILL_REVISED_XRND,year
OCT00-RECIP-FILL_REVISED_XRND,year
NOV00-RECIP-FILL_REVISED_XRND,year
DEC00-RECIP-FILL_REVISED_XRND,year
JAN01-RECIP-FILL_REVISED_XRND,year
FEB01-RECIP-FILL_REVISED_XRND,year
MAR01-RECIP-FILL_REVISED_XRND,year
APR01-RECIP-FILL_REVISED_XRND,year
MAY01-RECIP-FILL_REVISED_XRND,year
JUN01-RECIP-FILL_REVISED_XRND,year
JUL01-RECIP-FILL_REVISED_XRND,year
AUG01-RECIP-FILL_REVISED_XRND,year
SEP01-RECIP-FILL_REVISED_XRND,year
OCT01-RECIP-FILL_REVISED_XRND,year
NOV01-RECIP-FILL_REVISED_XRND,year
DEC01-RECIP-FILL_REVISED_XRND,year
JAN02-RECIP-FILL_REVISED_XRND,year
FEB02-RECIP-FILL_REVISED_XRND,year
MAR02-RECIP-FILL_REVISED_XRND,year
APR02-RECIP-FILL_REVISED_XRND,year
MAY02-RECIP-FILL_REVISED_XRND,year
JUN02-RECIP-FILL_REVISED_XRND,year
JUL02-RECIP-FILL_REVISED_XRND,year
AUG02-RECIP-FILL_REVISED_XRND,year
SEP02-RECIP-FILL_REVISED_XRND,year
OCT02-RECIP-FILL_REVISED_XRND,year
NOV02-RECIP-FILL_REVISED_XRND,year
DEC02-RECIP-FILL_REVISED_XRND,year
JAN03-RECIP-FILL_XRND,year
FEB03-RECIP-FILL_XRND,year
MAR03-RECIP-FILL_XRND,year
APR03-RECIP-FILL_XRND,year
MAY03-RECIP-FILL_XRND,year
JUN03-RECIP-FILL_XRND,year
JUL03-RECIP-FILL_XRND,year
AUG03-RECIP-FILL_XRND,year
SEP03-RECIP-FILL_XRND,year
OCT03-RECIP-FILL_XRND,year
NOV03-RECIP-FILL_XRND,year
DEC03-RECIP-FILL_XRND,year
JAN04-RECIP-FILL_XRND,year
FEB04-RECIP-FILL_XRND,year
MAR04-RECIP-FILL_XRND,year
APR04-RECIP-FILL_XRND,year
MAY04-RECIP-FILL_XRND,year
JUN04-RECIP-FILL_XRND,year
JUL04-RECIP-FILL_XRND,year
AUG04-RECIP-FILL_XRND,year
SEP04-RECIP-FILL_XRND,year
OCT04-RECIP-FILL_XRND,year
NOV04-RECIP-FILL_XRND,year
DEC04-RECIP-FILL_XRND,year
JAN05-RECIP-FILL_XRND,year
FEB05-RECIP-FILL_XRND,year
MAR05-RECIP-FILL_XRND,year
APR05-RECIP-FILL_XRND,year
MAY05-RECIP-FILL_XRND,year
JUN05-RECIP-FILL_XRND,year
JUL05-RECIP-FILL_XRND,year
AUG05-RECIP-FILL_XRND,year
SEP05-RECIP-FILL_XRND,year
OCT05-RECIP-FILL_XRND,year
NOV05-RECIP-FILL_XRND,year
DEC05-RECIP-FILL_XRND,year
JAN06-RECIP-FILL_XRND,year
FEB06-RECIP-FILL_XRND,year
MAR06-RECIP-FILL_XRND,year
APR06-RECIP-FILL_XRND,year
MAY06-RECIP-FILL_XRND,year
JUN06-RECIP-FILL_XRND,year
JUL06-RECIP-FILL_XRND,year
AUG06-RECIP-FILL_XRND,year
SEP06-RECIP-FILL_XRND,year
OCT06-RECIP-FILL_XRND,year
NOV06-RECIP-FILL_XRND,year
DEC06-RECIP-FILL_XRND,year
JAN07-RECIP-FILL_XRND,year
FEB08-RECIP-FILL_XRND,year
MAR08-RECIP-FILL_XRND,year
APR08-RECIP-FILL_XRND,year
MAY08-RECIP-FILL_XRND,year
JUN08-RECIP-FILL_XRND,year
JUL08-RECIP-FILL_XRND,year
AUG08-RECIP-FILL_XRND,year
SEP08-RECIP-FILL_XRND,year
OCT08-RECIP-FILL_XRND,year
NOV08-RECIP-FILL_XRND,year
DEC08-RECIP-FILL_XRND,year
JAN09-RECIP-FILL_XRND,year
FEB09-RECIP-FILL_XRND,year
MAR09-RECIP-FILL_XRND,year
JAN10-RECIP-FILL_XRND,year
FEB10-RECIP-FILL_XRND,year
MAR10-RECIP-FILL_XRND,year
APR10-RECIP-FILL_XRND,year
MAY10-RECIP-FILL_XRND,year
JUN10-RECIP-FILL_XRND,year
JUL10-RECIP-FILL_XRND,year
AUG10-RECIP-FILL_XRND,year
SEP10-RECIP-FILL_XRND,year
OCT10-RECIP-FILL_XRND,year
NOV10-RECIP-FILL_XRND,year
DEC10-RECIP-FILL_XRND,year
JAN11-RECIP-FILL_XRND,year
FEB11-RECIP-FILL_XRND,year
MAR11-RECIP-FILL_XRND,year
APR11-RECIP-FILL_XRND,year
MAY11-RECIP-FILL_XRND,year
JUN11-RECIP-FILL_XRND,year
JUL11-RECIP-FILL_XRND,year
AUG11-RECIP-FILL_XRND,year
SEP11-RECIP-FILL_XRND,year
OCT11-RECIP-FILL_XRND,year
NOV11-RECIP-FILL_XRND,year
DEC11-RECIP-FILL_XRND,year
JAN12-RECIP-FILL_XRND,year
FEB12-RECIP-FILL_XRND,year
MAR12-RECIP-FILL_XRND,year
APR12-RECIP-FILL_XRND,year
MAY12-RECIP-FILL_XRND,year
JUN12-RECIP-FILL_XRND,year
JUL12-RECIP-FILL_XRND,year
AUG12-RECIP-FILL_XRND,year
SEP12-RECIP-FILL_XRND,year
OCT12-RECIP-FILL_XRND,year
NOV12-RECIP-FILL_XRND,year
DEC12-RECIP-FILL_XRND,year
JAN13-RECIP-FILL_XRND,year
FEB13-RECIP-FILL_XRND,year
MAR13-RECIP-FILL_XRND,year
APR13-RECIP-FILL_XRND,year
MAY13-RECIP-FILL_XRND,year
JUN13-RECIP-FILL_XRND,year
JUL13-RECIP-FILL_XRND,year
AUG13-RECIP-FILL_XRND,year
SEP13-RECIP-FILL_XRND,year
OCT13-RECIP-FILL_XRND,year
NOV13-RECIP-FILL_XRND,year
DEC13-RECIP-FILL_XRND,year
JAN14-RECIP-FILL_XRND,year
FEB14-RECIP-FILL_XRND,year
MAR14-RECIP-FILL_XRND,year
APR14-RECIP-FILL_XRND,year
MAY14-RECIP-FILL_XRND,year
JUN14-RECIP-FILL_XRND,year
JUL14-RECIP-FILL_XRND,year
AUG14-RECIP-FILL_XRND,year
SEP14-RECIP-FILL_XRND,year
OCT14-RECIP-FILL_XRND,year
NOV14-RECIP-FILL_XRND,year
DEC14-RECIP-FILL_XRND,year
H40-SOURCEYR_XRND,categorical_nominal
H40-CESD~000001_XRND,categorical_ordinal
H40-CESD~000003_XRND,categorical_ordinal
H40-CESD~000004_XRND,categorical_ordinal
H40-CESD~000005_XRND,categorical_ordinal
H40-CESD~000006_XRND,categorical_ordinal
H40-CESD~000008_XRND,categorical_ordinal
H40-CESD~000009_XRND,categorical_ordinal
H40-CESD_SCORE_7_ITEM_XRND,continuous
CESD_IRT_SCORE_7_ITEM_XRND,continuous
CESD_IRT_STANDARD_ERROR_7_ITEM_XRND,continuous
H40-HMNT-1A~M_XRND,categorical_nominal
H40-HMNT-1A~Y_XRND,continuous
H40-HMNT-2_XRND,binary
H40-HMNT-2A~M_XRND,categorical_nominal
H40-HMNT-2A~Y_XRND,continuous
H40-BPAR-1_XRND,binary
H40-BPAR-4_XRND,binary
H40-BPAR-6_XRND,binary
H40-BPAR-9_XRND,binary
H40-SF12_PCS_SCORE_XRND,continuous
H40-SF12_MCS_SCORE_XRND,continuous
H40-SF12-2_XRND,categorical_ordinal
H40-SF12-3_XRND,categorical_ordinal
H40-SF12-3B_XRND,categorical_ordinal
H40-SF12-4_XRND,binary
H40-SF12-4B_XRND,binary
H40-SF12-5_XRND,binary
H40-SF12-5B_XRND,binary
H40-SF12-6_XRND,categorical_ordinal
H40-SF12-7_XRND,categorical_ordinal
H40-SF12-7B_XRND,categorical_ordinal
H40-SF12-7C_XRND,categorical_ordinal
H40-SF12-8_XRND,categorical_ordinal
H40-CHRC-1_XRND,binary
H40-CHRC-2_XRND,binary
H40-CHRC-8_XRND,binary
H40-CHRC-9_XRND,binary
H40-CHRC-9B_XRND,binary
H40-CHRC-10A_XRND,binary
H40-CHRC-10B_XRND,binary
H40-CHRC-10C_XRND,binary
H40-CHRC-10E_XRND,binary
H40-CHRC-10F_XRND,binary
H40-CHRC-10G_XRND,binary
H40-CHRC-10H_XRND,binary
H40-CHRC-10I_XRND,binary
H40-CHRC-10J_XRND,binary
H40-CHRC-10K_XRND,binary
H40-CHRC-10L_XRND,binary
H40-CHRC-10P_XRND,binary
H40-CHRC-10R_XRND,binary
H40-CHRC-10S_XRND,binary
H40-CHRC-10BB_XRND,binary
H40-CHRC-10GG_XRND,binary
H40-CHRC-10GH_XRND,binary
H40-CHRC-11_XRND,binary
H40-CHRC-12_XRND,binary
H40-CHRC-14_XRND,binary
H40-CHRC-15_XRND,binary
H40-CHRC-16_XRND,categorical_ordinal
H40-CHRC-18_XRND,categorical_ordinal
H50-SOURCEYR_XRND,categorical_nominal
H50-CESD_SCORE_7_ITEM_XRND,continuous
H50CESD~000001_XRND,categorical_ordinal
H50CESD~000002_XRND,categorical_ordinal
H50CESD~000003_XRND,categorical_ordinal
H50CESD~000004_XRND,categorical_ordinal
H50CESD~000005_XRND,categorical_ordinal
H50CESD~000006_XRND,categorical_ordinal
H50CESD~000007_XRND,categorical_ordinal
H50CESD~000008_XRND,categorical_ordinal
H50CESD~000009_XRND,categorical_ordinal
H50BPARCHK1_XRND,binary
H50BPARCHK2_XRND,binary
H50BPAR-6_XRND,binary
H50BPAR-9_XRND,binary
H50-SF12_PCS_SCORE_XRND,continuous
H50-SF12_MCS_SCORE_XRND,continuous
H50SF12-2_XRND,categorical_ordinal
H50SF12-3_XRND,categorical_ordinal
H50SF12-3B_XRND,categorical_ordinal
H50SF12-4_XRND,binary
H50SF12-4B_XRND,binary
H50SF12-5_XRND,binary
H50SF12-5B_XRND,binary
H50SF12-6_XRND,categorical_ordinal
H50SF12-7_XRND,categorical_ordinal
H50SF12-7B_XRND,categorical_ordinal
H50SF12-7C_XRND,categorical_ordinal
H50SF12-8_XRND,categorical_ordinal
H50CHRC_CHK1_XRND,binary
H50CHRC-1_XRND,binary
H50CHRC-2_XRND,binary
H50CHRC_CHK3_XRND,binary
H50CHRC-5_XRND,binary
H50CHRC-7B_XRND,binary
H50CHRC_CHK6_XRND,binary
H50CHRC_CHK7_XRND,binary
H50CHRC-9_XRND,binary
H50CHRC-9B_XRND,binary
H50FL-1_XRND,binary
H50FL-2~000001_XRND,categorical_ordinal
H50FL-2~000002_XRND,categorical_ordinal
H50FL-2~000003_XRND,categorical_ordinal
H50FL-2~000004_XRND,categorical_ordinal
H50FL-2~000005_XRND,categorical_ordinal
H50FL-2~000006_XRND,categorical_ordinal
H50FL-2~000007_XRND,categorical_ordinal
H50FL-2~000008_XRND,categorical_ordinal
H50FL-2~000009_XRND,categorical_ordinal
H50FL-2~000010_XRND,categorical_ordinal
H50FL-2~000011_XRND,categorical_ordinal
H50FL-2~000012_XRND,categorical_ordinal
H50SLP-1_XRND,continuous
H50SLP-1B_XRND,continuous
H50SLP-2_XRND,continuous
H50SLP-2B_XRND,continuous
H50SLP-3_XRND,continuous
H50SLP-3B_XRND,continuous
H50SLP-4_XRND,continuous
H50SLP-5~000001_XRND,categorical_ordinal
H50SLP-5~000002_XRND,categorical_ordinal
H50SLP-5~000003_XRND,categorical_ordinal
H50SLP-5~000004_XRND,categorical_ordinal
H50OPEN-1_XRND,binary
CASEID_1979,categorical_nominal
HHID_1979,continuous
Q1-3_A~M_1979,continuous
Q1-3_A~Y_1979,continuous
FAM-POB_1979,binary
FAM-3_1979,binary
FAM-4_1979,binary
FAM-RES_1979,binary
FAM-6_1979,categorical_nominal
FAM-7_1979,continuous
FAM-9_1979,binary
FAM-11_1979,binary
FAM-13A_1979,binary
FAM-13B_1979,binary
FAM-13C_1979,binary
FAM-14_1979,binary
FAM-15_1979,categorical_ordinal
HGC-MOTHER_1979,continuous
FAM-17_1979,binary
FAM-19_1979,categorical_ordinal
FAM-20_1979,binary
FAM-21_1979,categorical_ordinal
FAM-22_1979,binary
HGC-FATHER_1979,continuous
FAM-24_1979,binary
FAM-26_1979,categorical_ordinal
FAM-27_1979,binary
FAM-28A_1979,continuous
FAM-28B_1979,continuous
FAM-28C_1979,continuous
FAM-30_1_1979,continuous
R_REL-1_COL_1979,categorical_nominal
R_REL-1_1979,categorical_nominal
R_REL-2_COL_1979,categorical_nominal
R_REL-2_1979,categorical_nominal
MAR-1_1979,categorical_ordinal
FER-1A_1979,continuous
FER-1B_1979,continuous
Q9-72_1979,binary
FER-3_1979,continuous
FER-4_Y_1979,continuous
Q3-1B_1979,binary
Q3-3_1979,continuous
SCHSUR-1_1979,binary
SCHOOL-10_1979,binary
SCHOOL-11_M_1979,continuous
SCHOOL-11_Y_1979,continuous
SCHOOL-12_1979,binary
SCHOOL-15_1979,binary
SCHOOL-16_000001_1979,categorical_ordinal
SCHOOL-16_000002_1979,categorical_ordinal
SCHOOL-16_000003_1979,categorical_ordinal
SCHOOL-16_000004_1979,categorical_ordinal
SCHOOL-17_1979,categorical_nominal
SCHOOL-21_1979,categorical_ordinal
SCHOOL-32_1979,categorical_ordinal
PAY-2_1979,binary
PAY-2A_000001_1979,binary
PAY-2B_000001_1979,binary
PAY-2B_000002_1979,binary
PAY-2C_000001_1979,binary
PAY-2C_000002_1979,binary
PAY-2D_000001_1979,binary
PAY-2E_000001_1979,binary
PAY-2E_000002_1979,binary
PAY-2F_000001_1979,binary
PAY-2G_000001_1979,binary
WOW-1A_1979,categorical_nominal
WOW-1B_1979,categorical_nominal
WOW-1C_1979,categorical_nominal
WOW-1D_1979,categorical_nominal
WOW-1E_1979,categorical_nominal
WOW-1F_1979,categorical_nominal
WOW-1G_1979,categorical_nominal
WOW-1H_1979,categorical_nominal
WOW-1I_1979,categorical_nominal
WOW-2_1979,binary
WOW-2A_1979,binary
WOW-2B_1979,binary
WOW-2C_1979,binary
WOW-2D_1979,binary
WOW-2E_1979,binary
WOW-2F_1979,binary
WOW-3_1979,binary
WOW-4_1979,binary
MIL-1_1979,binary
ONJOBS-1_1979,binary
ONJOBS-10_1979,binary
ONJOBS-11_1979,binary
ONJOBS-14_1979,binary
ONJOBS-21_1979,binary
ONJOBS-24_1979,binary
ONJOBS-25_1979,binary
ONJOBS-26_1979,binary
LAST-2A_1979,binary
WORK-1_1979,binary
WORK-5_1979,binary
Q8-AGE-1_1979,binary
TRN-7_1979,binary
TRN-8_1979,binary
TRN-9_1979,binary
NAW-1A_1979,binary
NAW-1B_1979,binary
OTHER-1_1979,binary
RES-2_1979,categorical_nominal
RES-2A_1979,binary
ROTTER_SCORE_1979,continuous
INCOME-1C_1_1979,binary
INCOME-1C_3_1979,binary
INCOME-1C_4_1979,binary
INCOME-1C_5_1979,binary
EXP-1_1979,categorical_nominal
EXP-OCC_1979,categorical_nominal
EXP-3_1979,categorical_ordinal
EXP-4A_1979,binary
EXP-4B_1979,binary
EXP-4D_1979,binary
EXP-5_1979,binary
EXP-6_1979,binary
EXP-7_1979,binary
EXP-8_1979,categorical_ordinal
EXP-9_1979,binary
EXP-10_1979,binary
EXP-10A_1979,continuous
SAMPLE_ID_1979,categorical_nominal
HHI-2_1979,categorical_nominal
HHI-7_78SCRN,continuous
HHINEW1_1979,binary
HHI_FINAL_LINENUM.01_1979,continuous
HHI_FINAL_RELCODE_HEAD.01_1979,continuous
HHINEW2_1979,binary
HHI_FINAL_LINENUM.02_1979,continuous
HHI_FINAL_RELCODE_HEAD.02_1979,continuous
HHINEW3_1979,binary
HHI_FINAL_LINENUM.03_1979,continuous
HHI_FINAL_RELCODE_HEAD.03_1979,continuous
HHI_FINAL_GRADECODE.03_1979,continuous
HHI_FINAL_WORK.03_1979,binary
HHINEW4_1979,binary
HHINEW5_1979,binary
HHINEW6_1979,binary
HHINEW7_1979,binary
HHI-28_1979,continuous
HHI-33_1979,categorical_nominal
HHI-36A_1979,binary
HHI-36B_1979,binary
HHI-36C_1979,binary
HHI-36E_1979,binary
HHI-36F_1979,binary
HHI-36G_1979,binary
HHI-36H_1979,binary
HHI-36I_1979,binary
HHI-36J_1979,binary
HHI-36K_1979,binary
HHS-1_78SCRN,categorical_nominal
HHS-5_78SCRN,binary
HHS-6_78SCRN,categorical_nominal
HHS-7_M_78SCRN,continuous
HHS-9_78SCRN,categorical_nominal
HHS-10_78SCRN,binary
HHS-TNFI_TRUNC_78SCRN,continuous
RURAL_78SCRN,binary
HHS-15_78SCRN,categorical_nominal
HHI_SCREENER_GENCODE.01_78SCRN,binary
HHI_SCREENER_AGE.01_78SCRN,continuous
HHI_SCREENER_MARITAL_STATUS.01_78SCRN,categorical_ordinal
HHI_SCREENER_RACE.01_78SCRN,categorical_nominal
HHI_SCREENER_ETHNICITY.01_78SCRN,categorical_nominal
HHI_SCREENER_SPANISH_INHH.01_78SCRN,binary
HHI_SCREENER_SPANISH_SURNAME.01_78SCRN,binary
HHI_SCREENER_RELCODE_HEAD.02_78SCRN,continuous
HHI_SCREENER_GENCODE.02_78SCRN,binary
HHI_SCREENER_AGE.02_78SCRN,continuous
HHI_SCREENER_MARITAL_STATUS.02_78SCRN,categorical_ordinal
HHI_SCREENER_RACE.02_78SCRN,categorical_nominal
HHI_SCREENER_ETHNICITY.02_78SCRN,categorical_nominal
HHI_SCREENER_SPANISH_INHH.02_78SCRN,binary
HHI_SCREENER_SPANISH_SURNAME.02_78SCRN,binary
HHI_SCREENER_RELCODE_HEAD.03_78SCRN,continuous
HHI_SCREENER_GENCODE.03_78SCRN,binary
HHI_SCREENER_AGE.03_78SCRN,continuous
HHI_SCREENER_BIRTHDATE.03~M_78SCRN,continuous
HHI_SCREENER_BIRTHDATE.03~Y_78SCRN,year
HHI_SCREENER_RACE.03_78SCRN,categorical_nominal
HHI_SCREENER_ETHNICITY.03_78SCRN,categorical_nominal
HHI_SCREENER_SPANISH_INHH.03_78SCRN,binary
HHI_SCREENER_SPANISH_SURNAME.03_78SCRN,binary
SAMPLE_RACE_78SCRN,categorical_nominal
SAMPLE_SEX_1979,binary
ENROLLMTREV79_1979,categorical_ordinal
HGCREV79_1979,continuous
FLPOVSTAT_1979,categorical_nominal
NUMCH79_1979,continuous
NUMSPPTR79_XRND,binary
FAM-2_1980,binary
FAM-17_1980,binary
FAM-19_1980,categorical_ordinal
FAM-24_1980,binary
FAM-26_1980,categorical_ordinal
MAR-1A_1980,binary
Q9-69_1980,binary
SCHOOL-1_1980,binary
SCHDIS-1_1980,binary
SCHDIS-3_1980,binary
ONJOBS-1_1980,binary
ONJOBS-42_1980,binary
Q8-18_0_1980,binary
DELIN-AGE_1980,categorical_ordinal
DELIN-4_1980,categorical_ordinal
DELIN-5_1980,categorical_ordinal
DELIN-6_1980,categorical_ordinal
DELIN-7_1980,categorical_ordinal
DELIN-8_1980,categorical_ordinal
DELIN-10_1980,categorical_ordinal
DELIN-11_1980,categorical_ordinal
DELIN-12_1980,categorical_ordinal
DELIN-13_1980,categorical_ordinal
DELIN-14_1980,categorical_ordinal
DELIN-16_1980,categorical_ordinal
DELIN-17_1980,categorical_ordinal
DELIN-18_1980,categorical_ordinal
DELIN-19_1980,categorical_ordinal
DELIN-21_1980,categorical_ordinal
POLICE-1_1980,binary
POLICE-2_1980,binary
POLICE-5_1980,binary
NUMKID80_1980,continuous
HGC_LI_1980,continuous
HGCREV80_1980,continuous
ENROLLMTREV80_1980,categorical_ordinal
NUMCH80_1980,continuous
NUMSPPTR80_XRND,categorical_ordinal
Q1-3_A~M_1981,continuous
Q1-3_A~Y_1981,continuous
MAR-1A_1981,binary
Q9-69_1981,binary
Q8-18_0_1981,binary
INCOME-21_1981,binary
INCOME-22_1981,binary
TIMEUSEWK-1_1981,binary
TIMEUSESCH-1_1981,binary
SRCH-1_1981,binary
TIMEUSESLP-1_000001_1981,continuous
TIMEUSESLP-1_000002_1981,continuous
TIMEUSESLP-1_000003_1981,continuous
TIMEUSESLP-1_000004_1981,continuous
TIMEUSESLP-1_000005_1981,continuous
TIMEUSESLP-1_000006_1981,continuous
TIMEUSESLP-1_000007_1981,continuous
TIMEUSESLP-1B_1981,continuous
TIMEUSETV-2_HRS_1981,continuous
TIMEUSECHORES-1_1981,binary
TIMEUSECHORES-2A_1981,categorical_ordinal
TIMEUSECHORES-2B_1981,categorical_ordinal
TIMEUSECHORES-2C_1981,categorical_ordinal
TIMEUSECHORES-2D_1981,categorical_ordinal
TIMEUSECHORES-2E_1981,categorical_ordinal
TIMEUSECHORES-2F_1981,categorical_ordinal
TIMEUSECHORES-2G_1981,categorical_ordinal
TIMEUSECHORES-2H_1981,categorical_ordinal
TIMEUSECHORES-2I_1981,categorical_ordinal
TIMEUSECHORES-3A_1981,categorical_nominal
TIMEUSECHORES-4_HRS_1981,continuous
TIMEUSECHORES-4_MIN_1981,continuous
TIMEUSECHILDCARE-5_1981,binary
TIMEUSEREADING-10_HRS_1981,continuous
TIMEUSEREADING-10_MIN_1981,continuous
NUMCH_1981,continuous
SAMPWEIGHT_ASVAB_1981,continuous
ASVAB-2_1981,binary
ASVAB-3_1981,continuous
ASVAB-4_1981,continuous
ASVAB-5_1981,continuous
ASVAB-6_1981,continuous
ASVAB-7_1981,continuous
ASVAB-8_1981,continuous
ASVAB-9_1981,continuous
ASVAB-10_1981,continuous
ASVAB-11_1981,continuous
ASVAB-12_1981,continuous
ASVAB-14_1981,continuous
ASVAB-16_1981,continuous
ASVAB-18_1981,continuous
ASVAB-20_1981,continuous
ASVAB-22_1981,continuous
ASVAB-24_1981,continuous
ASVAB-26_1981,continuous
ASVAB-28_1981,continuous
ASVAB-30_1981,continuous
ASVAB-32_1981,continuous
ASVAB-33_1981,continuous
ASVAB-34_1981,continuous
ASVAB-35_1981,continuous
ASVAB-36_1981,continuous
ASVAB-37_1981,continuous
ASVAB-38_1981,continuous
ASVAB-39_1981,continuous
ASVAB-40_1981,continuous
ASVAB-41_1981,continuous
ASVAB-42_1981,continuous
ASVAB-43_1981,continuous
AFQT-1_1981,continuous
AFQT-2_1981,continuous
AFQT-3_1981,continuous
HGCREV81_1981,continuous
ENROLLMTREV81_1981,categorical_ordinal
SCRPT-8_1981,categorical_nominal
SCRPT-9_1981,categorical_nominal
SCRPT-10_1981,categorical_ordinal
SCRPT-12_1_1981,continuous
SCRPT-13_1_1981,categorical_nominal
SCRPT-14_1_1981,categorical_ordinal
SCRPT-12_2_1981,continuous
SCRPT-13_2_1981,categorical_nominal
SCRPT-14_2_1981,categorical_ordinal
SCRPT-12_3_1981,continuous
SCRPT-13_3_1981,categorical_nominal
SCRPT-14_3_1981,categorical_ordinal
SCRPT-12_4_1981,continuous
SCRPT-13_4_1981,categorical_nominal
SCRPT-14_4_1981,categorical_ordinal
SCRPT-12_5_1981,continuous
SCRPT-13_5_1981,categorical_nominal
SCRPT-14_5_1981,categorical_ordinal
SCRPT-11_6_1981,categorical_ordinal
SCRPT-12_6_1981,continuous
SCRPT-13_6_1981,categorical_nominal
SCRPT-14_6_1981,categorical_ordinal
SCRPT-11_7_1981,categorical_ordinal
SCRPT-12_7_1981,continuous
SCRPT-13_7_1981,categorical_nominal
SCRPT-14_7_1981,categorical_ordinal
SCRPT-11_8_1981,categorical_ordinal
SCRPT-13_8_1981,categorical_nominal
SCRPT-14_8_1981,categorical_ordinal
NUMCH81_1981,continuous
NUMSPPTR81_XRND,categorical_ordinal
ASVAB-AR-MK-IRT-ZSCORE_XRND,continuous
ASVAB-AR-MK-IRT-ZSCORE_PERCENTILE_XRND,continuous
ASVAB-WK-PC-IRT-ZSCORE_XRND,continuous
ASVAB-WK-PC-IRT-ZSCORE_PERCENTILE_XRND,continuous
ASVAB-ARITHREASON-IRT-ZSCORE_XRND,continuous
ASVAB-ARITHREASON-IRT-ZSCORE_PERCENTILE_XRND,continuous
ASVAB-ARITHMETIC-REASONING-1_XRND,binary
ASVAB-ARITHMETIC-REASONING-2_XRND,binary
ASVAB-ARITHMETIC-REASONING-3_XRND,binary
ASVAB-ARITHMETIC-REASONING-4_XRND,binary
ASVAB-ARITHMETIC-REASONING-5_XRND,binary
ASVAB-ARITHMETIC-REASONING-6_XRND,binary
ASVAB-ARITHMETIC-REASONING-7_XRND,binary
ASVAB-ARITHMETIC-REASONING-8_XRND,binary
ASVAB-ARITHMETIC-REASONING-9_XRND,binary
ASVAB-ARITHMETIC-REASONING-10_XRND,binary
ASVAB-ARITHMETIC-REASONING-11_XRND,binary
ASVAB-ARITHMETIC-REASONING-12_XRND,binary
ASVAB-ARITHMETIC-REASONING-13_XRND,binary
ASVAB-ARITHMETIC-REASONING-14_XRND,binary
ASVAB-ARITHMETIC-REASONING-15_XRND,binary
ASVAB-ARITHMETIC-REASONING-16_XRND,binary
ASVAB-ARITHMETIC-REASONING-17_XRND,binary
ASVAB-ARITHMETIC-REASONING-18_XRND,binary
ASVAB-ARITHMETIC-REASONING-19_XRND,binary
ASVAB-ARITHMETIC-REASONING-20_XRND,binary
ASVAB-ARITHMETIC-REASONING-21_XRND,binary
ASVAB-ARITHMETIC-REASONING-22_XRND,binary
ASVAB-ARITHMETIC-REASONING-23_XRND,binary
ASVAB-ARITHMETIC-REASONING-24_XRND,binary
ASVAB-ARITHMETIC-REASONING-25_XRND,binary
ASVAB-ARITHMETIC-REASONING-26_XRND,binary
ASVAB-ARITHMETIC-REASONING-27_XRND,binary
ASVAB-ARITHMETIC-REASONING-28_XRND,binary
ASVAB-ARITHMETIC-REASONING-29_XRND,binary
ASVAB-ARITHMETIC-REASONING-30_XRND,binary
ASVAB-WORDKNOW-IRT-ZSCORE_XRND,continuous
ASVAB-WORDKNOW-IRT-ZSCORE_PERCENTILE_XRND,continuous
ASVAB-WORD-KNOWLEDGE-1_XRND,binary
ASVAB-WORD-KNOWLEDGE-2_XRND,binary
ASVAB-WORD-KNOWLEDGE-3_XRND,binary
ASVAB-WORD-KNOWLEDGE-4_XRND,binary
ASVAB-WORD-KNOWLEDGE-5_XRND,binary
ASVAB-WORD-KNOWLEDGE-6_XRND,binary
ASVAB-WORD-KNOWLEDGE-7_XRND,binary
ASVAB-WORD-KNOWLEDGE-8_XRND,binary
ASVAB-WORD-KNOWLEDGE-9_XRND,binary
ASVAB-WORD-KNOWLEDGE-10_XRND,binary
ASVAB-WORD-KNOWLEDGE-11_XRND,binary
ASVAB-WORD-KNOWLEDGE-12_XRND,binary
ASVAB-WORD-KNOWLEDGE-13_XRND,binary
ASVAB-WORD-KNOWLEDGE-14_XRND,binary
ASVAB-WORD-KNOWLEDGE-15_XRND,binary
ASVAB-WORD-KNOWLEDGE-16_XRND,binary
ASVAB-WORD-KNOWLEDGE-17_XRND,binary
ASVAB-WORD-KNOWLEDGE-18_XRND,binary
ASVAB-WORD-KNOWLEDGE-19_XRND,binary
ASVAB-WORD-KNOWLEDGE-20_XRND,binary
ASVAB-WORD-KNOWLEDGE-21_XRND,binary
ASVAB-WORD-KNOWLEDGE-22_XRND,binary
ASVAB-WORD-KNOWLEDGE-23_XRND,binary
ASVAB-WORD-KNOWLEDGE-24_XRND,binary
ASVAB-WORD-KNOWLEDGE-25_XRND,binary
ASVAB-WORD-KNOWLEDGE-26_XRND,binary
ASVAB-WORD-KNOWLEDGE-27_XRND,binary
ASVAB-WORD-KNOWLEDGE-28_XRND,binary
ASVAB-WORD-KNOWLEDGE-29_XRND,binary
ASVAB-WORD-KNOWLEDGE-30_XRND,binary
ASVAB-WORD-KNOWLEDGE-31_XRND,binary
ASVAB-WORD-KNOWLEDGE-32_XRND,binary
ASVAB-WORD-KNOWLEDGE-33_XRND,binary
ASVAB-WORD-KNOWLEDGE-34_XRND,binary
ASVAB-WORD-KNOWLEDGE-35_XRND,binary
ASVAB-PARACOMP-IRT-ZSCORE_XRND,continuous
ASVAB-PARACOMP-IRT-ZSCORE_PERCENTILE_XRND,continuous
ASVAB-PARAGRAPH-COMPREHENSION-1_XRND,binary
ASVAB-PARAGRAPH-COMPREHENSION-2_XRND,binary
ASVAB-PARAGRAPH-COMPREHENSION-3_XRND,binary
ASVAB-PARAGRAPH-COMPREHENSION-4_XRND,binary
ASVAB-PARAGRAPH-COMPREHENSION-5_XRND,binary
ASVAB-PARAGRAPH-COMPREHENSION-6_XRND,binary
ASVAB-PARAGRAPH-COMPREHENSION-7_XRND,binary
ASVAB-PARAGRAPH-COMPREHENSION-8_XRND,binary
ASVAB-PARAGRAPH-COMPREHENSION-9_XRND,binary
ASVAB-PARAGRAPH-COMPREHENSION-10_XRND,binary
ASVAB-PARAGRAPH-COMPREHENSION-11_XRND,binary
ASVAB-PARAGRAPH-COMPREHENSION-12_XRND,binary
ASVAB-PARAGRAPH-COMPREHENSION-13_XRND,binary
ASVAB-PARAGRAPH-COMPREHENSION-14_XRND,binary
ASVAB-PARAGRAPH-COMPREHENSION-15_XRND,binary
ASVAB-MATHKNOW-IRT-ZSCORE_XRND,continuous
ASVAB-MATHKNOW-IRT-ZSCORE_PERCENTILE_XRND,continuous
ASVAB-MATHEMATICS-KNOWLEDGE-1_XRND,binary
ASVAB-MATHEMATICS-KNOWLEDGE-2_XRND,binary
ASVAB-MATHEMATICS-KNOWLEDGE-3_XRND,binary
ASVAB-MATHEMATICS-KNOWLEDGE-4_XRND,binary
ASVAB-MATHEMATICS-KNOWLEDGE-5_XRND,binary
ASVAB-MATHEMATICS-KNOWLEDGE-6_XRND,binary
ASVAB-MATHEMATICS-KNOWLEDGE-7_XRND,binary
ASVAB-MATHEMATICS-KNOWLEDGE-8_XRND,binary
ASVAB-MATHEMATICS-KNOWLEDGE-9_XRND,binary
ASVAB-MATHEMATICS-KNOWLEDGE-10_XRND,binary
ASVAB-MATHEMATICS-KNOWLEDGE-11_XRND,binary
ASVAB-MATHEMATICS-KNOWLEDGE-12_XRND,binary
ASVAB-MATHEMATICS-KNOWLEDGE-13_XRND,binary
ASVAB-MATHEMATICS-KNOWLEDGE-14_XRND,binary
ASVAB-MATHEMATICS-KNOWLEDGE-15_XRND,binary
ASVAB-MATHEMATICS-KNOWLEDGE-16_XRND,binary
ASVAB-MATHEMATICS-KNOWLEDGE-17_XRND,binary
ASVAB-MATHEMATICS-KNOWLEDGE-18_XRND,binary
ASVAB-MATHEMATICS-KNOWLEDGE-19_XRND,binary
ASVAB-MATHEMATICS-KNOWLEDGE-20_XRND,binary
ASVAB-MATHEMATICS-KNOWLEDGE-21_XRND,binary
ASVAB-MATHEMATICS-KNOWLEDGE-22_XRND,binary
ASVAB-MATHEMATICS-KNOWLEDGE-23_XRND,binary
ASVAB-MATHEMATICS-KNOWLEDGE-24_XRND,binary
ASVAB-MATHEMATICS-KNOWLEDGE-25_XRND,binary
FAM-2_1982,binary
R_REL-2_1982,categorical_nominal
MAR-1A_1982,categorical_ordinal
SCHOOL-31A_1982,binary
SCHOOL-34_1982,categorical_ordinal
SCHOOL-DIPGED_1982,binary
ONJOBS-1A_1982,binary
SRCH-7_1982,binary
SRCH-8_1982,binary
SRCH-28_1982,binary
SRCH-29_000013_1982,binary
SRCH-37_1982,binary
SRCH-38_1982,binary
ONJBS-6_1982,binary
FER-1A_1982,continuous
FER-1B_1982,continuous
FFER-28_1982,binary
ALCH-2_1982,continuous
INCOME-21_1982,binary
INCOME-22_1982,binary
EXP-3_1982,categorical_ordinal
EXP-11A_1982,binary
EXP-11B_1982,binary
EXP-11D_1982,binary
EXP-11E_1982,binary
DATELI_M_1982,continuous
EDUCATION_1982,categorical_ordinal
HLTHCODE_1982,binary
HGCREV82_1982,continuous
ENROLLMTREV82_1982,categorical_ordinal
NUMKID82_1982,continuous
NUMCH82_1982,continuous
NUMSPPTR82_XRND,categorical_ordinal
MAR-1A_1983,binary
SCHOOL-DIPGED_1983,binary
MIL-FAM_1983,continuous
FER-SEX_1_1983,binary
ALCH-2_1983,continuous
ALCH-2A_1983,continuous
HGCREV83_1983,continuous
ENROLLMTREV83_1983,categorical_ordinal
NUMKID83_1983,continuous
NUMCH83_1983,continuous
NUMSPPTR83_XRND,categorical_ordinal
CPS-QES-PROMO38_1984,binary
CPS-76_1984,binary
DRUG-1_1984,continuous
DRUG-2_1984,categorical_ordinal
DRUG-10_1984,binary
DRUG-13_1984,binary
DRUG-16_1984,binary
DRUG-19_1984,binary
DRUG-22_1984,binary
DRUG-35_1984,binary
DRUG-52_1984,binary
DRUG-56_1984,binary
SKIP_1984,categorical_nominal
HGCREV84_1984,continuous
ENROLLMTREV84_1984,categorical_ordinal
NUMKID84_1984,continuous
NUMCH84_1984,continuous
NUMSPPTR84_XRND,categorical_ordinal
SCHOOL-47_1985,binary
FER-CRF_1985,binary
HEALTH-HAIR_1985,categorical_nominal
HEALTH-EYES_1985,categorical_nominal
HEALTH-SOC_1_1985,categorical_nominal
HEALTH-SOC_2_1985,categorical_nominal
SKIP_1985,categorical_nominal
HGCREV85_1985,continuous
ENROLLMTREV85_1985,categorical_ordinal
NUMKID85_1985,continuous
NUMCH85_1985,continuous
NUMSPPTR85_XRND,categorical_ordinal
HGCREV86_1986,continuous
ENROLLMTREV86_1986,categorical_ordinal
NUMKID86_1986,continuous
NUMCH86_1986,continuous
NUMSPPTR86_XRND,categorical_ordinal
Q7-4A_1987,continuous
Q9-69B_1987,binary
Q9-72_1987,binary
Q11-83_1987,binary
HHI-34_1987,categorical_nominal
ES-SEX_1987,binary
TNFI_CENSUS_TRUNC_1987,continuous
HGCREV87_1987,continuous
ENROLLMTREV87_1987,categorical_ordinal
NUMKID87_1987,continuous
NUMCH87_1987,continuous
NUMSPPTR87_XRND,categorical_ordinal
Q3-10B_1988,categorical_ordinal
Q3-10C_M_1988,continuous
Q3-10C_Y_1988,continuous
CPS-84_1988,binary
CPS-25_000001_1988,categorical_ordinal
CPS-25_000002_1988,categorical_ordinal
CPS-25_000003_1988,categorical_ordinal
CPS-25_000011_1988,categorical_ordinal
CPS-25_000004_1988,categorical_ordinal
CPS-25_000005_1988,categorical_ordinal
CPS-25_000006_1988,categorical_ordinal
CPS-25_000007_1988,categorical_ordinal
CPS-25_000008_1988,categorical_ordinal
CPS-25_000009_1988,categorical_ordinal
CPS-25_000010_1988,categorical_ordinal
CPS-20_1988,continuous
CPS-QES-86A.01_1988,binary
CPS-88_1988,continuous
CPS-92_1988,continuous
CPS-94_1988,continuous
AIDS-2_1988,categorical_ordinal
AIDS-3_1988,categorical_ordinal
AIDS-4_1988,categorical_ordinal
AIDS-6_1988,categorical_ordinal
AIDS-7_1988,categorical_ordinal
AIDS-8_1988,categorical_ordinal
AIDS-9_1988,categorical_ordinal
AIDS-10_1988,categorical_ordinal
AIDS-11_1988,binary
AIDS-12_1988,binary
Q11-10_1988,binary
ALCH-21_1988,binary
DRUG-SELF_1988,binary
DRUG-61_1988,binary
INCOME-36_1988,binary
Q11-83_1988,binary
INCOME-35_1988,binary
CRES-1_1988,binary
TIME-FER_1988,continuous
TIME-CHILD_1988,continuous
TIME-FANDC_1988,continuous
INT86_M_1988,continuous
LEFTMIL_1988,categorical_nominal
DATELI_M_1988,continuous
DRUGUSE_1988,binary
QES-87A.01_1988,binary
HGCREV88_1988,continuous
ENROLLMTREV88_1988,categorical_ordinal
NUMKID88_1988,continuous
NUMCH88_1988,continuous
NUMSPPTR88_XRND,categorical_ordinal
CPS-84_1989,binary
CPS-95_1989,categorical_ordinal
CPS-96_1989,binary
CPS-98_1989,continuous
CPS-99_1989,continuous
CPS-QES-86A.01_1989,binary
Q9-22C_1989,binary
Q11-10_1989,binary
HEALTH-28_1989,binary
INCOME-37_1989,categorical_ordinal
ES-15_1_1989,binary
ES-16_1_1989,binary
HGCREV89_1989,continuous
ENROLLMTREV89_1989,categorical_ordinal
NUMKID89_1989,continuous
NUMCH89_1989,continuous
NUMSPPTR89_XRND,categorical_ordinal
CPS-102_1990,binary
CPS-103_1990,binary
FER-18_1990,binary
Q11-10_1990,binary
CITIZEN_1990,binary
TIME-FER_1990,continuous
HHI-34_1990,categorical_nominal
INT88_M_1990,continuous
MODEINT_ORIG_1990,categorical_nominal
MODEINT_FINAL_1990,categorical_nominal
HGCREV90_1990,continuous
ENROLLMTREV90_1990,categorical_ordinal
NUMKID90_1990,continuous
NUMCH90_1990,continuous
NUMSPPTR90_XRND,categorical_ordinal
Q15-14B_1991,binary
HGCREV91_1991,continuous
ENROLLMTREV91_1991,categorical_ordinal
NUMKID91_1991,continuous
NUMCH91_1991,continuous
NUMSPPTR91_XRND,categorical_ordinal
RELSPPTR91_XRND,continuous
SCHOOL-58_M_1992,continuous
FER-3_1992,continuous
Q9-64G_1992,categorical_nominal
Q11-10_1992,binary
Q11-80B_000001_1992,binary
Q11-80B_000003_1992,categorical_nominal
Q11-80B_000005_1992,categorical_nominal
Q11-80B_000006_1992,categorical_nominal
PEARLIN_1_1992,categorical_ordinal
PEARLIN_2_1992,categorical_ordinal
PEARLIN_3_1992,categorical_ordinal
PEARLIN_4_1992,categorical_ordinal
PEARLIN_5_1992,categorical_ordinal
PEARLIN_6_1992,categorical_ordinal
PEARLIN_7_1992,categorical_ordinal
PEARLIN_SCORE_1992,continuous
PEARLIN_IRT_SCORE_1992,continuous
PEARLIN_IRT_STANDARD_ERROR_1992,continuous
PEARLIN_IRT_SCORE_REVISED_1992,continuous
PEARLIN_ZSCORECW_1992,continuous
PEARLIN_ZSCORECW_PERCENTILE_1992,continuous
CESD~000000_1992,categorical_ordinal
CESD~000001_1992,categorical_ordinal
CESD~000002_1992,categorical_ordinal
CESD~000002A_1992,categorical_ordinal
CESD~000003_1992,categorical_ordinal
CESD~000004_1992,categorical_ordinal
CESD~000005_1992,categorical_ordinal
CESD~000005A_1992,categorical_ordinal
CESD~000005B_1992,categorical_ordinal
CESD~000005C_1992,categorical_ordinal
CESD~000006_1992,categorical_ordinal
CESD~000006A_1992,categorical_ordinal
CESD~000006B_1992,categorical_ordinal
CESD~000007_1992,categorical_ordinal
CESD~000007A_1992,categorical_ordinal
CESD~000007B_1992,categorical_ordinal
CESD~000007C_1992,categorical_ordinal
CESD~000008_1992,categorical_ordinal
CESD~000008A_1992,categorical_ordinal
CESD~000009_1992,categorical_ordinal
CESD_SCORE_20_ITEM_1992,continuous
CESD_SCORE_7_ITEM_1992,continuous
CESD_IRT_SCORE_20_ITEM_1992,continuous
CESD_IRT_STANDARD_ERROR_20_ITEM_1992,continuous
CESD_IRT_SCORE_REVISED_1992,continuous
CESD_ZSCORECW_1992,continuous
CESD_ZSCORECW_PERCENTILE_1992,continuous
Q12-5_1992,categorical_ordinal
INT90_M_1992,continuous
INT89_M_1992,continuous
INT88_M_1992,continuous
HGCREV92_1992,continuous
ENROLLMTREV92_1992,categorical_ordinal
NUMKID92_1992,continuous
NUMCH92_1992,continuous
NUMSPPTR92_XRND,categorical_ordinal
RELSPPTR92_XRND,continuous
Q2-4AC_1993,binary
SIBROS_OLDER_YOUNGER.01_1993,categorical_nominal
SIBROS_YRS_OLDER_YOUNGER.01_1993,continuous
SIBROS_GENDER.01_1993,binary
SIBROS_HGC.01_1993,continuous
SIBROS_NUMKIDS.01_1993,continuous
SIBROS_ANY_MORE_SIBS.01_1993,binary
SIBROS_OLDER_YOUNGER.02_1993,categorical_nominal
SIBROS_YRS_OLDER_YOUNGER.02_1993,continuous
SIBROS_GENDER.02_1993,binary
SIBROS_HGC.02_1993,continuous
SIBROS_NUMKIDS.02_1993,continuous
SIBROS_ANY_MORE_SIBS.02_1993,binary
DLI-1.01_1993,binary
DLI-1.02_1993,binary
DLI-5-4A.02_1993,binary
DLI-5-4A.03_1993,binary
PDLI-1A.01_1993,binary
PDLI-1A.02_1993,binary
Q6-23F_1993,binary
Q6-23H_1993,binary
Q6-23I_1993,binary
Q6-23K_1993,binary
CPS-ONJS-7300_1993,binary
CPS-ONJS-8400_1993,binary
CPS-Q6-48_1993,binary
CPS-QES-52E_1993,continuous
CPS-QES-52F_1993,continuous
CPS-QES-52G~000001_1993,categorical_ordinal
CPS-QES-52G~000002_1993,categorical_ordinal
CPS-QES-52G~000003_1993,categorical_ordinal
CPS-QES-52G~000007_1993,categorical_ordinal
CPS-QES-52G~000008_1993,categorical_ordinal
CPS-QES-52H_1993,continuous
CPS-QES-52J_1993,continuous
CPS-QES-52K_1993,binary
CPS-QES-FIRMSZ4_1993,binary
QES-8.01~M_1993,continuous
QES-8.01~Y_1993,continuous
QES-59B.01~M_1993,continuous
QES-59B.01~Y_1993,continuous
QES-60A.01_1993,continuous
EMPLOYER_EMPPREVID.02_1993,continuous
Q8-37_1993,binary
Q8-37A_1993,binary
Q8-37C_1993,binary
Q8-37D_1993,binary
Q8-37E_1993,binary
Q8-37F_1993,binary
Q8-37G_1993,binary
Q8-37H_1993,binary
Q8-38_1993,binary
Q9-42B_1993,binary
Q11-9A_1A_1993,categorical_ordinal
Q11-9A_1B_1993,categorical_ordinal
Q11-10_1993,binary
Q11-80B~000003_1993,categorical_nominal
Q11-80B~000005_1993,categorical_nominal
Q11-80B~000006_1993,categorical_nominal
Q13U-1_1993,binary
Q13A-1_1993,binary
Q13A-6B_1993,binary
Q13F-1_1993,binary
Q13F-6B_1993,binary
Q13-48_1993,continuous
Q13-49_1993,binary
Q13-93_1993,binary
LINTDATE~M_1993,continuous
UNEMPR_LASTMO_1993,continuous
AFDC-LASTMO_1993,continuous
FOODS-LASTMO_1993,continuous
HGCREV93_1993,continuous
ENROLLMTREV93_1993,categorical_ordinal
NUMKID93_1993,continuous
NUMCH93_1993,continuous
NUMSPPTR93_XRND,categorical_ordinal
RELSPPTR93_XRND,continuous
RECALL-CHECK_1994,binary
Q2-4AC_1994,binary
Q3-30_1994,binary
Q3-32_1994,binary
QES-52DA.01_1994,categorical_ordinal
QES-52E.01_1994,continuous
QES-52F.01_1994,continuous
QES-52G.01~000001_1994,binary
QES-52G.01~000002_1994,continuous
QES-52H.01_1994,continuous
QES-52J.01_1994,continuous
QES-52JA.01_1994,binary
QES-59A.01_1994,binary
QES-84H.01_1994,binary
QES-84O.01_1994,continuous
QES-91A.01_1994,binary
QES-91B.01_1994,binary
QES-91G.01_1994,binary
Q7-5A_1994,binary
Q8-18A_1994,binary
Q8-36_1994,binary
Q8-37_1994,binary
Q8-37A_1994,binary
Q8-37C_1994,binary
Q8-37D_1994,binary
Q8-37E_1994,binary
Q8-37F_1994,binary
Q8-37G_1994,binary
Q8-37H_1994,binary
Q8-38_1994,binary
Q9-TIME_1994,continuous
Q9-RECALL1_1994,binary
Q9NB-30.01_1994,binary
Q9-30.01_1994,binary
Q9-64G_1994,categorical_nominal
Q11-TIME_1994,continuous
Q11-10_1994,binary
Q11-11A_1994,binary
CESD~000001_1994,categorical_ordinal
CESD~000003_1994,categorical_ordinal
CESD~000004_1994,categorical_ordinal
CESD~000005_1994,categorical_ordinal
CESD~000006_1994,categorical_ordinal
CESD~000008_1994,categorical_ordinal
CESD~000009_1994,categorical_ordinal
CESD_SCORE_7_ITEM_1994,continuous
CESD_IRT_SCORE_7_ITEM_1994,continuous
CESD_IRT_STANDARD_ERROR_7_ITEM_1994,continuous
Q12-2A_1994,binary
Q13U-A_1994,binary
Q13A-A_1994,binary
Q13A-7_1994,binary
Q13-48_1994,categorical_nominal
Q13-53_1994,categorical_nominal
Q13-54_1994,continuous
Q13W-A_1994,binary
Q13-145B~000001_1994,binary
Q13-145B~000002_1994,continuous
Q13-145B~000003_1994,continuous
Q13-145B~000004_1994,continuous
Q13-145B~000005_1994,continuous
Q13-145B~000006_1994,continuous
Q13-145B~000007_1994,continuous
Q13-145B~000008_1994,continuous
Q13-145B~000009_1994,continuous
DS-INTRO5_1994,continuous
DS-INTRO6_1994,categorical_ordinal
NUMKID94_1994,continuous
NUMCH94_1994,continuous
NUMSPPTR94_XRND,categorical_ordinal
RELSPPTR94_XRND,continuous
HGCREV94_1994,continuous
ENROLLMTREV94_1994,categorical_ordinal
HGCREV96_1996,continuous
ENROLLMTREV96_1996,categorical_ordinal
NUMKID96_1996,continuous
NUMCH96_1996,continuous
NUMSPPTR96_XRND,categorical_ordinal
RELSPPTR96_XRND,continuous
Q2-4AC_1996,categorical_nominal
Q5-25_1996,binary
Q5-27_1996,binary
Q5-28F_1996,binary
Q5-31A_1996,binary
Q5-88A_1996,binary
Q6-32D_1996,binary
Q6-33AA_1996,binary
QES-57F.01_1996,binary
QES-58.01_1996,binary
QES-RESPONS15.01_1996,binary
QES-RESPONS25.01_1996,binary
QES-PROMOPOS53.01_1996,binary
QES-PAYMT67A.01_1996,categorical_ordinal
QES-PAYMT69.01~M_1996,categorical_nominal
QES-PAYMT70.01_1996,binary
QES-84H.01_1996,binary
QES-84O.01_1996,continuous
QES-87.01_1996,binary
QES-91A.01_1996,binary
QES-91B.01_1996,binary
QES-91G.01_1996,binary
Q7-5A_1996,binary
Q8-36B.01~M_1996,categorical_nominal
Q8-49.01_1996,binary
Q9-TIME_1996,continuous
Q9NB-30.01_1996,binary
Q9-29I.01_1996,continuous
Q9-30.01_1996,binary
Q9-64G_1996,binary
Q11-TIME_1996,continuous
Q11-10_1996,binary
Q13A-7_1996,binary
RECV-FDSTMPS-LASTMO_1996,binary
SPOCCODEDLI_1996,continuous
Q2-4AC_1998,categorical_nominal
CPS-5100.01_1998,categorical_nominal
Q5-23.01_1998,binary
Q5-25.01_1998,binary
Q5-27.01_1998,binary
Q5-28F.01_1998,binary
CPS-26200_1998,binary
Q6-23I.01_1998,continuous
Q6-23J.01_1998,binary
QES-57F.01_1998,binary
QES-58.01_1998,binary
QES-RESPONS15.01_1998,binary
QES-RESPONS25.01_1998,binary
QES-87.01_1998,binary
Q8-36B.01~M_1998,categorical_nominal
QES-59D.01_1998,continuous
Q9NB-20D1_1998,binary
Q9NB-23B_1998,binary
Q9-64G_1998,binary
Q11-9A_1998,binary
Q11-10_1998,categorical_nominal
Q13U-INIT1_1998,binary
Q13-35_1998,categorical_ordinal
Q13-OWELF-3_1998,binary
Q13A-INIT1_1998,binary
Q13F-INIT1_1998,binary
Q13-44H_1998,binary
WR-0_1998,binary
DS-INTRO5_1998,categorical_nominal
DS-INTRO6_1998,categorical_ordinal
OSCHOOL_1998,binary
HGCREV98_1998,continuous
ENROLLMTREV98_1998,categorical_ordinal
NUMKID98_1998,continuous
NUMCH98_1998,continuous
NUMSPPTR98_XRND,categorical_ordinal
RELSPPTR98_XRND,continuous
R_REL-1_2000,categorical_nominal
R_REL-2_2000,categorical_nominal
SPARMAR-1_D_2000,binary
Q6-23J.01_2000,binary
CPSIND80.01_2000,categorical_nominal
CPSOCC80.01_2000,categorical_nominal
QES-87.01_2000,binary
EMP-JOBSRCH-1_2000,binary
EMP-JOBSRCH-2_2000,binary
Q5-88A_2000,binary
Q9NB-20D1_2000,binary
Q9NB-23B_2000,binary
Q9-64G_2000,binary
Q11-9A_2000,binary
Q11-9AA_2000,binary
Q11-9B_2000,categorical_ordinal
Q11-9E_2000,categorical_ordinal
Q11-9F_2000,categorical_ordinal
Q11-9G_2000,categorical_ordinal
Q11-10_2000,categorical_nominal
WR-0_2000,binary
Q13-78A_2000,binary
Q13-145_01_2000,binary
HGCREV00_2000,continuous
ENROLLMTREV00_2000,categorical_ordinal
NUMKID00_2000,continuous
NUMCH00_2000,continuous
NUMSPPTR00_XRND,categorical_ordinal
RELSPPTR00_XRND,continuous
HHI_OLDSP_1_2002,binary
HH_INC_1_2002,binary
Q1-3_ETH_1_2002,binary
Q1-3_ETH_2~000001_2002,binary
Q1-3_ETH_2~000002_2002,binary
Q1-3_ETH_2~000007_2002,binary
Q11-GENHLTH_1A~000001_2002,continuous
Q11-GENHLTH_2A~000001_2002,continuous
Q11-GENHLTH_3A~000001_2002,continuous
Q11-GENHLTH_4B_1_2002,binary
Q11-GENHLTH_4B_2_2002,binary
Q11-GENHLTH_4B_3_2002,binary
Q11-GENHLTH_4B_4_2002,binary
Q11-GENHLTH_4B_5_2002,binary
Q13-78A_2002,binary
EARLY_BIRD_ELIGIBLE_2002,binary
EARLY_BIRD_INTERVIEW_2002,binary
HGCREV02_2002,continuous
ENROLLMTREV02_2002,continuous
NUMKID02_2002,continuous
NUMCH02_2002,continuous
NUMSPPTR02_XRND,categorical_ordinal
RELSPPTR02_XRND,continuous
SOCSEC-2_2004,categorical_nominal
SOCSEC-3A~000001_2004,binary
SOCSEC-3A~000002_2004,binary
SOCSEC-3A~000003_2004,binary
SOCSEC-3B_1_2004,binary
SOCSEC-4_2004,binary
Q11-GENHLTH_4B~000001_2004,categorical_ordinal
Q11-GENHLTH_4B~000002_2004,categorical_ordinal
Q11-GENHLTH_4B~000003_2004,categorical_ordinal
Q11-GENHLTH_4B~000004_2004,categorical_ordinal
Q11-GENHLTH_4B~000005_2004,categorical_ordinal
Q11-ASTHMA-1_2004,binary
WOMENS-ROLES~000001_2004,categorical_ordinal
WOMENS-ROLES~000002_2004,categorical_ordinal
WOMENS-ROLES~000003_2004,categorical_ordinal
WOMENS-ROLES~000004_2004,categorical_ordinal
WOMENS-ROLES~000005_2004,categorical_ordinal
WOMENS-ROLES~000006_2004,categorical_ordinal
WOMENS-ROLES~000007_2004,categorical_ordinal
WOMENS-ROLES~000008_2004,categorical_ordinal
HGCREV04_2004,continuous
ENROLLMTREV04_2004,categorical_ordinal
URBAN-RURAL_REV_2004,categorical_nominal
NUMKID04_2004,continuous
NUMCH04_2004,continuous
NUMSPPTR04_XRND,categorical_ordinal
RELSPPTR04_XRND,continuous
R21_PCT_DK_2004,continuous
R21_PCT_REF_2004,continuous
C1DOB~M_XRND,categorical_nominal
C1DOB~Y_XRND,continuous
C1SEX_XRND,binary
C1RES_DLI_XRND,categorical_ordinal
NUMKID_XRND,categorical_nominal
AGE1B_XRND,continuous
AGE1M_XRND,continuous
MOBG1M_XRND,continuous
YRBG1M_XRND,continuous
LASTINT_XRND,year
NUMSPPTR08_XRND,categorical_ordinal
RELSPPTR08_XRND,continuous
NUMSPPTR10_XRND,categorical_ordinal
RELSPPTR10_XRND,continuous
NUMSPPTR12_XRND,categorical_ordinal
RELSPPTR12_XRND,continuous
NUMSPPTR14_XRND,categorical_ordinal
RELSPPTR14_XRND,continuous
SIBLING-1.01_2006,categorical_nominal
SIBLING-2.01_2006,categorical_nominal
SIBLING-2.02_2006,categorical_nominal
CPS-5100.01_2006,categorical_nominal
CPS-26200_2006,binary
EMPPREVID.01_2006,categorical_nominal
RETIRE_EXP_P1_CHK1_2006,binary
ACP_16A_2006,binary
Q11-ASTHMA-10_0_2006,binary
Q11-ASTHMA-10_A_2006,binary
Q11-GENHLTH_4B~000001_2006,binary
Q11-GENHLTH_4B~000002_2006,binary
Q11-GENHLTH_4B~000003_2006,binary
Q11-GENHLTH_4B~000004_2006,binary
Q11-GENHLTH_4B~000005_2006,binary
Q11-GENHLTH_8A_2006,binary
Q11-GENHLTH_8B_2006,binary
CIR-ELIG_1_2006,binary
CONSUMPTN_1_2006,categorical_nominal
CONSUMPTN_1_SR000001_2006,continuous
CONSUMPTN_2_SR000001_2006,continuous
CONSUMPTN_3_2006,binary
CONSUMPTN_4_2006,binary
CONSUMPTN_5_SR000001_2006,continuous
CONSUMPTN_5B_2006,binary
RISK_1_2006,continuous
RISK_2_2006,continuous
RISK_3_2006,continuous
RISK_4_2006,continuous
IMPATIENCE_1_2006,continuous
IMPATIENCE_2_2006,continuous
RETIRE_EXP_P2_CHK1_2006,binary
Q14-6A_2006,binary
Q14-CONSENT-1230_2006,binary
Q14-CONSENT-1250_2006,binary
HGCREV06_2006,continuous
ENROLLMTREV06_2006,categorical_ordinal
URBAN-RURAL_REV_2006,categorical_nominal
NUMKID06_2006,continuous
NUMCH06_2006,continuous
NUMSPPTR06_XRND,categorical_ordinal
RELSPPTR06_XRND,continuous
COWALL-EMP_REVISED.01_2006,categorical_nominal
R22_PCT_DK_2006,continuous
R22_PCT_REF_2006,continuous
Q6-8.01_2008,binary
Q6-8I.01_2008,binary
Q9-44.01_2008,categorical_ordinal
NFA_4C_TRUNC.01_2008,continuous
Q13-141A_REF_1_2008,binary
ATT-POL-77_2008,categorical_nominal
ATT-POL-78_2008,categorical_nominal
ATT-POL-79_2008,categorical_ordinal
ATT-POL-80_2008,categorical_ordinal
ATT-POL-84_2008,categorical_ordinal
Q14-CONSENT-1230_2008,binary
Q14-CONSENT-1250_2008,binary
Q15-12N_2008,continuous
HGCREV08_2008,continuous
C1DOB08~M_2008,categorical_nominal
C1DOB08~Y_2008,continuous
C1SEX08_2008,binary
NUMKID08_2008,continuous
NUMCH08_2008,continuous
AGE1B08_2008,continuous
AGE1M08_2008,continuous
MOBG1M08_2008,continuous
YRBG1M08_2008,continuous
R23_PCT_DK_2008,continuous
R23_PCT_REF_2008,continuous
QES-BUSOWN_CHK1.01_2010,categorical_ordinal
STOCK_OPTIONS_CHK2_2010,binary
STOCK_OPTIONS_CHK3_2010,binary
STOCK_OPTIONS_1_2010,binary
STOCK_OPTIONS_CHK4_2010,binary
PHIL_1_2010,binary
PHIL_1D_2010,binary
PHIL_8_2010,binary
RISK_4_2010,continuous
RISK_5~000001_2010,categorical_nominal
RISK_5~000002_2010,categorical_nominal
RISK_5~000003_2010,categorical_nominal
RISK_5~000004_2010,categorical_nominal
RISK_5~000005_2010,categorical_nominal
RISK_5~000006_2010,categorical_nominal
RISK_5~000007_2010,categorical_nominal
RISK_5H_2010,continuous
HGCREV10_2010,continuous
C1DOB10~M_2010,categorical_nominal
C1DOB10~Y_2010,continuous
C1SEX10_2010,binary
NUMKID10_2010,continuous
NUMCH10_2010,continuous
AGE1B10_2010,continuous
AGE1M10_2010,continuous
MOBG1M10_2010,continuous
YRBG1M10_2010,continuous
R24_PCT_DK_2010,continuous
R24_PCT_REF_2010,continuous
TIME_R24_HHI_2010,continuous
TIME_R24_MIGR_2010,continuous
TIME_R24_MARHIST_2010,continuous
TIME_R24_SCH_2010,continuous
TIME_R24_MIL_2010,continuous
TIME_R24_ONJOBS_2010,continuous
TIME_R24_EMPSUPP_2010,continuous
TIME_R24_BUSOWN_2010,continuous
TIME_R24_STOCKOWN_2010,continuous
TIME_R24_GAPS_2010,continuous
TIME_R24_TRAIN_2010,continuous
TIME_R24_PHILANTHROPY_2010,continuous
TIME_R24_SP_LABOR_2010,continuous
TIME_R24_FERTILITY_2010,continuous
TIME_R24_CHLDCARE_2010,continuous
TIME_R24_HEALTH_2010,continuous
TIME_R24_SMOKE_2010,continuous
TIME_R24_INCOME_2010,continuous
TIME_R24_RISK_2010,continuous
TIME_R24_RETIRE_2010,continuous
TIME_R24_FORECLOSE_2010,continuous
TIME_R24_INT_END_2010,continuous
TIME_R24_LOCATOR_2010,continuous
TIME_R24_FI_REMARKS_2010,continuous
R_REL-2_2012,categorical_nominal
R_REL-2_CHK1_2012,categorical_ordinal
SPARRACE-1C.01_2012,binary
QES-BUSOWN_CHK1.01_2012,categorical_ordinal
Q11-RCH-HLTH-1_2012,categorical_ordinal
Q11-RCH-HLTH-2_2012,binary
Q11-RCH-HLTH-4_2012,binary
Q11-RCH-HLTH-5_2012,binary
Q11-RCH-HLTH-6_2012,categorical_ordinal
Q11-RCH-HLTH-7_2012,categorical_ordinal
Q11-HEADINJ-1_2012,binary
Q11-HEADINJ-6_2012,categorical_ordinal
WILL_1_2012,binary
WILL_16_2012,binary
FIN_LIT_1_2012,binary
FIN_LIT_2~000001_2012,categorical_nominal
FIN_LIT_2~000002_2012,categorical_nominal
FIN_LIT_3_2012,categorical_nominal
FIN_LIT_4_2012,binary
FIN_LIT_5_2012,categorical_ordinal
FIN_LIT_6_2012,categorical_ordinal
FIN_LIT_8_2012,binary
Q15-4A_2012,categorical_ordinal
Q15-4B~000001_2012,categorical_ordinal
Q15-4B~000002_2012,categorical_ordinal
Q15-4C~000001_2012,binary
Q15-4C~000007_2012,binary
Q15-4D_2012,categorical_ordinal
Q15-4F_2012,categorical_ordinal
Q15-12N_2012,continuous
HGCREV12_2012,continuous
C1DOB12~M_2012,categorical_nominal
C1DOB12~Y_2012,continuous
C1SEX12_2012,binary
NUMKID12_2012,continuous
NUMCH12_2012,continuous
AGE1B12_2012,continuous
AGE1M12_2012,continuous
MOBG1M12_2012,continuous
YRBG1M12_2012,continuous
R25_PCT_DK_2012,continuous
R25_PCT_REF_2012,continuous
TIME_R25_HHI_2012,continuous
TIME_R25_MIGR_2012,continuous
TIME_R25_MARHIST_2012,continuous
TIME_R25_SCH_2012,continuous
TIME_R25_MIL_2012,continuous
TIME_R25_ONJOBS_2012,continuous
TIME_R25_EMPSUPP_2012,continuous
TIME_R25_BUSOWN_2012,continuous
TIME_R25_BUSMATCH_2012,continuous
TIME_R25_STOCKOWN_2012,continuous
TIME_R25_GAPS_2012,continuous
TIME_R25_TRAIN_2012,continuous
TIME_R25_PHILANTHROPY_2012,continuous
TIME_R25_SP_LABOR_2012,continuous
TIME_R25_FERTILITY_2012,continuous
TIME_R25_CHLDCARE_2012,continuous
TIME_R25_HEALTH_2012,continuous
TIME_R25_SMOKE_2012,continuous
TIME_R25_INCOME_2012,continuous
TIME_R25_RISK_2012,continuous
TIME_R25_RETIRE_2012,continuous
TIME_R25_WILLS_2012,continuous
TIME_R25_FORECLOSE_2012,continuous
TIME_R25_FIN_LIT_2012,continuous
TIME_R25_INT_END_2012,continuous
TIME_R25_LOCATOR_2012,continuous
TIME_R25_FI_REMARKS_2012,continuous
HH2-1_B~000001_2014,binary
HH2-1_B~000002_2014,binary
HH2-1_B~000003_2014,binary
HH2-1_B~000004_2014,binary
HH2-CHK1_2014,binary
HH2-CHK3_2014,binary
R_REL_CHK2_2014,binary
Q11-80B_1~000001_2014,binary
Q11-80B_1~000003_2014,binary
Q11-80B_1~000004_2014,binary
Q11-80B_1~000099_2014,binary
TIPI10~000001_2014,categorical_ordinal
TIPI10~000002_2014,categorical_ordinal
TIPI10~000003_2014,categorical_ordinal
TIPI10~000004_2014,categorical_ordinal
TIPI10~000005_2014,categorical_ordinal
TIPI10~000006_2014,categorical_ordinal
TIPI10~000007_2014,categorical_ordinal
TIPI10~000008_2014,categorical_ordinal
TIPI10~000009_2014,categorical_ordinal
TIPI10~000010_2014,categorical_ordinal
RETIRE_EXP_P2_E_CHK1_2014,binary
RETIRE_EXP_P2_E1_2014,continuous
RETIRE_EXP_P2_E3_2014,continuous
RETIRE_EXP_P2_E4_2014,continuous
RETIRE_EXP_P2_E5_2014,continuous
RETIRE_EXP_P2_E7_2014,continuous
RETIRE_EXP_P2_E8_2014,continuous
RETIRE_EXP_P2_E9_2014,continuous
Q13-145_01_2014,binary
Q13-145_01A~000001_2014,binary
Q13-145_01A~000003_2014,binary
Q13-145_01A~000004_2014,binary
Q13-145_01A~000005_2014,binary
Q13-145_01A~000007_2014,binary
Q13-145_02_2014,binary
LIFE-SATISFACTION_2014,categorical_ordinal
Q14-BEST-CONTACTMODE-2~000001_2014,binary
Q14-BEST-CONTACTMODE-2~000002_2014,binary
Q14-BEST-CONTACTMODE-2~000004_2014,binary
Q14-BEST-CONTACTMODE-2~000005_2014,binary
Q15-4A_2014,categorical_ordinal
Q15-4B~000001_2014,categorical_ordinal
Q15-4B~000002_2014,categorical_ordinal
Q15-4C~000001_2014,binary
Q15-4C~000007_2014,binary
Q15-4E~000001_2014,binary
Q15-4E~000002_2014,binary
Q15-4F_2014,categorical_ordinal
HGCREV14_2014,continuous
C1DOB14~M_2014,categorical_nominal
C1DOB14~Y_2014,continuous
C1SEX14_2014,binary
NUMKID14_2014,continuous
NUMCH14_2014,continuous
AGE1B14_2014,continuous
EDFERT14_2014,continuous
AGE1M14_2014,continuous
MOBG1M14_2014,continuous
YRBG1M14_2014,continuous
R26_PCT_DK_2014,continuous
R26_PCT_REF_2014,continuous
TIME_R26_HHI_2014,continuous
TIME_R26_MIGR_2014,continuous
TIME_R26_MARHIST_2014,continuous
TIME_R26_SCH_2014,continuous
TIME_R26_MIL_2014,continuous
TIME_R26_ONJOBS_2014,continuous
TIME_R26_EMPSUPP_2014,continuous
TIME_R26_BUSOWN_2014,continuous
TIME_R26_BUSMATCH_2014,continuous
TIME_R26_STOCKOWN_2014,continuous
TIME_R26_GAPS_2014,continuous
TIME_R26_TRAIN_2014,continuous
TIME_R26_PHILANTHROPY_2014,continuous
TIME_R26_SP_LABOR_2014,continuous
TIME_R26_FERTILITY_2014,continuous
TIME_R26_CHLDCARE_2014,continuous
TIME_R26_HEALTH_2014,continuous
TIME_R26_SMOKE_2014,continuous
TIME_R26_INCOME_2014,continuous
TIME_R26_EDUEXP_2014,continuous
TIME_R26_ATTITUDE_2014,continuous
TIME_R26_RISK_2014,continuous
TIME_R26_RETIRE_2014,continuous
TIME_R26_WILLS_2014,continuous
TIME_R26_FORECLOSE_2014,continuous
TIME_R26_FIN_LIT_2014,continuous
TIME_R26_INT_END_2014,continuous
TIME_R26_LOCATOR_2014,continuous
TIME_R26_FI_REMARKS_2014,continuous
HGC_EVER_XRND,continuous
HIGHEST_DEGREE_EVER_XRND,categorical_ordinal
CAL_YEAR_JOB1_1979_XRND,year
CAL_YEAR_JOB2_1979_XRND,year
CAL_YEAR_JOB3_1979_XRND,year
CAL_YEAR_JOBS_1979_XRND,year
LASTINT_#JOBS_1979_XRND,continuous
WKS_NWMISSC_1979_XRND,continuous
WKS_NWMISSL_1979_XRND,continuous
LASTINT_#JOBS_1980_XRND,continuous
CAL_YEAR_JOB1_1981_XRND,year
CAL_YEAR_JOB2_1981_XRND,year
CAL_YEAR_JOB3_1981_XRND,year
CAL_YEAR_JOB4_1981_XRND,year
CAL_YEAR_JOBS_1981_XRND,year
LASTINT_#JOBS_1981_XRND,continuous
START_WK#_1981_JOB#01_XRND,continuous
STOP_WK#_1981_JOB#01_XRND,continuous
CAL_YEAR_JOB1_1982_XRND,year
CAL_YEAR_JOB2_1982_XRND,year
CAL_YEAR_JOB3_1982_XRND,year
CAL_YEAR_JOB4_1982_XRND,year
CAL_YEAR_JOBS_1982_XRND,year
LASTINT_#JOBS_1982_XRND,continuous
START_WK#_1982_JOB#01_XRND,continuous
STOP_WK#_1982_JOB#01_XRND,continuous
CAL_YEAR_JOB1_1983_XRND,year
CAL_YEAR_JOB2_1983_XRND,year
CAL_YEAR_JOB3_1983_XRND,year
CAL_YEAR_JOB4_1983_XRND,year
CAL_YEAR_JOBS_1983_XRND,year
LASTINT_#JOBS_1983_XRND,continuous
START_WK#_1983_JOB#01_XRND,continuous
STOP_WK#_1983_JOB#01_XRND,continuous
CAL_YEAR_JOB1_1984_XRND,year
CAL_YEAR_JOB2_1984_XRND,year
CAL_YEAR_JOB3_1984_XRND,year
CAL_YEAR_JOBS_1984_XRND,year
LASTINT_#JOBS_1984_XRND,continuous
START_WK#_1984_JOB#01_XRND,continuous
STOP_WK#_1984_JOB#01_XRND,continuous
CAL_YEAR_JOB1_1985_XRND,year
CAL_YEAR_JOB2_1985_XRND,year
CAL_YEAR_JOB3_1985_XRND,year
CAL_YEAR_JOB4_1985_XRND,year
CAL_YEAR_JOBS_1985_XRND,year
LASTINT_#JOBS_1985_XRND,continuous
START_WK#_1985_JOB#01_XRND,continuous
STOP_WK#_1985_JOB#01_XRND,continuous
CAL_YEAR_JOB1_1986_XRND,year
CAL_YEAR_JOB2_1986_XRND,year
CAL_YEAR_JOB3_1986_XRND,year
CAL_YEAR_JOB4_1986_XRND,year
CAL_YEAR_JOBS_1986_XRND,year
LASTINT_#JOBS_1986_XRND,continuous
START_WK#_1986_JOB#01_XRND,continuous
STOP_WK#_1986_JOB#01_XRND,continuous
CAL_YEAR_JOB1_1987_XRND,year
CAL_YEAR_JOB2_1987_XRND,year
CAL_YEAR_JOB3_1987_XRND,year
CAL_YEAR_JOBS_1987_XRND,year
LASTINT_#JOBS_1987_XRND,continuous
START_WK#_1987_JOB#01_XRND,continuous
STOP_WK#_1987_JOB#01_XRND,continuous
CAL_YEAR_JOB1_1988_XRND,year
CAL_YEAR_JOB2_1988_XRND,year
CAL_YEAR_JOB3_1988_XRND,year
CAL_YEAR_JOBS_1988_XRND,year
LASTINT_#JOBS_1988_XRND,continuous
START_WK#_1988_JOB#01_XRND,continuous
STOP_WK#_1988_JOB#01_XRND,continuous
CAL_YEAR_JOB1_1989_XRND,year
CAL_YEAR_JOB2_1989_XRND,year
CAL_YEAR_JOB3_1989_XRND,year
CAL_YEAR_JOBS_1989_XRND,year
LASTINT_#JOBS_1989_XRND,continuous
START_WK#_1989_JOB#01_XRND,continuous
STOP_WK#_1989_JOB#01_XRND,continuous
CAL_YEAR_JOB1_1990_XRND,year
CAL_YEAR_JOB2_1990_XRND,year
CAL_YEAR_JOB3_1990_XRND,year
CAL_YEAR_JOBS_1990_XRND,year
LASTINT_#JOBS_1990_XRND,continuous
START_WK#_1990_JOB#01_XRND,continuous
STOP_WK#_1990_JOB#01_XRND,continuous
CAL_YEAR_JOB1_1991_XRND,year
CAL_YEAR_JOB2_1991_XRND,year
CAL_YEAR_JOB3_1991_XRND,year
CAL_YEAR_JOBS_1991_XRND,year
LASTINT_#JOBS_1991_XRND,continuous
START_WK#_1991_JOB#01_XRND,continuous
STOP_WK#_1991_JOB#01_XRND,continuous
CAL_YEAR_JOB1_1992_XRND,year
CAL_YEAR_JOB2_1992_XRND,year
CAL_YEAR_JOB3_1992_XRND,year
CAL_YEAR_JOBS_1992_XRND,year
LASTINT_#JOBS_1992_XRND,continuous
START_WK#_1992_JOB#01_XRND,continuous
STOP_WK#_1992_JOB#01_XRND,continuous
CAL_YEAR_JOB1_1993_XRND,year
CAL_YEAR_JOB2_1993_XRND,year
CAL_YEAR_JOB3_1993_XRND,year
CAL_YEAR_JOBS_1993_XRND,year
LASTINT_#JOBS_1993_XRND,continuous
START_WK#_1993_JOB#01_XRND,continuous
STOP_WK#_1993_JOB#01_XRND,continuous
CAL_YEAR_JOB1_1994_XRND,year
CAL_YEAR_JOB2_1994_XRND,year
CAL_YEAR_JOB3_1994_XRND,year
CAL_YEAR_JOBS_1994_XRND,year
LASTINT_#JOBS_1994_XRND,continuous
START_WK#_1994_JOB#01_XRND,continuous
STOP_WK#_1994_JOB#01_XRND,continuous
CAL_YEAR_JOB1_1996_XRND,year
CAL_YEAR_JOB2_1996_XRND,year
CAL_YEAR_JOB3_1996_XRND,year
CAL_YEAR_JOBS_1996_XRND,year
LASTINT_#JOBS_1996_XRND,continuous
START_WK#_1996_JOB#01_XRND,continuous
STOP_WK#_1996_JOB#01_XRND,continuous
CAL_YEAR_JOB1_1998_XRND,year
CAL_YEAR_JOB2_1998_XRND,year
CAL_YEAR_JOBS_1998_XRND,year
LASTINT_#JOBS_1998_XRND,continuous
START_WK#_1998_JOB#01_XRND,continuous
STOP_WK#_1998_JOB#01_XRND,continuous
CAL_YEAR_JOB1_2000_XRND,year
CAL_YEAR_JOB2_2000_XRND,year
CAL_YEAR_JOBS_2000_XRND,year
LASTINT_#JOBS_2000_XRND,continuous
START_WK#_2000_JOB#01_XRND,continuous
STOP_WK#_2000_JOB#01_XRND,continuous
CAL_YEAR_JOB1_2002_XRND,year
CAL_YEAR_JOB2_2002_XRND,year
CAL_YEAR_JOBS_2002_XRND,year
LASTINT_#JOBS_2002_XRND,continuous
START_WK#_2002_JOB#01_XRND,continuous
STOP_WK#_2002_JOB#01_XRND,continuous
CAL_YEAR_JOB1_2004_XRND,year
CAL_YEAR_JOB2_2004_XRND,year
CAL_YEAR_JOBS_2004_XRND,year
LASTINT_#JOBS_2004_XRND,continuous
START_WK#_2004_JOB#01_XRND,continuous
STOP_WK#_2004_JOB#01_XRND,continuous
CAL_YEAR_JOB1_2006_XRND,year
CAL_YEAR_JOB2_2006_XRND,year
CAL_YEAR_JOBS_2006_XRND,year
LASTINT_#JOBS_2006_XRND,continuous
START_WK#_2006_JOB#01_XRND,continuous
STOP_WK#_2006_JOB#01_XRND,continuous
CAL_YEAR_JOB1_2008_XRND,year
CAL_YEAR_JOB2_2008_XRND,year
CAL_YEAR_JOBS_2008_XRND,year
LASTINT_#JOBS_2008_XRND,continuous
START_WK#_2008_JOB#01_XRND,continuous
STOP_WK#_2008_JOB#01_XRND,continuous
CAL_YEAR_JOB1_2010_XRND,year
CAL_YEAR_JOB2_2010_XRND,year
CAL_YEAR_JOBS_2010_XRND,year
LASTINT_#JOBS_2010_XRND,continuous
START_WK#_2010_JOB#01_XRND,continuous
STOP_WK#_2010_JOB#01_XRND,continuous
CAL_YEAR_JOB1_2012_XRND,year
CAL_YEAR_JOB2_2012_XRND,year
CAL_YEAR_JOBS_2012_XRND,year
LASTINT_#JOBS_2012_XRND,continuous
START_WK#_2012_JOB#01_XRND,continuous
STOP_WK#_2012_JOB#01_XRND,continuous
CAL_YEAR_JOB1_2014_XRND,year
CAL_YEAR_JOB2_2014_XRND,year
CAL_YEAR_JOBS_2014_XRND,year
LASTINT_#JOBS_2014_XRND,continuous
COGNITION_SOURCEYR_XRND,categorical_nominal
COGNITION_C1_XRND,categorical_ordinal
COGNITION_C2_XRND,categorical_ordinal
COGNITION_WORD_LIST_XRND,categorical_nominal
COGNITION_CHK3A_XRND,categorical_nominal
COGNITION_4_CHK4~000004_XRND,binary
COGNITION_6J_XRND,categorical_nominal
COGNITION_7A_XRND,continuous
COGNITION_7B_XRND,continuous
COGNITION_7C_XRND,continuous
COGNITION_7D_XRND,continuous
COGNITION_7E_XRND,continuous
BUSOWN-1_XRND,binary
BUSOWN-23B_XRND,binary
BUSOWN-29_XRND,binary
rotter_score_2,continuous
fam-1b_mean_n0005_s04,continuous
fam-1b_std_n0005_s04,continuous
fam-1b_trend_n0005_s04,continuous
fam-2a_prop_positive_n0003_s04,continuous
fam-2a_prop_shifts_n0003_s04,continuous
r_rel-3_mean_n0004_s33,continuous
r_rel-3_std_n0004_s33,continuous
r_rel-3_trend_n0004_s33,continuous
q3-4_mean_n0005_s35,continuous
q3-4_std_n0005_s35,continuous
q3-4_trend_n0005_s35,continuous
school-30_mean_n0003_s03,continuous
school-30_std_n0003_s03,continuous
school-30_trend_n0003_s03,continuous
school-31_mean_n0003_s03,continuous
school-31_std_n0003_s03,continuous
school-31_trend_n0003_s03,continuous
mil-72_mean_n0007_s06,continuous
mil-72_std_n0007_s06,continuous
mil-72_trend_n0007_s06,continuous
mil-73_mode_n0007_s06,categorical_nominal
mil-73_entropy_n0007_s06,continuous
q6-1_mean_n0015_s14,continuous
q6-1_std_n0015_s14,continuous
q6-1_trend_n0015_s14,continuous
cpsmil_prop_positive_n0022_s31,continuous
cpsmil_prop_shifts_n0022_s31,continuous
onjobs-17_prop_positive_n0006_s05,continuous
onjobs-17_prop_shifts_n0006_s05,continuous
govt-1_prop_positive_n0005_s04,continuous
govt-1_prop_shifts_n0005_s04,continuous
q8-18_prop_positive_n0020_s35,continuous
q8-18_prop_shifts_n0020_s35,continuous
q11-2_prop_positive_n0016_s17,continuous
q11-2_prop_shifts_n0016_s17,continuous
q11-4_prop_positive_n0026_s35,continuous
q11-4_prop_shifts_n0026_s35,continuous
q11-5_prop_positive_n0026_s35,continuous
q11-5_prop_shifts_n0026_s35,continuous
q11-5a_prop_positive_n0026_s35,continuous
q11-5a_prop_shifts_n0026_s35,continuous
womens-roles_000001_mean_n0003_s08,continuous
womens-roles_000001_std_n0003_s08,continuous
womens-roles_000001_trend_n0003_s08,continuous
womens-roles_000002_mean_n0003_s08,continuous
womens-roles_000002_std_n0003_s08,continuous
womens-roles_000002_trend_n0003_s08,continuous
womens-roles_000003_mean_n0003_s08,continuous
womens-roles_000003_std_n0003_s08,continuous
womens-roles_000003_trend_n0003_s08,continuous
womens-roles_000004_mean_n0003_s08,continuous
womens-roles_000004_std_n0003_s08,continuous
womens-roles_000004_trend_n0003_s08,continuous
womens-roles_000005_mean_n0003_s08,continuous
womens-roles_000005_std_n0003_s08,continuous
womens-roles_000005_trend_n0003_s08,continuous
womens-roles_000006_mean_n0003_s08,continuous
womens-roles_000006_std_n0003_s08,continuous
womens-roles_000006_trend_n0003_s08,continuous
womens-roles_000007_mean_n0003_s08,continuous
womens-roles_000007_std_n0003_s08,continuous
womens-roles_000007_trend_n0003_s08,continuous
womens-roles_000008_mean_n0003_s08,continuous
womens-roles_000008_std_n0003_s08,continuous
womens-roles_000008_trend_n0003_s08,continuous
income-1c_2_prop_positive_n0004_s03,continuous
income-1c_2_prop_shifts_n0004_s03,continuous
income-27a_prop_positive_n0006_s05,continuous
income-27a_prop_shifts_n0006_s05,continuous
q13-116_prop_positive_n0023_s33,continuous
q13-116_prop_shifts_n0023_s33,continuous
exp-1_mode_n0005_s04,categorical_nominal
exp-1_entropy_n0005_s04,continuous
time-min_mean_n0012_s12,continuous
time-min_std_n0012_s12,continuous
time-min_trend_n0012_s12,continuous
curdate~m_g1_mean_n0015_s14,continuous
curdate~m_g1_std_n0015_s14,continuous
curdate~m_g1_trend_n0015_s14,continuous
q15-1_mean_n0017_s19,continuous
q15-1_std_n0017_s19,continuous
q15-1_trend_n0017_s19,continuous
q15-4_mean_n0026_s35,continuous
q15-4_std_n0026_s35,continuous
q15-4_trend_n0026_s35,continuous
q15-5_mean_n0026_s35,continuous
q15-5_std_n0026_s35,continuous
q15-5_trend_n0026_s35,continuous
q15-6_g1_prop_positive_n0009_s08,continuous
q15-6_g1_prop_shifts_n0009_s08,continuous
intchars_int_id_mean_n0026_s35,continuous
intchars_int_id_std_n0026_s35,continuous
intchars_int_id_trend_n0026_s35,continuous
intchars_race_mode_n0023_s33,categorical_nominal
intchars_race_entropy_n0023_s33,continuous
intchars_sex_prop_positive_n0024_s35,continuous
intchars_sex_prop_shifts_n0024_s35,continuous
intchars_age_mean_n0023_s33,continuous
intchars_age_std_n0023_s33,continuous
intchars_age_trend_n0023_s33,continuous
intchars_education_mean_n0021_s33,continuous
intchars_education_std_n0021_s33,continuous
intchars_education_trend_n0021_s33,continuous
hhi_final_gencode.01_prop_positive_n0025_s33,continuous
hhi_final_gencode.01_prop_shifts_n0025_s33,continuous
hhi_final_relcode.01_mean_n0025_s33,continuous
hhi_final_relcode.01_std_n0025_s33,continuous
hhi_final_relcode.01_trend_n0025_s33,continuous
hhi_final_age.01_mean_n0025_s33,continuous
hhi_final_age.01_std_n0025_s33,continuous
hhi_final_age.01_trend_n0025_s33,continuous
hhi_final_gradecode.01_mean_n0025_s33,continuous
hhi_final_gradecode.01_std_n0025_s33,continuous
hhi_final_gradecode.01_trend_n0025_s33,continuous
hhi_final_work.01_prop_positive_n0015_s14,continuous
hhi_final_work.01_prop_shifts_n0015_s14,continuous
hhi_final_fu_g1_mean_n0030_s13,continuous
hhi_final_fu_g1_std_n0030_s13,continuous
hhi_final_fu_g1_trend_n0030_s13,continuous
hhi_final_gencode.02_prop_positive_n0014_s13,continuous
hhi_final_gencode.02_prop_shifts_n0014_s13,continuous
hhi_final_relcode.02_mean_n0014_s13,continuous
hhi_final_relcode.02_std_n0014_s13,continuous
hhi_final_relcode.02_trend_n0014_s13,continuous
hhi_final_age.02_mean_n0014_s13,continuous
hhi_final_age.02_std_n0014_s13,continuous
hhi_final_age.02_trend_n0014_s13,continuous
hhi_final_gradecode.02_mean_n0014_s13,continuous
hhi_final_gradecode.02_std_n0014_s13,continuous
hhi_final_gradecode.02_trend_n0014_s13,continuous
hhi_final_work.02_prop_positive_n0007_s06,continuous
hhi_final_work.02_prop_shifts_n0007_s06,continuous
hhi_final_gencode.03_prop_positive_n0003_s02,continuous
hhi_final_gencode.03_prop_shifts_n0003_s02,continuous
hhi_final_relcode.03_mean_n0003_s02,continuous
hhi_final_relcode.03_std_n0003_s02,continuous
hhi_final_relcode.03_trend_n0003_s02,continuous
hhi_final_age.03_mean_n0003_s02,continuous
hhi_final_age.03_std_n0003_s02,continuous
hhi_final_age.03_trend_n0003_s02,continuous
hhi-24_mode_n0007_s07,categorical_nominal
hhi-24_entropy_n0007_s07,continuous
hhi-26_entropy_n0009_s08,continuous
hhi-29_mean_n0014_s13,continuous
hhi-29_std_n0014_s13,continuous
hhi-29_trend_n0014_s13,continuous
hhi-33_mean_n0013_s12,continuous
hhi-33_std_n0013_s12,continuous
hhi-33_trend_n0013_s12,continuous
hhi-34_prop_positive_n0012_s13,continuous
hhi-34_prop_shifts_n0012_s13,continuous
hhi-35_entropy_n0013_s13,continuous
q15-12_mean_n0022_s27,continuous
q15-12_std_n0022_s27,continuous
q15-12_trend_n0022_s27,continuous
esr_key_mode_n0019_s27,categorical_nominal
esr_key_entropy_n0019_s27,continuous
esr_col_mode_n0019_s27,categorical_nominal
esr_col_entropy_n0019_s27,continuous
urban-rural_g1_prop_positive_n0018_s19,continuous
urban-rural_g1_prop_shifts_n0018_s19,continuous
smsares_mode_n0026_s35,categorical_nominal
smsares_entropy_n0026_s35,continuous
wkswk-sli_mean_n0026_s35,continuous
wkswk-sli_std_n0026_s35,continuous
wkswk-sli_trend_n0026_s35,continuous
wksunacct-sli_mean_n0026_s35,continuous
wksunacct-sli_std_n0026_s35,continuous
wksunacct-sli_trend_n0026_s35,continuous
wkssinceli_mean_n0026_s35,continuous
wkssinceli_std_n0026_s35,continuous
wkssinceli_trend_n0026_s35,continuous
wkswk-pcy_mean_n0025_s35,continuous
wkswk-pcy_std_n0025_s35,continuous
wkswk-pcy_trend_n0025_s35,continuous
wksunacct-pcy_mean_n0025_s35,continuous
wksunacct-pcy_std_n0025_s35,continuous
wksunacct-pcy_trend_n0025_s35,continuous
jobsnum_mean_n0026_s35,continuous
jobsnum_std_n0026_s35,continuous
jobsnum_trend_n0026_s35,continuous
sampweight_mean_n0026_s35,continuous
sampweight_std_n0026_s35,continuous
sampweight_trend_n0026_s35,continuous
c_sampweight_mean_n0026_s35,continuous
c_sampweight_std_n0026_s35,continuous
c_sampweight_trend_n0026_s35,continuous
region_mode_n0026_s35,categorical_nominal
region_entropy_n0026_s35,continuous
ageatint_mean_n0026_s35,continuous
ageatint_std_n0026_s35,continuous
ageatint_trend_n0026_s35,continuous
marstat-col_mean_n0026_s35,continuous
marstat-col_std_n0026_s35,continuous
marstat-col_trend_n0026_s35,continuous
marstat-key_mean_n0026_s35,continuous
marstat-key_std_n0026_s35,continuous
marstat-key_trend_n0026_s35,continuous
famsize_mean_n0026_s35,continuous
famsize_std_n0026_s35,continuous
famsize_trend_n0026_s35,continuous
tnfi_trunc_mean_n0026_s35,continuous
tnfi_trunc_std_n0026_s35,continuous
tnfi_trunc_trend_n0026_s35,continuous
povstatus_prop_positive_n0026_s35,continuous
povstatus_prop_shifts_n0026_s35,continuous
povstatus_oldstnd_prop_positive_n0016_s15,continuous
povstatus_oldstnd_prop_shifts_n0016_s15,continuous
q2-3a_prop_positive_n0025_s34,continuous
q2-3a_prop_shifts_n0025_s34,continuous
q3-1_prop_positive_n0025_s34,continuous
q3-1_prop_shifts_n0025_s34,continuous
q4-3_prop_positive_n0013_s12,continuous
q4-3_prop_shifts_n0013_s12,continuous
q4-8_prop_positive_n0025_s34,continuous
q4-8_prop_shifts_n0025_s34,continuous
mil-65_prop_positive_n0006_s05,continuous
mil-65_prop_shifts_n0006_s05,continuous
mil-66_prop_positive_n0006_s05,continuous
mil-66_prop_shifts_n0006_s05,continuous
onjobs-37_prop_positive_n0008_s07,continuous
onjobs-37_prop_shifts_n0008_s07,continuous
onjobs-6_prop_positive_n0006_s06,continuous
onjobs-6_prop_shifts_n0006_s06,continuous
onjobs-15_prop_positive_n0005_s04,continuous
onjobs-15_prop_shifts_n0005_s04,continuous
onjobs-39_prop_positive_n0007_s06,continuous
onjobs-39_prop_shifts_n0007_s06,continuous
onjobs-22_prop_positive_n0005_s04,continuous
onjobs-22_prop_shifts_n0005_s04,continuous
alldli_prop_positive_n0015_s16,continuous
alldli_prop_shifts_n0015_s16,continuous
qes-b_mean_n0024_s32,continuous
qes-b_std_n0024_s32,continuous
qes-b_trend_n0024_s32,continuous
onjobs-43_prop_positive_n0013_s12,continuous
onjobs-43_prop_shifts_n0013_s12,continuous
q8-7c_prop_positive_n0017_s34,continuous
q8-7c_prop_shifts_n0017_s34,continuous
q3-10a_prop_positive_n0003_s03,continuous
q3-10a_prop_shifts_n0003_s03,continuous
degree-2_prop_positive_n0005_s04,continuous
degree-2_prop_shifts_n0005_s04,continuous
rosenberg_esteem~000001_mean_n0003_s26,continuous
rosenberg_esteem~000001_std_n0003_s26,continuous
rosenberg_esteem~000001_trend_n0003_s26,continuous
rosenberg_esteem~000002_mean_n0003_s26,continuous
rosenberg_esteem~000002_std_n0003_s26,continuous
rosenberg_esteem~000002_trend_n0003_s26,continuous
rosenberg_esteem~000003_mean_n0003_s26,continuous
rosenberg_esteem~000003_std_n0003_s26,continuous
rosenberg_esteem~000003_trend_n0003_s26,continuous
rosenberg_esteem~000004_mean_n0003_s26,continuous
rosenberg_esteem~000004_std_n0003_s26,continuous
rosenberg_esteem~000004_trend_n0003_s26,continuous
rosenberg_esteem~000005_mean_n0003_s26,continuous
rosenberg_esteem~000005_std_n0003_s26,continuous
rosenberg_esteem~000005_trend_n0003_s26,continuous
rosenberg_esteem~000006_mean_n0003_s26,continuous
rosenberg_esteem~000006_std_n0003_s26,continuous
rosenberg_esteem~000006_trend_n0003_s26,continuous
rosenberg_esteem~000007_mean_n0003_s26,continuous
rosenberg_esteem~000007_std_n0003_s26,continuous
rosenberg_esteem~000007_trend_n0003_s26,continuous
rosenberg_esteem~000008_mean_n0003_s26,continuous
rosenberg_esteem~000008_std_n0003_s26,continuous
rosenberg_esteem~000008_trend_n0003_s26,continuous
rosenberg_esteem~000009_mean_n0003_s26,continuous
rosenberg_esteem~000009_std_n0003_s26,continuous
rosenberg_esteem~000009_trend_n0003_s26,continuous
rosenberg_esteem~000010_mean_n0003_s26,continuous
rosenberg_esteem~000010_std_n0003_s26,continuous
rosenberg_esteem~000010_trend_n0003_s26,continuous
rosenberg_esteem_score_mean_n0003_s26,continuous
rosenberg_esteem_score_std_n0003_s26,continuous
rosenberg_esteem_score_trend_n0003_s26,continuous
rosenberg_irt_score_mean_n0003_s26,continuous
rosenberg_irt_score_std_n0003_s26,continuous
rosenberg_irt_score_trend_n0003_s26,continuous
rosenberg_zscorecw_mean_n0003_s26,continuous
rosenberg_zscorecw_std_n0003_s26,continuous
rosenberg_zscorecw_trend_n0003_s26,continuous
rosenberg_zscorecw_percentile_mean_n0003_s26,continuous
rosenberg_zscorecw_percentile_std_n0003_s26,continuous
rosenberg_zscorecw_percentile_trend_n0003_s26,continuous
q13int-time_mean_n0013_s34,continuous
q13int-time_std_n0013_s34,continuous
q13int-time_trend_n0013_s34,continuous
q15-3_trend_n0025_s34,continuous
intmode_mode_n0012_s34,categorical_nominal
intmode_entropy_n0012_s34,continuous
intchars_yrsintr_mean_n0025_s34,continuous
intchars_yrsintr_std_n0025_s34,continuous
intchars_yrsintr_trend_n0025_s34,continuous
lintdate_m_mean_n0013_s12,continuous
lintdate_m_std_n0013_s12,continuous
lintdate_m_trend_n0013_s12,continuous
itemli_1_prop_shifts_n0008_s07,continuous
marstat_mean_n0003_s03,continuous
marstat_std_n0003_s03,continuous
marstat_trend_n0003_s03,continuous
itemli_2_prop_shifts_n0004_s06,continuous
itemli_4_prop_shifts_n0006_s07,continuous
itemli_5_prop_shifts_n0006_s07,continuous
itemli_6_prop_shifts_n0007_s06,continuous
diplomaged_prop_positive_n0016_s16,continuous
diplomaged_prop_shifts_n0016_s16,continuous
itemli_7_prop_shifts_n0005_s06,continuous
itemli_8_prop_positive_n0008_s07,continuous
itemli_8_prop_shifts_n0008_s07,continuous
itemli_9_prop_shifts_n0004_s07,continuous
itemli_10_prop_shifts_n0003_s04,continuous
itemli_13_prop_positive_n0008_s07,continuous
itemli_13_prop_shifts_n0008_s07,continuous
itemli_14_prop_shifts_n0008_s07,continuous
itemli_15_prop_shifts_n0007_s06,continuous
itemli_16_prop_positive_n0006_s05,continuous
itemli_16_prop_shifts_n0006_s05,continuous
hhr_li_mode_n0005_s04,categorical_nominal
hhr_li_entropy_n0005_s04,continuous
address_prop_positive_n0004_s03,continuous
address_prop_shifts_n0004_s03,continuous
hh5-10_prop_positive_n0013_s12,continuous
hh5-10_prop_shifts_n0013_s12,continuous
doi_employed_prop_positive_n0025_s34,continuous
doi_employed_prop_shifts_n0025_s34,continuous
doi_disabled_prop_positive_n0024_s34,continuous
doi_disabled_prop_shifts_n0024_s34,continuous
hrswk-sli_mean_n0025_s34,continuous
hrswk-sli_std_n0025_s34,continuous
hrswk-sli_trend_n0025_s34,continuous
wksuemp-sli_mean_n0025_s34,continuous
wksuemp-sli_std_n0025_s34,continuous
wksuemp-sli_trend_n0025_s34,continuous
wksolf-sli_mean_n0025_s34,continuous
wksolf-sli_std_n0025_s34,continuous
wksolf-sli_trend_n0025_s34,continuous
fam-sinceli_mean_n0004_s03,continuous
fam-sinceli_std_n0004_s03,continuous
fam-sinceli_trend_n0004_s03,continuous
fam-wkswk_mean_n0004_s03,continuous
fam-wkswk_std_n0004_s03,continuous
fam-wkswk_trend_n0004_s03,continuous
fam-acctwks_prop_positive_n0004_s03,continuous
fam-acctwks_prop_shifts_n0004_s03,continuous
q7-7_prop_positive_n0015_s15,continuous
q7-7_prop_shifts_n0015_s15,continuous
health-height_mean_n0003_s04,continuous
health-height_std_n0003_s04,continuous
health-height_trend_n0003_s04,continuous
q11-9_mean_n0020_s33,continuous
q11-9_std_n0020_s33,continuous
q11-9_trend_n0020_s33,continuous
q13-10_prop_positive_n0024_s33,continuous
q13-10_prop_shifts_n0024_s33,continuous
q13-2_prop_positive_n0024_s33,continuous
q13-2_prop_shifts_n0024_s33,continuous
q13-5_mean_n0017_s19,continuous
q13-5_std_n0017_s19,continuous
q13-5_trend_n0017_s19,continuous
q13-6_prop_positive_n0024_s33,continuous
q13-6_prop_shifts_n0024_s33,continuous
q13-7_prop_positive_n0024_s33,continuous
q13-7_prop_shifts_n0024_s33,continuous
income-4a_prop_positive_n0012_s11,continuous
income-4a_prop_shifts_n0012_s11,continuous
income-5_prop_positive_n0008_s07,continuous
income-5_prop_shifts_n0008_s07,continuous
q13a-43a_prop_positive_n0016_s17,continuous
q13a-43a_prop_shifts_n0016_s17,continuous
q13f-43a_prop_positive_n0016_s17,continuous
q13f-43a_prop_shifts_n0016_s17,continuous
income-9_prop_positive_n0012_s11,continuous
income-9_prop_shifts_n0012_s11,continuous
income-8_prop_positive_n0004_s03,continuous
income-8_prop_shifts_n0004_s03,continuous
q13-59_prop_positive_n0024_s33,continuous
q13-59_prop_shifts_n0024_s33,continuous
q13-60_prop_positive_n0024_s33,continuous
q13-60_prop_shifts_n0024_s33,continuous
q13-61_prop_positive_n0019_s27,continuous
q13-61_prop_shifts_n0019_s27,continuous
q13-69_prop_positive_n0017_s19,continuous
q13-69_prop_shifts_n0017_s19,continuous
q13-74_prop_positive_n0023_s33,continuous
q13-74_prop_shifts_n0023_s33,continuous
income-14_mode_n0006_s05,categorical_nominal
income-14_entropy_n0006_s05,continuous
income-18_prop_positive_n0008_s07,continuous
income-18_prop_shifts_n0008_s07,continuous
income-19_prop_positive_n0008_s07,continuous
income-19_prop_shifts_n0008_s07,continuous
lintdate_y_mean_n0012_s11,continuous
lintdate_y_std_n0012_s11,continuous
lintdate_y_trend_n0012_s11,continuous
rdob_m_mean_n0003_s02,continuous
rdob_m_trend_n0003_s02,continuous
rdob_y_mean_n0003_s02,continuous
rdob_y_trend_n0003_s02,continuous
es-1_1_mode_n0007_s06,categorical_nominal
es-1_1_entropy_n0007_s06,continuous
employer_startdate.01~m_mode_n0022_s31,categorical_nominal
employer_startdate.01~m_entropy_n0022_s31,continuous
employer_startdate.01~y_mean_n0022_s31,continuous
employer_startdate.01~y_std_n0022_s31,continuous
employer_startdate.01~y_trend_n0022_s31,continuous
qes-23.01_prop_positive_n0023_s31,continuous
qes-23.01_prop_shifts_n0023_s31,continuous
tenure1_mean_n0023_s31,continuous
tenure1_std_n0023_s31,continuous
tenure1_trend_n0023_s31,continuous
qes-28.01_prop_positive_n0023_s31,continuous
qes-28.01_prop_shifts_n0023_s31,continuous
qes-52.01_prop_positive_n0013_s12,continuous
qes-52.01_prop_shifts_n0013_s12,continuous
phone_prop_positive_n0003_s02,continuous
phone_prop_shifts_n0003_s02,continuous
wksuemp-pcy_mean_n0024_s33,continuous
wksuemp-pcy_std_n0024_s33,continuous
wksuemp-pcy_trend_n0024_s33,continuous
wksolf-pcy_mean_n0024_s33,continuous
wksolf-pcy_std_n0024_s33,continuous
wksolf-pcy_trend_n0024_s33,continuous
hrswk-pcy_mean_n0024_s33,continuous
hrswk-pcy_std_n0024_s33,continuous
hrswk-pcy_trend_n0024_s33,continuous
job_uid_emproster1_mean_n0023_s31,continuous
job_uid_emproster1_std_n0023_s31,continuous
job_uid_emproster1_trend_n0023_s31,continuous
q3-7_prop_positive_n0023_s32,continuous
q3-7_prop_shifts_n0023_s32,continuous
school-22_prop_positive_n0005_s04,continuous
school-22_prop_shifts_n0005_s04,continuous
cpsind70_mode_n0012_s11,categorical_nominal
cpsind70_entropy_n0012_s11,continuous
cpsocc70_mode_n0012_s11,categorical_nominal
cpsocc70_entropy_n0012_s11,continuous
cps-qes-56l_prop_positive_n0012_s11,continuous
cps-qes-56l_prop_shifts_n0012_s11,continuous
cps-qes-56c_mode_n0012_s11,categorical_nominal
cps-qes-56c_entropy_n0012_s11,continuous
cps-qes-52a_mean_n0012_s11,continuous
cps-qes-52a_std_n0012_s11,continuous
cps-qes-52a_trend_n0012_s11,continuous
cps-qes-84a_prop_positive_n0007_s11,continuous
cps-qes-84a_prop_shifts_n0007_s11,continuous
cps-qes-86a_g1_mode_n0003_s03,categorical_nominal
cps-qes-86a_g1_entropy_n0003_s03,continuous
cps-qes-89_mean_n0011_s11,continuous
cps-qes-89_std_n0011_s11,continuous
cps-qes-89_trend_n0011_s11,continuous
otherwk_prop_positive_n0019_s28,continuous
otherwk_prop_shifts_n0019_s28,continuous
onjobs-19_prop_shifts_n0003_s02,continuous
govt-3_prop_shifts_n0005_s04,continuous
govt-2_prop_positive_n0006_s05,continuous
govt-2_prop_shifts_n0006_s05,continuous
alch-1_prop_positive_n0006_s07,continuous
alch-1_prop_shifts_n0006_s07,continuous
q12-3_prop_positive_n0013_s32,continuous
q12-3_prop_shifts_n0013_s32,continuous
q12-8_mode_n0013_s32,categorical_nominal
q12-8_entropy_n0013_s32,continuous
q13-5_trunc_revised_mean_n0016_s18,continuous
q13-5_trunc_revised_std_n0016_s18,continuous
q13-5_trunc_revised_trend_n0016_s18,continuous
income-2a_prop_positive_n0012_s11,continuous
income-2a_prop_shifts_n0012_s11,continuous
income-5e_prop_positive_n0007_s06,continuous
income-5e_prop_shifts_n0007_s06,continuous
income-12_prop_positive_n0003_s02,continuous
income-12_prop_shifts_n0003_s02,continuous
q13-117_prop_positive_n0015_s18,continuous
q13-117_prop_shifts_n0015_s18,continuous
q11-86b_prop_positive_n0007_s11,continuous
q11-86b_prop_shifts_n0007_s11,continuous
q15-2_prop_positive_n0014_s16,continuous
q15-2_prop_shifts_n0014_s16,continuous
marcode_mean_n0013_s14,continuous
marcode_std_n0013_s14,continuous
marcode_trend_n0013_s14,continuous
milcode_mean_n0014_s14,continuous
milcode_std_n0014_s14,continuous
milcode_trend_n0014_s14,continuous
cpsind80_mode_n0015_s16,categorical_nominal
cpsind80_entropy_n0015_s16,continuous
cpsocc80_mode_n0015_s16,categorical_nominal
cpsocc80_entropy_n0015_s16,continuous
qes-52a.01_mean_n0005_s18,continuous
qes-52a.01_std_n0005_s18,continuous
qes-52a.01_trend_n0005_s18,continuous
qes-51.01_mean_n0016_s18,continuous
qes-51.01_std_n0016_s18,continuous
qes-51.01_trend_n0016_s18,continuous
qes-govtjob-1.01_prop_positive_n0006_s05,continuous
qes-govtjob-1.01_prop_shifts_n0006_s05,continuous
cps-6c_prop_positive_n0005_s04,continuous
cps-6c_prop_shifts_n0005_s04,continuous
q2-1_prop_positive_n0018_s30,continuous
q2-1_prop_shifts_n0018_s30,continuous
mar-no_prop_positive_n0003_s02,continuous
mar-no_prop_shifts_n0003_s02,continuous
cpshrp_mean_n0011_s10,continuous
cpshrp_std_n0011_s10,continuous
cpshrp_trend_n0011_s10,continuous
q9-67_prop_positive_n0010_s16,continuous
q9-67_prop_shifts_n0010_s16,continuous
q11-86_prop_positive_n0004_s12,continuous
q11-86_prop_shifts_n0004_s12,continuous
ds-8_mean_n0005_s14,continuous
ds-8_std_n0005_s14,continuous
ds-8_trend_n0005_s14,continuous
payrate-all-emp.01_mean_n0020_s28,continuous
payrate-all-emp.01_std_n0020_s28,continuous
payrate-all-emp.01_trend_n0020_s28,continuous
hrp1_mean_n0019_s26,continuous
hrp1_std_n0019_s26,continuous
hrp1_trend_n0019_s26,continuous
qes-71a.01_mode_n0014_s16,categorical_nominal
qes-71a.01_entropy_n0014_s16,continuous
q4-16_g1_prop_positive_n0008_s07,continuous
q4-16_g1_prop_shifts_n0008_s07,continuous
onjobs-44_prop_shifts_n0003_s02,continuous
tnfw_trunc_mean_n0003_s02,continuous
tnfw_trunc_std_n0003_s02,continuous
tnfw_trunc_trend_n0003_s02,continuous
q13-121_prop_positive_n0012_s15,continuous
q13-121_prop_shifts_n0012_s15,continuous
q13-128_prop_positive_n0015_s27,continuous
q13-128_prop_shifts_n0015_s27,continuous
q13-133_prop_positive_n0012_s15,continuous
q13-133_prop_shifts_n0012_s15,continuous
q13-137_prop_positive_n0012_s15,continuous
q13-137_prop_shifts_n0012_s15,continuous
q13-139_prop_positive_n0012_s15,continuous
q13-139_prop_shifts_n0012_s15,continuous
hh1-1_entropy_n0020_s29,continuous
qes-88c.01_prop_positive_n0006_s06,continuous
qes-88c.01_prop_shifts_n0006_s06,continuous
leftmil_prop_positive_n0003_s02,continuous
leftmil_prop_shifts_n0003_s02,continuous
school-int_prop_positive_n0004_s06,continuous
school-int_prop_shifts_n0004_s06,continuous
cps-qes-firmsz1_prop_positive_n0008_s07,continuous
cps-qes-firmsz1_prop_shifts_n0008_s07,continuous
cps-qes-firmsz2_mean_n0008_s07,continuous
cps-qes-firmsz2_std_n0008_s07,continuous
cps-qes-firmsz2_trend_n0008_s07,continuous
cps-qes-86c.01_mean_n0004_s03,continuous
cps-qes-86c.01_std_n0004_s03,continuous
cps-qes-86c.01_trend_n0004_s03,continuous
cps-qes-86d.01_mean_n0004_s03,continuous
cps-qes-86d.01_std_n0004_s03,continuous
cps-qes-86d.01_trend_n0004_s03,continuous
qes-81.01_prop_positive_n0003_s12,continuous
qes-81.01_prop_shifts_n0003_s12,continuous
q2-4_g1_mode_n0005_s05,categorical_nominal
q2-4_g1_entropy_n0005_s05,continuous
q13-71_prop_positive_n0018_s27,continuous
q13-71_prop_shifts_n0018_s27,continuous
q13-79_prop_positive_n0018_s27,continuous
q13-79_prop_shifts_n0018_s27,continuous
qes-80.01_prop_positive_n0011_s13,continuous
qes-80.01_prop_shifts_n0011_s13,continuous
hh5-2_prop_positive_n0017_s26,continuous
hh5-2_prop_shifts_n0017_s26,continuous
q3-11_prop_positive_n0016_s26,continuous
q3-11_prop_shifts_n0016_s26,continuous
cps-hours_worked_week_all_mean_n0006_s05,continuous
cps-hours_worked_week_all_std_n0006_s05,continuous
cps-hours_worked_week_all_trend_n0006_s05,continuous
cps-qes-52b_mean_n0006_s05,continuous
cps-qes-52b_std_n0006_s05,continuous
cps-qes-52b_trend_n0006_s05,continuous
cps-qes-84b_prop_positive_n0006_s05,continuous
cps-qes-84b_prop_shifts_n0006_s05,continuous
cps-83_prop_positive_n0003_s02,continuous
cps-83_prop_shifts_n0003_s02,continuous
qes-84b.01_prop_positive_n0005_s12,continuous
qes-84b.01_prop_shifts_n0005_s12,continuous
q7-4_mean_n0008_s08,continuous
q7-4_std_n0008_s08,continuous
q7-4_trend_n0008_s08,continuous
q11-12_prop_positive_n0005_s05,continuous
q11-12_prop_shifts_n0005_s05,continuous
ds-12_mean_n0004_s10,continuous
ds-12_std_n0004_s10,continuous
ds-12_trend_n0004_s10,continuous
q13-124_prop_positive_n0009_s12,continuous
q13-124_prop_shifts_n0009_s12,continuous
q13-126_prop_positive_n0009_s12,continuous
q13-126_prop_shifts_n0009_s12,continuous
q15-6_g2_mode_n0017_s26,categorical_nominal
q15-6_g2_entropy_n0017_s26,continuous
q15-8_prop_positive_n0017_s26,continuous
q15-8_prop_shifts_n0017_s26,continuous
transcript_prop_positive_n0003_s02,continuous
transcript_prop_shifts_n0003_s02,continuous
es-1e_1_prop_positive_n0005_s04,continuous
es-1e_1_prop_shifts_n0005_s04,continuous
qes-45.01_prop_positive_n0016_s24,continuous
qes-45.01_prop_shifts_n0016_s24,continuous
hrp1_whrly2_mean_n0015_s22,continuous
hrp1_whrly2_std_n0015_s22,continuous
hrp1_whrly2_trend_n0015_s22,continuous
qes-92.01_prop_positive_n0008_s08,continuous
qes-92.01_prop_shifts_n0008_s08,continuous
q3-9_prop_positive_n0016_s25,continuous
q3-9_prop_shifts_n0016_s25,continuous
q9-22b_prop_positive_n0014_s23,continuous
q9-22b_prop_shifts_n0014_s23,continuous
q11-82_prop_positive_n0015_s25,continuous
q11-82_prop_shifts_n0015_s25,continuous
q11-79_prop_positive_n0014_s24,continuous
q11-79_prop_shifts_n0014_s24,continuous
income-5c_prop_positive_n0004_s03,continuous
income-5c_prop_shifts_n0004_s03,continuous
q11-93_prop_positive_n0004_s03,continuous
q11-93_prop_shifts_n0004_s03,continuous
q13-76_prop_positive_n0016_s25,continuous
q13-76_prop_shifts_n0016_s25,continuous
q13-77_mean_n0010_s13,continuous
q13-77_std_n0010_s13,continuous
q13-77_trend_n0010_s13,continuous
q13-78_mean_n0010_s13,continuous
q13-78_std_n0010_s13,continuous
q13-78_trend_n0010_s13,continuous
q13-134_prop_positive_n0008_s11,continuous
q13-134_prop_shifts_n0008_s11,continuous
q15-7_prop_positive_n0016_s25,continuous
q15-7_prop_shifts_n0016_s25,continuous
q15-9_prop_positive_n0016_s25,continuous
q15-9_prop_shifts_n0016_s25,continuous
qes-85.01_prop_positive_n0005_s04,continuous
qes-85.01_prop_shifts_n0005_s04,continuous
q4-1_prop_shifts_n0003_s02,continuous
cps-qes-86a_g2_mode_n0004_s03,categorical_nominal
cps-qes-86a_g2_entropy_n0004_s03,continuous
q8-3.01_prop_shifts_n0005_s04,continuous
q8-6b_prop_positive_n0003_s02,continuous
q8-6b_prop_shifts_n0003_s02,continuous
q13-44a_prop_positive_n0005_s04,continuous
q13-44a_prop_shifts_n0005_s04,continuous
q13-49_mean_n0004_s04,continuous
q13-49_std_n0004_s04,continuous
q13-49_trend_n0004_s04,continuous
q13-48_prop_positive_n0003_s02,continuous
q13-48_prop_shifts_n0003_s02,continuous
q13-50_prop_positive_n0005_s04,continuous
q13-50_prop_shifts_n0005_s04,continuous
q13-53_mean_n0004_s03,continuous
q13-53_std_n0004_s03,continuous
q13-53_trend_n0004_s03,continuous
q13-54_prop_positive_n0004_s03,continuous
q13-54_prop_shifts_n0004_s03,continuous
q13-58_prop_positive_n0015_s24,continuous
q13-58_prop_shifts_n0015_s24,continuous
q13-141_mean_n0012_s24,continuous
q13-141_std_n0012_s24,continuous
q13-141_trend_n0012_s24,continuous
qes-84.01_prop_positive_n0004_s03,continuous
qes-84.01_prop_shifts_n0004_s03,continuous
q2-4ac_mode_n0009_s23,categorical_nominal
q2-4ac_entropy_n0009_s23,continuous
q9-62_prop_positive_n0003_s04,continuous
q9-62_prop_shifts_n0003_s04,continuous
q13-146g_mean_n0003_s06,continuous
q13-146g_std_n0003_s06,continuous
q13-146g_trend_n0003_s06,continuous
ds-2_prop_positive_n0003_s06,continuous
ds-2_prop_shifts_n0003_s06,continuous
ds-16_mean_n0003_s06,continuous
ds-16_std_n0003_s06,continuous
ds-16_trend_n0003_s06,continuous
ds-21_prop_positive_n0003_s06,continuous
ds-21_prop_shifts_n0003_s06,continuous
ds-22_prop_positive_n0003_s06,continuous
ds-22_prop_shifts_n0003_s06,continuous
ds-23_prop_positive_n0003_s06,continuous
ds-23_prop_shifts_n0003_s06,continuous
ds-24_prop_positive_n0003_s06,continuous
ds-24_prop_shifts_n0003_s06,continuous
ds-25_prop_positive_n0003_s06,continuous
ds-25_prop_shifts_n0003_s06,continuous
ds-26_prop_positive_n0003_s06,continuous
ds-26_prop_shifts_n0003_s06,continuous
ds-27_prop_positive_n0003_s06,continuous
ds-27_prop_shifts_n0003_s06,continuous
ds-28_prop_positive_n0003_s06,continuous
ds-28_prop_shifts_n0003_s06,continuous
ds-29_prop_positive_n0003_s06,continuous
ds-29_prop_shifts_n0003_s06,continuous
ds-30_prop_positive_n0003_s06,continuous
ds-30_prop_shifts_n0003_s06,continuous
ds-31_prop_shifts_n0003_s06,continuous
hh-time_mean_n0005_s09,continuous
hh-time_std_n0005_s09,continuous
hh-time_trend_n0005_s09,continuous
curdate~y_mean_n0012_s21,continuous
curdate~y_std_n0012_s21,continuous
curdate~y_trend_n0012_s21,continuous
hh5-1_prop_positive_n0011_s21,continuous
hh5-1_prop_shifts_n0011_s21,continuous
hh5-9_prop_positive_n0003_s07,continuous
hh5-9_prop_shifts_n0003_s07,continuous
hh5-11_prop_positive_n0005_s07,continuous
hh5-11_prop_shifts_n0005_s07,continuous
q1-time_mean_n0006_s09,continuous
q1-time_std_n0006_s09,continuous
q1-time_trend_n0006_s09,continuous
q1-2_mean_n0012_s21,continuous
q1-2_std_n0012_s21,continuous
q1-2_trend_n0012_s21,continuous
q2-4_g2_prop_shifts_n0004_s05,continuous
q4-d_prop_positive_n0006_s21,continuous
q4-d_prop_shifts_n0006_s21,continuous
q4-c_prop_positive_n0012_s21,continuous
q4-c_prop_shifts_n0012_s21,continuous
q4-1a_prop_positive_n0007_s11,continuous
q4-1a_prop_shifts_n0007_s11,continuous
q4-16_g2_prop_shifts_n0012_s21,continuous
anydli_prop_positive_n0008_s17,continuous
anydli_prop_shifts_n0008_s17,continuous
q6-23c_prop_shifts_n0008_s21,continuous
q6-23d_prop_shifts_n0008_s21,continuous
q6-23e_prop_positive_n0008_s21,continuous
q6-23e_prop_shifts_n0008_s21,continuous
q6-23j_prop_positive_n0003_s15,continuous
q6-23j_prop_shifts_n0003_s15,continuous
cps-q5-jump_prop_shifts_n0005_s13,continuous
qes-4b.01_mean_n0003_s03,continuous
qes-4b.01_std_n0003_s03,continuous
qes-4b.01_trend_n0003_s03,continuous
employer_empprevid.01_mean_n0003_s17,continuous
employer_empprevid.01_std_n0003_s17,continuous
employer_empprevid.01_trend_n0003_s17,continuous
q8-2.01_prop_positive_n0005_s07,continuous
q8-2.01_prop_shifts_n0005_s07,continuous
q8-4.01_prop_positive_n0012_s21,continuous
q8-4.01_prop_shifts_n0012_s21,continuous
q8-19_prop_positive_n0005_s07,continuous
q8-19_prop_shifts_n0005_s07,continuous
q8-35_prop_positive_n0003_s03,continuous
q8-35_prop_shifts_n0003_s03,continuous
q11-80b~000001_prop_positive_n0009_s21,continuous
q11-80b~000001_prop_shifts_n0009_s21,continuous
q11-80b~000002_prop_positive_n0008_s20,continuous
q11-80b~000002_prop_shifts_n0008_s20,continuous
q11-80b~000003_prop_positive_n0008_s20,continuous
q11-80b~000003_prop_shifts_n0008_s20,continuous
q11-80b~000004_prop_positive_n0008_s20,continuous
q11-80b~000004_prop_shifts_n0008_s20,continuous
q11-80b~000005_prop_positive_n0005_s20,continuous
q11-80b~000005_prop_shifts_n0005_s20,continuous
q11-80b~000006_prop_positive_n0008_s20,continuous
q11-80b~000006_prop_shifts_n0008_s20,continuous
q11-80b~000007_prop_positive_n0008_s20,continuous
q11-80b~000007_prop_shifts_n0008_s20,continuous
q13-8_prop_positive_n0012_s21,continuous
q13-8_prop_shifts_n0012_s21,continuous
q13u-43a_prop_positive_n0004_s05,continuous
q13u-43a_prop_shifts_n0004_s05,continuous
q13-33_prop_positive_n0010_s21,continuous
q13-33_prop_shifts_n0010_s21,continuous
q13-35_prop_positive_n0003_s03,continuous
q13-35_prop_shifts_n0003_s03,continuous
q13-136_mean_n0003_s03,continuous
q13-136_std_n0003_s03,continuous
q13-136_trend_n0003_s03,continuous
q13-136_revised_mean_n0003_s03,continuous
q13-136_revised_std_n0003_s03,continuous
q13-136_revised_trend_n0003_s03,continuous
risk-income-1_prop_positive_n0005_s17,continuous
risk-income-1_prop_shifts_n0005_s17,continuous
q15-11_prop_positive_n0012_s21,continuous
q15-11_prop_shifts_n0012_s21,continuous
lintdate~m_mode_n0010_s18,categorical_nominal
lintdate~m_entropy_n0010_s18,continuous
lintdate~y_mean_n0011_s19,continuous
lintdate~y_std_n0011_s19,continuous
lintdate~y_trend_n0011_s19,continuous
lintyear_mean_n0004_s05,continuous
lintyear_std_n0004_s05,continuous
lintyear_trend_n0004_s05,continuous
bintyear_mean_n0004_s05,continuous
bintyear_std_n0004_s05,continuous
bintyear_trend_n0004_s05,continuous
numkids_mean_n0003_s03,continuous
numkids_std_n0003_s03,continuous
numkids_trend_n0003_s03,continuous
traincode1_mean_n0003_s03,continuous
traincode1_std_n0003_s03,continuous
traincode1_trend_n0003_s03,continuous
omarcode_mean_n0004_s05,continuous
omarcode_std_n0004_s05,continuous
omarcode_trend_n0004_s05,continuous
odipged_prop_positive_n0004_s05,continuous
odipged_prop_shifts_n0004_s05,continuous
hhi_final_fu_g2_mode_n0011_s19,categorical_nominal
hhi_final_fu_g2_entropy_n0011_s19,continuous
employer_stopdate.01~m_mode_n0011_s19,categorical_nominal
employer_stopdate.01~m_entropy_n0011_s19,continuous
employer_stopdate.01~y_mean_n0011_s19,continuous
employer_stopdate.01~y_std_n0011_s19,continuous
employer_stopdate.01~y_trend_n0011_s19,continuous
curdate~m_g2_mode_n0011_s20,categorical_nominal
curdate~m_g2_entropy_n0011_s20,continuous
q2-48_mean_n0011_s20,continuous
q2-48_std_n0011_s20,continuous
q2-48_trend_n0011_s20,continuous
q4-21_prop_shifts_n0011_s20,continuous
q5-1_prop_positive_n0004_s12,continuous
q5-1_prop_shifts_n0004_s12,continuous
q5-2_mean_n0004_s12,continuous
q5-2_std_n0004_s12,continuous
q5-2_trend_n0004_s12,continuous
q5-89a_mean_n0003_s06,continuous
q5-89a_std_n0003_s06,continuous
q5-89a_trend_n0003_s06,continuous
q5-91c_prop_positive_n0004_s12,continuous
q5-91c_prop_shifts_n0004_s12,continuous
hours_worked_week_all.01_mean_n0010_s18,continuous
hours_worked_week_all.01_std_n0010_s18,continuous
hours_worked_week_all.01_trend_n0010_s18,continuous
qes-52b.01_mean_n0004_s06,continuous
qes-52b.01_std_n0004_s06,continuous
qes-52b.01_trend_n0004_s06,continuous
qes-53b.01_prop_positive_n0004_s06,continuous
qes-53b.01_prop_shifts_n0004_s06,continuous
qes-54b.01_prop_positive_n0003_s06,continuous
qes-54b.01_prop_shifts_n0003_s06,continuous
qes-55a.01_prop_positive_n0004_s06,continuous
qes-55a.01_prop_shifts_n0004_s06,continuous
indall-emp.01_mean_n0010_s18,continuous
indall-emp.01_std_n0010_s18,continuous
indall-emp.01_trend_n0010_s18,continuous
occall-emp.01_mode_n0010_s18,categorical_nominal
occall-emp.01_entropy_n0010_s18,continuous
cowall-emp.01_mode_n0009_s18,categorical_nominal
cowall-emp.01_entropy_n0009_s18,continuous
qes-56l.01_prop_positive_n0004_s06,continuous
qes-56l.01_prop_shifts_n0004_s06,continuous
qes-57b.01_mean_n0003_s04,continuous
qes-57b.01_std_n0003_s04,continuous
qes-57b.01_trend_n0003_s04,continuous
qes-71b.01_prop_positive_n0004_s06,continuous
qes-71b.01_prop_shifts_n0004_s06,continuous
qes-71g.01_mean_n0004_s06,continuous
qes-71g.01_std_n0004_s06,continuous
qes-71g.01_trend_n0004_s06,continuous
qes-84a.01_prop_positive_n0010_s18,continuous
qes-84a.01_prop_shifts_n0010_s18,continuous
qes-84c.01_mode_n0006_s10,categorical_nominal
qes-84c.01_entropy_n0006_s10,continuous
qes-84e.01_prop_positive_n0004_s06,continuous
qes-84e.01_prop_shifts_n0004_s06,continuous
qes-84f.01_prop_positive_n0004_s06,continuous
qes-84f.01_prop_shifts_n0004_s06,continuous
qes-84g.01_prop_positive_n0004_s06,continuous
qes-84g.01_prop_shifts_n0004_s06,continuous
qes-84i.01_prop_positive_n0004_s06,continuous
qes-84i.01_prop_shifts_n0004_s06,continuous
qes-84j.01_prop_positive_n0004_s06,continuous
qes-84j.01_prop_shifts_n0004_s06,continuous
qes-84k.01_prop_positive_n0004_s06,continuous
qes-84k.01_prop_shifts_n0004_s06,continuous
qes-84l.01_prop_positive_n0003_s04,continuous
qes-84l.01_prop_shifts_n0003_s04,continuous
qes-84m.01_prop_positive_n0003_s04,continuous
qes-84m.01_prop_shifts_n0003_s04,continuous
qes-84p.01_prop_positive_n0004_s06,continuous
qes-84p.01_prop_shifts_n0004_s06,continuous
qes-firmsz1.01_prop_positive_n0004_s06,continuous
qes-firmsz1.01_prop_shifts_n0004_s06,continuous
qes-firmsz2.01_mean_n0004_s06,continuous
qes-firmsz2.01_std_n0004_s06,continuous
qes-firmsz2.01_trend_n0004_s06,continuous
qes-firmsz4.01_prop_positive_n0004_s06,continuous
qes-firmsz4.01_prop_shifts_n0004_s06,continuous
qes-86a.01_mean_n0004_s06,continuous
qes-86a.01_std_n0004_s06,continuous
qes-86a.01_trend_n0004_s06,continuous
qes-87.01_mode_n0006_s10,categorical_nominal
qes-87.01_entropy_n0006_s10,continuous
qes-89.01_mean_n0010_s18,continuous
qes-89.01_std_n0010_s18,continuous
qes-89.01_trend_n0010_s18,continuous
qes-90.01_prop_positive_n0004_s06,continuous
qes-90.01_prop_shifts_n0004_s06,continuous
q9-61_prop_positive_n0005_s18,continuous
q9-61_prop_shifts_n0005_s18,continuous
q9-62a_prop_shifts_n0008_s18,continuous
q9-62b_prop_positive_n0011_s20,continuous
q9-62b_prop_shifts_n0011_s20,continuous
q9-62c_prop_positive_n0011_s20,continuous
q9-62c_prop_shifts_n0011_s20,continuous
q11-81a_prop_positive_n0008_s20,continuous
q11-81a_prop_shifts_n0008_s20,continuous
q13u-b_prop_shifts_n0003_s04,continuous
q13u-7_prop_positive_n0003_s04,continuous
q13u-7_prop_shifts_n0003_s04,continuous
q13u-9_prop_shifts_n0003_s04,continuous
q13u-16_prop_positive_n0003_s04,continuous
q13u-16_prop_shifts_n0003_s04,continuous
q13-32_prop_positive_n0011_s20,continuous
q13-32_prop_shifts_n0011_s20,continuous
q13-33t_prop_positive_n0011_s20,continuous
q13-33t_prop_shifts_n0011_s20,continuous
q13a-9_prop_shifts_n0003_s04,continuous
q13a-16_prop_positive_n0003_s04,continuous
q13a-16_prop_shifts_n0003_s04,continuous
q13f-a_prop_positive_n0009_s20,continuous
q13f-a_prop_shifts_n0009_s20,continuous
q13f-b_prop_positive_n0011_s20,continuous
q13f-b_prop_shifts_n0011_s20,continuous
q13f-7_prop_positive_n0003_s04,continuous
q13f-7_prop_shifts_n0003_s04,continuous
q13f-16_prop_positive_n0003_s04,continuous
q13f-16_prop_shifts_n0003_s04,continuous
q13-123_prop_positive_n0004_s06,continuous
q13-123_prop_shifts_n0004_s06,continuous
q13-123b_prop_positive_n0004_s06,continuous
q13-123b_prop_shifts_n0004_s06,continuous
q13-123d_prop_positive_n0004_s06,continuous
q13-123d_prop_shifts_n0004_s06,continuous
q13-145a_mean_n0011_s20,continuous
q13-145a_std_n0011_s20,continuous
q13-145a_trend_n0011_s20,continuous
qend-time_mean_n0006_s10,continuous
qend-time_std_n0006_s10,continuous
qend-time_trend_n0006_s10,continuous
qes-firmsz7.01_prop_positive_n0003_s04,continuous
qes-firmsz7.01_prop_shifts_n0003_s04,continuous
qes-respons37.01_mean_n0003_s04,continuous
qes-respons37.01_std_n0003_s04,continuous
qes-respons37.01_trend_n0003_s04,continuous
qes-promo38.01_prop_positive_n0003_s04,continuous
qes-promo38.01_prop_shifts_n0003_s04,continuous
qes-paymt60a.01~000001_prop_shifts_n0003_s04,continuous
qes-paymt60a.01~000002_prop_positive_n0003_s04,continuous
qes-paymt60a.01~000002_prop_shifts_n0003_s04,continuous
qes-paymt60a.01~000003_prop_positive_n0003_s04,continuous
qes-paymt60a.01~000003_prop_shifts_n0003_s04,continuous
qes-paymt60a.01~000004_prop_positive_n0003_s04,continuous
qes-paymt60a.01~000004_prop_shifts_n0003_s04,continuous
qes-paymt60a.01~000005_prop_shifts_n0003_s04,continuous
qes-paymt60a.01~000006_prop_positive_n0003_s04,continuous
qes-paymt60a.01~000006_prop_shifts_n0003_s04,continuous
qes-paymt60a.01~000000_prop_positive_n0003_s04,continuous
qes-paymt60a.01~000000_prop_shifts_n0003_s04,continuous
qes-paymt69.01~y_mean_n0003_s04,continuous
qes-paymt69.01~y_std_n0003_s04,continuous
qes-paymt69.01~y_trend_n0003_s04,continuous
qes-paymt69bb.01_prop_positive_n0003_s04,continuous
qes-paymt69bb.01_prop_shifts_n0003_s04,continuous
qes-88a.01_prop_positive_n0003_s04,continuous
qes-88a.01_prop_shifts_n0003_s04,continuous
q8-35c.01_prop_positive_n0003_s04,continuous
q8-35c.01_prop_shifts_n0003_s04,continuous
q8-36b.01~y_mean_n0003_s04,continuous
q8-36b.01~y_std_n0003_s04,continuous
q8-36b.01~y_trend_n0003_s04,continuous
q8-40d.01_prop_positive_n0009_s16,continuous
q8-40d.01_prop_shifts_n0009_s16,continuous
q9-64h_mean_n0003_s04,continuous
q9-64h_std_n0003_s04,continuous
q9-64h_trend_n0003_s04,continuous
q11-12b_prop_positive_n0003_s04,continuous
q11-12b_prop_shifts_n0003_s04,continuous
sparmar-1_prop_positive_n0009_s16,continuous
sparmar-1_prop_shifts_n0009_s16,continuous
q6-23a.01_prop_shifts_n0003_s04,continuous
q6-23ba.01_prop_positive_n0003_s04,continuous
q6-23ba.01_prop_shifts_n0003_s04,continuous
q6-23c.01_prop_shifts_n0003_s04,continuous
q6-23d.01_prop_shifts_n0003_s04,continuous
q6-23e.01_prop_positive_n0003_s04,continuous
q6-23e.01_prop_shifts_n0003_s04,continuous
onjs-7300_prop_positive_n0003_s04,continuous
onjs-7300_prop_shifts_n0003_s04,continuous
onjs-7400_prop_shifts_n0003_s04,continuous
onjs-7500_prop_positive_n0003_s04,continuous
onjs-7500_prop_shifts_n0003_s04,continuous
qes-ba_prop_shifts_n0008_s14,continuous
qes-4a.01_prop_positive_n0008_s14,continuous
qes-4a.01_prop_shifts_n0008_s14,continuous
q7-a_prop_positive_n0009_s16,continuous
q7-a_prop_shifts_n0009_s16,continuous
q8-7b.01_prop_positive_n0009_s16,continuous
q8-7b.01_prop_shifts_n0009_s16,continuous
q8-35_a_prop_positive_n0009_s16,continuous
q8-35_a_prop_shifts_n0009_s16,continuous
q8-35a2.01_prop_positive_n0008_s14,continuous
q8-35a2.01_prop_shifts_n0008_s14,continuous
q9-29gd_prop_positive_n0009_s16,continuous
q9-29gd_prop_shifts_n0009_s16,continuous
q9-29rb_prop_positive_n0008_s14,continuous
q9-29rb_prop_shifts_n0008_s14,continuous
q11-1b_prop_positive_n0008_s14,continuous
q11-1b_prop_shifts_n0008_s14,continuous
q11-80f_prop_positive_n0006_s16,continuous
q11-80f_prop_shifts_n0006_s16,continuous
q11-85_prop_positive_n0009_s16,continuous
q11-85_prop_shifts_n0009_s16,continuous
q13-33ta_prop_positive_n0009_s16,continuous
q13-33ta_prop_shifts_n0009_s16,continuous
wr-5_prop_positive_n0009_s16,continuous
wr-5_prop_shifts_n0009_s16,continuous
employer_id.01_mean_n0003_s08,continuous
employer_id.01_std_n0003_s08,continuous
employer_id.01_trend_n0003_s08,continuous
employer_cpsflag.01_prop_positive_n0008_s14,continuous
employer_cpsflag.01_prop_shifts_n0008_s14,continuous
employer_dliflag.01_prop_positive_n0004_s06,continuous
employer_dliflag.01_prop_shifts_n0004_s06,continuous
employer_pdliflag.01_prop_shifts_n0003_s04,continuous
migr-1_prop_positive_n0008_s14,continuous
migr-1_prop_shifts_n0008_s14,continuous
q8-1e.01_prop_shifts_n0008_s14,continuous
q8-35be.01_prop_positive_n0007_s12,continuous
q8-35be.01_prop_shifts_n0007_s12,continuous
q2-11_prop_positive_n0008_s14,continuous
q2-11_prop_shifts_n0008_s14,continuous
q9-64fb_prop_shifts_n0008_s14,continuous
q11-1aaa_prop_positive_n0008_s14,continuous
q11-1aaa_prop_shifts_n0008_s14,continuous
q13recip-1_prop_shifts_n0008_s14,continuous
q13recip-2_mean_n0008_s14,continuous
q13recip-2_std_n0008_s14,continuous
q13recip-2_trend_n0008_s14,continuous
q13-31a_prop_positive_n0008_s14,continuous
q13-31a_prop_shifts_n0008_s14,continuous
q13recip-4~000001_prop_positive_n0008_s14,continuous
q13recip-4~000001_prop_shifts_n0008_s14,continuous
q13recip-4~000002_prop_positive_n0008_s14,continuous
q13recip-4~000002_prop_shifts_n0008_s14,continuous
q13recip-4~000003_prop_positive_n0008_s14,continuous
q13recip-4~000003_prop_shifts_n0008_s14,continuous
q13recip-4~000004_prop_positive_n0008_s14,continuous
q13recip-4~000004_prop_shifts_n0008_s14,continuous
q13recip-4a_prop_shifts_n0008_s14,continuous
q13recip-4b_prop_positive_n0008_s14,continuous
q13recip-4b_prop_shifts_n0008_s14,continuous
q13a-aa_prop_shifts_n0008_s14,continuous
q13a-bb_prop_positive_n0008_s14,continuous
q13a-bb_prop_shifts_n0008_s14,continuous
q13recip-5_prop_positive_n0008_s14,continuous
q13recip-5_prop_shifts_n0008_s14,continuous
q13recip-5a_prop_shifts_n0008_s14,continuous
q13-127a_prop_shifts_n0004_s12,continuous
q13-jtown-any-1_prop_positive_n0004_s12,continuous
q13-jtown-any-1_prop_shifts_n0004_s12,continuous
q13-jtown-any-2_prop_shifts_n0004_s12,continuous
q13-jtown-any-3_prop_shifts_n0004_s12,continuous
q13-jtown-any-4_prop_shifts_n0004_s12,continuous
q13-fjt-1_a1_prop_shifts_n0004_s12,continuous
q13-fjt-1_b_prop_shifts_n0004_s12,continuous
q13-fjt-1d_prop_shifts_n0004_s12,continuous
q13-bppjt-1_a1_prop_shifts_n0004_s12,continuous
q13-bppjt-1_b_prop_positive_n0004_s12,continuous
q13-bppjt-1_b_prop_shifts_n0004_s12,continuous
q13-bppjt-1d_prop_positive_n0004_s12,continuous
q13-bppjt-1d_prop_shifts_n0004_s12,continuous
q13-rejt-1_a1_prop_positive_n0004_s12,continuous
q13-rejt-1_a1_prop_shifts_n0004_s12,continuous
q13-rejt-1d_prop_shifts_n0004_s12,continuous
q13-jtown-5_prop_positive_n0004_s12,continuous
q13-jtown-5_prop_shifts_n0004_s12,continuous
q13-jtown-6_prop_positive_n0004_s12,continuous
q13-jtown-6_prop_shifts_n0004_s12,continuous
q13-jtown-7_prop_positive_n0004_s12,continuous
q13-jtown-7_prop_shifts_n0004_s12,continuous
symbol_diplomaged_prop_positive_n0008_s14,continuous
symbol_diplomaged_prop_shifts_n0008_s14,continuous
symbol_num_training_programs_mean_n0008_s14,continuous
symbol_num_training_programs_std_n0008_s14,continuous
symbol_num_training_programs_trend_n0008_s14,continuous
symbol_marcodedli_mean_n0008_s14,continuous
symbol_marcodedli_std_n0008_s14,continuous
symbol_marcodedli_trend_n0008_s14,continuous
urban-rural_g2_mode_n0008_s14,categorical_nominal
urban-rural_g2_entropy_n0008_s14,continuous
symbol_afdc_prop_positive_n0008_s14,continuous
symbol_afdc_prop_shifts_n0008_s14,continuous
symbol_ssi_prop_positive_n0005_s08,continuous
symbol_ssi_prop_shifts_n0005_s08,continuous
symbol_prev_lintdate~m_mode_n0005_s08,categorical_nominal
symbol_prev_lintdate~m_entropy_n0005_s08,continuous
symbol_prev_lintdate~y_mean_n0005_s08,continuous
symbol_prev_lintdate~y_std_n0005_s08,continuous
symbol_prev_lintdate~y_trend_n0005_s08,continuous
symbol_paflag_prop_positive_n0005_s08,continuous
symbol_paflag_prop_shifts_n0005_s08,continuous
gen_init14a_prop_positive_n0004_s06,continuous
gen_init14a_prop_shifts_n0004_s06,continuous
q2-ch-1_prop_positive_n0004_s06,continuous
q2-ch-1_prop_shifts_n0004_s06,continuous
q2-6c_prop_positive_n0007_s12,continuous
q2-6c_prop_shifts_n0007_s12,continuous
q2-10a_prop_positive_n0007_s12,continuous
q2-10a_prop_shifts_n0007_s12,continuous
qes-parse.01_mean_n0006_s10,continuous
qes-parse.01_std_n0006_s10,continuous
qes-parse.01_trend_n0006_s10,continuous
qes-25j.01_mean_n0006_s10,continuous
qes-25j.01_std_n0006_s10,continuous
qes-25j.01_trend_n0006_s10,continuous
ses-52a_chk.01_mode_n0006_s10,categorical_nominal
ses-52a_chk.01_entropy_n0006_s10,continuous
ses-56e_chk1.01_mode_n0004_s06,categorical_nominal
ses-56e_chk1.01_entropy_n0004_s06,continuous
qes-56chk.01_mean_n0004_s06,continuous
qes-56chk.01_std_n0004_s06,continuous
qes-56chk.01_trend_n0004_s06,continuous
qes-86a_0.01_prop_positive_n0006_s10,continuous
qes-86a_0.01_prop_shifts_n0006_s10,continuous
ses-89a.01_mode_n0004_s06,categorical_nominal
ses-89a.01_entropy_n0004_s06,continuous
q8-7a.01_prop_positive_n0007_s12,continuous
q8-7a.01_prop_shifts_n0007_s12,continuous
q9-64gb_4_prop_positive_n0007_s12,continuous
q9-64gb_4_prop_shifts_n0007_s12,continuous
q9-67a_prop_positive_n0007_s12,continuous
q9-67a_prop_shifts_n0007_s12,continuous
q11-genhlth_1b_prop_positive_n0007_s12,continuous
q11-genhlth_1b_prop_shifts_n0007_s12,continuous
q11-genhlth_2b_prop_positive_n0007_s12,continuous
q11-genhlth_2b_prop_shifts_n0007_s12,continuous
q11-genhlth_4a_mean_n0007_s12,continuous
q11-genhlth_4a_std_n0007_s12,continuous
q11-genhlth_4a_trend_n0007_s12,continuous
q11-genhlth_5a_prop_positive_n0003_s04,continuous
q11-genhlth_5a_prop_shifts_n0003_s04,continuous
q11-genhlth_6a_mean_n0007_s12,continuous
q11-genhlth_6a_std_n0007_s12,continuous
q11-genhlth_6a_trend_n0007_s12,continuous
q11-genhlth_7a_mean_n0007_s12,continuous
q11-genhlth_7a_std_n0007_s12,continuous
q11-genhlth_7a_trend_n0007_s12,continuous
q11-genhlth_7b_mean_n0007_s12,continuous
q11-genhlth_7b_std_n0007_s12,continuous
q11-genhlth_7b_trend_n0007_s12,continuous
q13-5_trunc_mean_n0007_s12,continuous
q13-5_trunc_std_n0007_s12,continuous
q13-5_trunc_trend_n0007_s12,continuous
q13-69_vet_prop_shifts_n0007_s12,continuous
q13-69_dis_prop_positive_n0007_s12,continuous
q13-69_dis_prop_shifts_n0007_s12,continuous
q13-69_ss_prop_positive_n0007_s12,continuous
q13-69_ss_prop_shifts_n0007_s12,continuous
q13-73b_prop_shifts_n0007_s12,continuous
q13-145_chk1_prop_positive_n0006_s10,continuous
q13-145_chk1_prop_shifts_n0006_s10,continuous
q6-23a_prop_shifts_n0006_s10,continuous
q6-23ba_prop_positive_n0006_s10,continuous
q6-23ba_prop_shifts_n0006_s10,continuous
q11-genhlth_1a_1_mean_n0006_s10,continuous
q11-genhlth_1a_1_std_n0006_s10,continuous
q11-genhlth_1a_1_trend_n0006_s10,continuous
q11-genhlth_2a_1_mean_n0006_s10,continuous
q11-genhlth_2a_1_std_n0006_s10,continuous
q11-genhlth_2a_1_trend_n0006_s10,continuous
q11-genhlth_3a_1_mean_n0006_s10,continuous
q11-genhlth_3a_1_std_n0006_s10,continuous
q11-genhlth_3a_1_trend_n0006_s10,continuous
sc_1_prop_positive_n0003_s08,continuous
sc_1_prop_shifts_n0003_s08,continuous
fa_1_prop_positive_n0003_s08,continuous
fa_1_prop_shifts_n0003_s08,continuous
fa_2_prop_positive_n0003_s08,continuous
fa_2_prop_shifts_n0003_s08,continuous
fa_3_prop_positive_n0003_s08,continuous
fa_3_prop_shifts_n0003_s08,continuous
fa_4_prop_positive_n0003_s08,continuous
fa_4_prop_shifts_n0003_s08,continuous
fa_5_prop_positive_n0003_s08,continuous
fa_5_prop_shifts_n0003_s08,continuous
fa_6b_prop_positive_n0003_s08,continuous
fa_6b_prop_shifts_n0003_s08,continuous
fa_8_prop_positive_n0003_s08,continuous
fa_8_prop_shifts_n0003_s08,continuous
fa_9_prop_positive_n0003_s08,continuous
fa_9_prop_shifts_n0003_s08,continuous
fa_10_prop_shifts_n0003_s08,continuous
fa_11_prop_positive_n0003_s08,continuous
fa_11_prop_shifts_n0003_s08,continuous
nfa_1_prop_positive_n0003_s08,continuous
nfa_1_prop_shifts_n0003_s08,continuous
nfa_2_prop_positive_n0003_s08,continuous
nfa_2_prop_shifts_n0003_s08,continuous
nfa_4_prop_positive_n0003_s08,continuous
nfa_4_prop_shifts_n0003_s08,continuous
nfa_4a_prop_positive_n0003_s08,continuous
nfa_4a_prop_shifts_n0003_s08,continuous
nfa_4b_mean_n0003_s08,continuous
nfa_4b_std_n0003_s08,continuous
nfa_4b_trend_n0003_s08,continuous
nfa_4e.01_prop_positive_n0003_s08,continuous
nfa_4e.01_prop_shifts_n0003_s08,continuous
nfa_5_prop_positive_n0003_s08,continuous
nfa_5_prop_shifts_n0003_s08,continuous
nfa_6_prop_positive_n0003_s08,continuous
nfa_6_prop_shifts_n0003_s08,continuous
nfa_7_prop_positive_n0003_s08,continuous
nfa_7_prop_shifts_n0003_s08,continuous
debt_1_prop_positive_n0005_s10,continuous
debt_1_prop_shifts_n0005_s10,continuous
debt_2_prop_positive_n0005_s10,continuous
debt_2_prop_shifts_n0005_s10,continuous
debt_2b_prop_positive_n0005_s10,continuous
debt_2b_prop_shifts_n0005_s10,continuous
debt_2c_prop_positive_n0005_s10,continuous
debt_2c_prop_shifts_n0005_s10,continuous
debt_3_prop_positive_n0005_s10,continuous
debt_3_prop_shifts_n0005_s10,continuous
debt_4_prop_positive_n0005_s10,continuous
debt_4_prop_shifts_n0005_s10,continuous
ps-1_prop_positive_n0005_s10,continuous
ps-1_prop_shifts_n0005_s10,continuous
ps-2_mean_n0005_s10,continuous
ps-2_std_n0005_s10,continuous
ps-2_trend_n0005_s10,continuous
ps-3_prop_positive_n0005_s10,continuous
ps-3_prop_shifts_n0005_s10,continuous
ps-4_prop_positive_n0005_s10,continuous
ps-4_prop_shifts_n0005_s10,continuous
q15-any_sibs_prop_positive_n0003_s04,continuous
q15-any_sibs_prop_shifts_n0003_s04,continuous
symbol_lintyear_mean_n0006_s10,continuous
symbol_lintyear_std_n0006_s10,continuous
symbol_lintyear_trend_n0006_s10,continuous
symbol_resp_gender_prop_positive_n0006_s10,continuous
symbol_resp_gender_prop_shifts_n0006_s10,continuous
symbol_marcode_mean_n0006_s10,continuous
symbol_marcode_std_n0006_s10,continuous
symbol_marcode_trend_n0006_s10,continuous
symbol_oldmarcode_mean_n0006_s10,continuous
symbol_oldmarcode_std_n0006_s10,continuous
symbol_oldmarcode_trend_n0006_s10,continuous
employer_curflag.01_prop_positive_n0005_s08,continuous
employer_curflag.01_prop_shifts_n0005_s08,continuous
symbol_chsupt_award_prop_positive_n0003_s04,continuous
symbol_chsupt_award_prop_shifts_n0003_s04,continuous
symbol_militaryflag_prop_shifts_n0006_s10,continuous
symbol_entry_asst_mode_n0006_s10,categorical_nominal
symbol_entry_asst_entropy_n0006_s10,continuous
symbol_entry_bus_prop_positive_n0006_s10,continuous
symbol_entry_bus_prop_shifts_n0006_s10,continuous
symbol_entry_chsupt_mode_n0006_s10,categorical_nominal
symbol_entry_chsupt_entropy_n0006_s10,continuous
symbol_entry_ed_prop_positive_n0006_s10,continuous
symbol_entry_ed_prop_shifts_n0006_s10,continuous
symbol_entry_eitc_prop_positive_n0006_s10,continuous
symbol_entry_eitc_prop_shifts_n0006_s10,continuous
symbol_entry_inher_prop_positive_n0006_s10,continuous
symbol_entry_inher_prop_shifts_n0006_s10,continuous
symbol_entry_mil_prop_positive_n0006_s10,continuous
symbol_entry_mil_prop_shifts_n0006_s10,continuous
symbol_entry_othhh_prop_positive_n0006_s10,continuous
symbol_entry_othhh_prop_shifts_n0006_s10,continuous
symbol_entry_othr_prop_positive_n0006_s10,continuous
symbol_entry_othr_prop_shifts_n0006_s10,continuous
symbol_entry_wage_mode_n0006_s10,categorical_nominal
symbol_entry_wage_entropy_n0006_s10,continuous
nfa_4d_3.01_mean_n0003_s08,continuous
nfa_4d_3.01_std_n0003_s08,continuous
nfa_4d_3.01_trend_n0003_s08,continuous
consent-1200_entropy_n0005_s08,continuous
consent-1220_trend_n0005_s08,continuous
q11-asthma-chk1_prop_positive_n0003_s04,continuous
q11-asthma-chk1_prop_shifts_n0003_s04,continuous
q11-10_a_mean_n0005_s08,continuous
q11-10_a_std_n0005_s08,continuous
q11-10_a_trend_n0005_s08,continuous
q11-10_b_mean_n0005_s08,continuous
q11-10_b_std_n0005_s08,continuous
q11-10_b_trend_n0005_s08,continuous
q15-proxy1_prop_shifts_n0005_s08,continuous
past_calendar_year_mean_n0005_s08,continuous
past_calendar_year_std_n0005_s08,continuous
past_calendar_year_trend_n0005_s08,continuous
q3-4a_prop_positive_n0004_s06,continuous
q3-4a_prop_shifts_n0004_s06,continuous
q3-5_prop_shifts_n0004_s06,continuous
q3-5c_mean_n0004_s06,continuous
q3-5c_std_n0004_s06,continuous
q3-5c_trend_n0004_s06,continuous
q3-10d_mean_n0003_s04,continuous
q3-10d_std_n0003_s04,continuous
q3-10d_trend_n0003_s04,continuous
q3-10e~m_mode_n0003_s04,categorical_nominal
q3-10e~m_entropy_n0003_s04,continuous
q3-10e~y_mean_n0003_s04,continuous
q3-10e~y_std_n0003_s04,continuous
q3-10e~y_trend_n0003_s04,continuous
q3-10e_chk1_prop_positive_n0003_s04,continuous
q3-10e_chk1_prop_shifts_n0003_s04,continuous
q8-35b-b.01_prop_positive_n0003_s04,continuous
q8-35b-b.01_prop_shifts_n0003_s04,continuous
q9-30a.01_trend_n0004_s06,continuous
q11-care-1_prop_positive_n0004_s06,continuous
q11-care-1_prop_shifts_n0004_s06,continuous
q11-care-4_prop_positive_n0004_s06,continuous
q11-care-4_prop_shifts_n0004_s06,continuous
q11-genhlth_1a_2_mean_n0004_s06,continuous
q11-genhlth_1a_2_std_n0004_s06,continuous
q11-genhlth_1a_2_trend_n0004_s06,continuous
q11-genhlth_2a_2_mean_n0004_s06,continuous
q11-genhlth_2a_2_std_n0004_s06,continuous
q11-genhlth_2a_2_trend_n0004_s06,continuous
q11-genhlth_3a_2_mean_n0004_s06,continuous
q11-genhlth_3a_2_std_n0004_s06,continuous
q11-genhlth_3a_2_trend_n0004_s06,continuous
q11-genhlth-prv1_prop_positive_n0004_s06,continuous
q11-genhlth-prv1_prop_shifts_n0004_s06,continuous
q11-genhlth-prv2_mean_n0004_s06,continuous
q11-genhlth-prv2_std_n0004_s06,continuous
q11-genhlth-prv2_trend_n0004_s06,continuous
q11-genhlth_4b_prop_positive_n0004_s06,continuous
q11-genhlth_4b_prop_shifts_n0004_s06,continuous
q11-genhlth_4f_prop_positive_n0004_s06,continuous
q11-genhlth_4f_prop_shifts_n0004_s06,continuous
q11-genhlth_5a_1_prop_positive_n0004_s06,continuous
q11-genhlth_5a_1_prop_shifts_n0004_s06,continuous
q11-genhlth_5a_2_mean_n0004_s06,continuous
q11-genhlth_5a_2_std_n0004_s06,continuous
q11-genhlth_5a_2_trend_n0004_s06,continuous
q11-genhlth_5a_3_mean_n0004_s06,continuous
q11-genhlth_5a_3_std_n0004_s06,continuous
q11-genhlth_5a_3_trend_n0004_s06,continuous
q11-genhlth_7c_1_mean_n0004_s06,continuous
q11-genhlth_7c_1_std_n0004_s06,continuous
q11-genhlth_7c_1_trend_n0004_s06,continuous
q11-genhlth_7c_2_prop_positive_n0004_s06,continuous
q11-genhlth_7c_2_prop_shifts_n0004_s06,continuous
q11-genhlth_7d_1_mean_n0004_s06,continuous
q11-genhlth_7d_1_std_n0004_s06,continuous
q11-genhlth_7d_1_trend_n0004_s06,continuous
q11-genhlth_7d_2_prop_positive_n0004_s06,continuous
q11-genhlth_7d_2_prop_shifts_n0004_s06,continuous
q11-genhlth_7e_1_mean_n0004_s06,continuous
q11-genhlth_7e_1_std_n0004_s06,continuous
q11-genhlth_7e_1_trend_n0004_s06,continuous
q11-genhlth_7e_2_prop_positive_n0004_s06,continuous
q11-genhlth_7e_2_prop_shifts_n0004_s06,continuous
q11-genhlth_7f_1_mean_n0004_s06,continuous
q11-genhlth_7f_1_std_n0004_s06,continuous
q11-genhlth_7f_1_trend_n0004_s06,continuous
q11-genhlth_7f_2_prop_positive_n0004_s06,continuous
q11-genhlth_7f_2_prop_shifts_n0004_s06,continuous
q11-86e_prop_positive_n0004_s06,continuous
q11-86e_prop_shifts_n0004_s06,continuous
q11-80b~000008_prop_shifts_n0003_s04,continuous
q11-80b~000009_prop_positive_n0003_s04,continuous
q11-80b~000009_prop_shifts_n0003_s04,continuous
q11-80b~000010_prop_shifts_n0003_s04,continuous
q11-80b~000012_prop_shifts_n0003_s04,continuous
q11-80b-set_prop_shifts_n0004_s06,continuous
q11-hlthpln-3chk_prop_positive_n0004_s06,continuous
q11-hlthpln-3chk_prop_shifts_n0004_s06,continuous
q11-hlthpln-5chk_prop_shifts_n0004_s06,continuous
q11-hlthpln-6chk_prop_positive_n0004_s06,continuous
q11-hlthpln-6chk_prop_shifts_n0004_s06,continuous
q11-hlthpln-7chk_prop_positive_n0004_s06,continuous
q11-hlthpln-7chk_prop_shifts_n0004_s06,continuous
q11-hlthpln-8chk_prop_positive_n0004_s06,continuous
q11-hlthpln-8chk_prop_shifts_n0004_s06,continuous
cig_chk1_prop_positive_n0004_s06,continuous
cig_chk1_prop_shifts_n0004_s06,continuous
q12-chk1_prop_shifts_n0004_s06,continuous
retire_exp_p2_chk2_prop_positive_n0003_s04,continuous
retire_exp_p2_chk2_prop_shifts_n0003_s04,continuous
retire_exp_p2_2~000001_prop_positive_n0004_s06,continuous
retire_exp_p2_2~000001_prop_shifts_n0004_s06,continuous
retire_exp_p2_2~000002_prop_positive_n0004_s06,continuous
retire_exp_p2_2~000002_prop_shifts_n0004_s06,continuous
retire_exp_p2_2~000003_prop_positive_n0004_s06,continuous
retire_exp_p2_2~000003_prop_shifts_n0004_s06,continuous
retire_exp_p2_2~000004_prop_positive_n0004_s06,continuous
retire_exp_p2_2~000004_prop_shifts_n0004_s06,continuous
retire_exp_p2_2~000005_prop_positive_n0004_s06,continuous
retire_exp_p2_2~000005_prop_shifts_n0004_s06,continuous
retire_exp_p2_2~000006_prop_positive_n0004_s06,continuous
retire_exp_p2_2~000006_prop_shifts_n0004_s06,continuous
retire_exp_p2_2~000007_prop_positive_n0004_s06,continuous
retire_exp_p2_2~000007_prop_shifts_n0004_s06,continuous
retire_exp_p2_2~000008_prop_positive_n0004_s06,continuous
retire_exp_p2_2~000008_prop_shifts_n0004_s06,continuous
retire_exp_p2_2~000009_prop_positive_n0004_s06,continuous
retire_exp_p2_2~000009_prop_shifts_n0004_s06,continuous
retire_exp_p2_2~000011_prop_positive_n0004_s06,continuous
retire_exp_p2_2~000011_prop_shifts_n0004_s06,continuous
retire_exp_p2_2~000012_prop_positive_n0004_s06,continuous
retire_exp_p2_2~000012_prop_shifts_n0004_s06,continuous
retire_exp_p2_2~000010_prop_positive_n0004_s06,continuous
retire_exp_p2_2~000010_prop_shifts_n0004_s06,continuous
retire_exp_p2_2a_prop_shifts_n0003_s04,continuous
retire_exp_p2_3b_mean_n0003_s04,continuous
retire_exp_p2_3b_std_n0003_s04,continuous
retire_exp_p2_3b_trend_n0003_s04,continuous
retire_exp_p2_3c_mean_n0003_s04,continuous
retire_exp_p2_3c_std_n0003_s04,continuous
retire_exp_p2_3c_trend_n0003_s04,continuous
retire_exp_p2_3d_mean_n0003_s04,continuous
retire_exp_p2_3d_std_n0003_s04,continuous
retire_exp_p2_3d_trend_n0003_s04,continuous
retire_exp_p2_4a~000001_prop_positive_n0004_s06,continuous
retire_exp_p2_4a~000001_prop_shifts_n0004_s06,continuous
retire_exp_p2_4a~000002_prop_positive_n0004_s06,continuous
retire_exp_p2_4a~000002_prop_shifts_n0004_s06,continuous
retire_exp_p2_4a~000003_prop_positive_n0004_s06,continuous
retire_exp_p2_4a~000003_prop_shifts_n0004_s06,continuous
retire_exp_p2_4a~000004_prop_positive_n0004_s06,continuous
retire_exp_p2_4a~000004_prop_shifts_n0004_s06,continuous
retire_exp_p2_4a~000005_prop_positive_n0004_s06,continuous
retire_exp_p2_4a~000005_prop_shifts_n0004_s06,continuous
retire_exp_p2_4b_prop_positive_n0004_s06,continuous
retire_exp_p2_4b_prop_shifts_n0004_s06,continuous
employer_curflag.02_prop_positive_n0003_s04,continuous
employer_curflag.02_prop_shifts_n0003_s04,continuous
employer_cpsflag.02_prop_shifts_n0003_s04,continuous
curdate_hlthtest1~m_mode_n0003_s04,categorical_nominal
curdate_hlthtest1~m_entropy_n0003_s04,continuous
curdate_hlthtest1~y_mean_n0003_s04,continuous
curdate_hlthtest1~y_std_n0003_s04,continuous
curdate_hlthtest1~y_trend_n0003_s04,continuous
q11-hlthpln-intchk_prop_positive_n0003_s04,continuous
q11-hlthpln-intchk_prop_shifts_n0003_s04,continuous
retire_exp_p2_1a_mode_n0003_s04,categorical_nominal
retire_exp_p2_1a_entropy_n0003_s04,continuous
foreclosure-2_prop_positive_n0003_s04,continuous
foreclosure-2_prop_shifts_n0003_s04,continuous
foreclosure-9_prop_positive_n0003_s04,continuous
foreclosure-9_prop_shifts_n0003_s04,continuous
employer_jobtype.01_mean_n0006_s10,continuous
employer_jobtype.01_std_n0006_s10,continuous
employer_jobtype.01_trend_n0006_s10,continuous
hrs_wo_mean_n1932_s31,continuous
hrs_wo_std_n1932_s31,continuous
hrs_wo_trend_n1932_s31,continuous
status_mode_n1932_s31,categorical_nominal
status_entropy_n1932_s31,continuous
